occ1990,skill1,skill2,skill3,skill4,skill5,skill6,skill7,skill8,skill9,skill10,skill11,skill12,skill13,skill14,skill15,skill16,skill17,skill18,skill19,skill20,skill21,skill22,skill23,skill24,skill25,skill26,skill27,skill28,skill29,skill30,skill31,skill32,skill33,skill34,skill35,knowledge1,knowledge2,knowledge3,knowledge4,knowledge5,knowledge6,knowledge7,knowledge8,knowledge9,knowledge10,knowledge11,knowledge12,knowledge13,knowledge14,knowledge15,knowledge16,knowledge17,knowledge18,knowledge19,knowledge20,knowledge21,knowledge22,knowledge23,knowledge24,knowledge25,knowledge26,knowledge27,knowledge28,knowledge29,knowledge30,knowledge31,knowledge32,knowledge33,work_activity1,work_activity2,work_activity3,work_activity4,work_activity5,work_activity6,work_activity7,work_activity8,work_activity9,work_activity10,work_activity11,work_activity12,work_activity13,work_activity14,work_activity15,work_activity16,work_activity17,work_activity18,work_activity19,work_activity20,work_activity21,work_activity22,work_activity23,work_activity24,work_activity25,work_activity26,work_activity27,work_activity28,work_activity29,work_activity30,work_activity31,work_activity32,work_activity33,work_activity34,work_activity35,work_activity36,work_activity37,work_activity38,work_activity39,work_activity40,work_activity41,Green,Brown,dwocc1990,Green_Brown
4,.55357146,.58000004,.59857142,.57142854,.60714287,.14285715,.16,.14285715,.45499998,.59857142,.46428573,.5,.43785715,.52642858,.43785715,.56214285,.51714289,.26785713,.42857143,.27714288,.57142854,.25,.25928572,.58000004,.14285715,.28571427,.45499998,.58071429,.59857142,.57142854,.57142854,.25928572,.52714288,.14285715,.58000004,.63571429,.37714285,.29642856,.39928573,.27142859,.44714287,.36857143,.53571427,.34999999,.49214286,.47500002,.33642858,.59785712,.21857142,.22928572,.24357143,.33285713,.27071428,.54357147,.45714286,.29357141,.19,.50714284,.27214286,.25214285,.34428573,.43071431,.41857141,.45571429,.40071428,.26071429,.27214286,.38,.61285716,.35142857,.56071424,.64928567,.68142855,.21142858,.57142854,.64285713,.6242857,.44857144,.25857145,.65499997,.50928569,.56357145,.67857146,.59642857,.19857143,.57500005,.32071429,.60785711,.58571428,.66928571,.51142859,.59357142,.21714285,.61071432,.45999998,.22857141,.46428573,.57071429,.54142857,.19642857,.18714285,.55000001,.4992857,.55642855,.49714285,.58499998,.47357142,.59714282,.59642857,0,0,4,Neutral
7,.52952379,.5657143,.55333334,.48809522,.57714289,.14285715,.14285715,.14285715,.42857143,.5657143,.44666666,.46428573,.33333334,.4642857,.4942857,.54190475,.44,.16047619,.33904764,.25619048,.46380952,.22619048,.22666667,.57714289,.14857143,.17285715,.44047618,.47,.5657143,.4642857,.47,.23809524,.48809522,.14285715,.52952379,.53142858,.34,.15238096,.16238095,.14857143,.33714285,.41285715,.48142859,.17619048,.63,.36428571,.19952381,.56523812,.16095237,.14809524,.18190476,.21761905,.20571429,.43190476,.5657143,.1652381,.16619048,.39714286,.17952381,.15761904,.2447619,.33428571,.24619049,.38666666,.25857145,.25047618,.18285714,.20666666,.62857145,.31857142,.52476192,.5795238,.62142855,.2,.47190475,.53095239,.51904762,.47095239,.1547619,.57523811,.44333333,.53476191,.63999999,.50857145,.18761905,.54523808,.25095239,.50476193,.51476192,.62142855,.47809523,.39476192,.16142857,.57476187,.37,.18666667,.34714285,.56666666,.48285714,.1595238,.14428572,.46761903,.44142857,.4747619,.39142859,.51476187,.48238096,.56285715,.63238096,0,0,7,Neutral
8,.54190475,.57714289,.51809525,.52999997,.54809523,.14285715,.14285715,.14285715,.5057143,.56,.50619048,.45809522,.35142857,.54095238,.40476191,.52380949,.48190477,.15476191,.38095239,.25,.5057143,.23809524,.26761904,.5714286,.14285715,.22,.48809522,.53619045,.57714289,.48809522,.4942857,.24380952,.52333331,.15476191,.54809523,.60380954,.40142855,.16666667,.16714285,.16333333,.41333333,.42238095,.54285717,.24428572,.38571429,.53523809,.19714285,.57904762,.1652381,.17142858,.21523809,.19952381,.19619048,.4747619,.43333334,.17285715,.21142857,.62,.25238094,.15714286,.28523809,.43904763,.32952383,.3247619,.36857143,.24190477,.2995238,.19809525,.57904762,.42809525,.59523809,.51190478,.6704762,.22,.55047619,.56999999,.58999997,.51333332,.19142857,.65952379,.39857143,.60000002,.64476192,.59333336,.24761905,.52619052,.25714287,.58190477,.54190475,.62238097,.44809523,.50761902,.20142858,.5795238,.46238095,.22809523,.34380952,.53952384,.59476191,.16952382,.16142857,.58904761,.5,.46285716,.49428573,.52380955,.57476187,.61333334,.58999997,0,0,8,Neutral
3,.55357146,.58000004,.59857142,.57142854,.60714287,.14285715,.16,.14285715,.45499998,.59857142,.46428573,.5,.43785715,.52642858,.43785715,.56214285,.51714289,.26785713,.42857143,.27714288,.57142854,.25,.25928572,.58000004,.14285715,.28571427,.45499998,.58071429,.59857142,.57142854,.57142854,.25928572,.52714288,.14285715,.58000004,.63571429,.37714285,.29642856,.39928573,.27142859,.44714287,.36857143,.53571427,.34999999,.49214286,.47500002,.33642858,.59785712,.21857142,.22928572,.24357143,.33285713,.27071428,.54357147,.45714286,.29357141,.19,.50714284,.27214286,.25214285,.34428573,.43071431,.41857141,.45571429,.40071428,.26071429,.27214286,.38,.61285716,.35142857,.56071424,.64928567,.68142855,.21142858,.57142854,.64285713,.6242857,.44857144,.25857145,.65499997,.50928569,.56357145,.67857146,.59642857,.19857143,.57500005,.32071429,.60785711,.58571428,.66928571,.51142859,.59357142,.21714285,.61071432,.45999998,.22857141,.46428573,.57071429,.54142857,.19642857,.18714285,.55000001,.4992857,.55642855,.49714285,.58499998,.47357142,.59714282,.59642857,0,0,3,Neutral
15,.55428571,.5714286,.53571427,.5714286,.58857143,.14285715,.14285715,.14285715,.51714283,.5714286,.44571429,.4642857,.44571429,.53571427,.39285713,.51714283,.5,.14285715,.5,.26857144,.51714283,.25,.25,.5714286,.14285715,.39285713,.53571427,.55428571,.60714287,.5,.53571427,.2857143,.5714286,.17857143,.5714286,.60428572,.53285712,.35142857,.18714286,.22,.35142857,.52714288,.56,.24142857,.44,.46285716,.22571428,.60000002,.15428571,.16,.20857143,.16428572,.17571428,.5,.44,.20857143,.44571429,.53285712,.21428572,.17,.40142858,.36857143,.4342857,.25857142,.2857143,.29142857,.2742857,.17,.59428573,.41714287,.59857142,.4942857,.65428573,.28,.57714283,.56,.59285712,.65428573,.18714286,.6257143,.46285716,.64285713,.62142855,.61571431,.26857144,.5714286,.33000001,.58857143,.58857143,.62857145,.54428571,.53857142,.18142857,.6257143,.53285712,.2742857,.41142857,.6314286,.56,.17571428,.16428572,.53285712,.5714286,.32428572,.55428571,.50285715,.55428571,.61714286,.64285713,0,0,15,Neutral
197,.50912696,.57428575,.51468253,.52698416,.55904764,.14285715,.14761905,.14285715,.44841269,.52976191,.43420637,.39007938,.37269843,.47222221,.3976984,.50087297,.50190479,.17261904,.40960318,.24484128,.53261906,.24119048,.23809524,.54912698,.14285715,.23087302,.47896826,.56190479,.56952381,.47071427,.48063493,.25595239,.51190478,.14285715,.51666665,.56301588,.43722221,.17769842,.20150794,.18230158,.56730157,.4747619,.57801586,.36190477,.41960317,.43436506,.30785713,.64230156,.26380953,.15365079,.24007937,.30761904,.22896826,.34841269,.44492063,.21579365,.18142857,.39182538,.25,.18912698,.34777778,.37293652,.32595238,.64801586,.31999999,.37158731,.23619047,.27380952,.51476192,.3523016,.48841268,.62,.6388095,.21111111,.52944446,.56261903,.53746033,.45960319,.1984127,.62293649,.44849205,.38380951,.61539686,.51825398,.2313492,.53523809,.25706351,.49246031,.47388887,.58730161,.42555556,.44206348,.26412699,.6111111,.42023811,.26222223,.47880954,.50484127,.46936509,.19293651,.17785713,.51047617,.50611115,.59158731,.36976188,.60976189,.47626984,.5561111,.63507938,.44444445,0,197,Green
19,.44571429,.5714286,.44571429,.55428571,.4642857,.14285715,.17857143,.14285715,.42857143,.44571429,.41142857,.39285713,.39285713,.42857143,.41142857,.44571429,.4642857,.37428573,.39285713,.42857143,.42857143,.19714285,.39285713,.4642857,.14285715,.26857144,.55428571,.58857143,.55428571,.42857143,.39285713,.23142858,.48285714,.2857143,.4642857,.57571429,.5657143,.39285713,.19285715,.43571427,.38571429,.44714287,.70714283,.22428571,.49285713,.41142857,.19571428,.5057143,.17857143,.14428571,.22714286,.25857142,.25857142,.47285715,.40142858,.24428572,.34714285,.49571428,.47714287,.19571428,.38999999,.53142858,.41999999,.52285713,.39142856,.35571429,.44999999,.44714287,.42714286,.67571431,.47857141,.61000001,.56714284,.35714287,.57571429,.47,.49571428,.58571428,.24571429,.64428574,.42142856,.5657143,.67000002,.52999997,.47428572,.60714287,.44,.52285713,.51999998,.58428574,.49142858,.48285714,.56857145,.65428573,.54571426,.43285716,.68285716,.56714284,.57999998,.26857144,.30285713,.55000001,.5657143,.48285714,.38142857,.50714284,.54571426,.54285717,.62285715,0,0,19,Neutral
13,.50912696,.57428575,.51468253,.52698416,.55904764,.14285715,.14761905,.14285715,.44841269,.52976191,.43420637,.39007938,.37269843,.47222221,.3976984,.50087297,.50190479,.17261904,.40960318,.24484128,.53261906,.24119048,.23809524,.54912698,.14285715,.23087302,.47896826,.56190479,.56952381,.47071427,.48063493,.25595239,.51190478,.14285715,.51666665,.56301588,.43722221,.17769842,.20150794,.18230158,.56730157,.4747619,.57801586,.36190477,.41960317,.43436506,.30785713,.64230156,.26380953,.15365079,.24007937,.30761904,.22896826,.34841269,.44492063,.21579365,.18142857,.39182538,.25,.18912698,.34777778,.37293652,.32595238,.64801586,.31999999,.37158731,.23619047,.27380952,.51476192,.3523016,.48841268,.62,.6388095,.21111111,.52944446,.56261903,.53746033,.45960319,.1984127,.62293649,.44849205,.38380951,.61539686,.51825398,.2313492,.53523809,.25706351,.49246031,.47388887,.58730161,.42555556,.44206348,.26412699,.6111111,.42023811,.26222223,.47880954,.50484127,.46936509,.19293651,.17785713,.51047617,.50611115,.59158731,.36976188,.60976189,.47626984,.5561111,.63507938,.44444445,0,13,Green
14,.52759922,.58150464,.54894513,.55053902,.57914019,.14899141,.15544313,.14313492,.54165345,.55572093,.53271496,.44583333,.42544973,.54114085,.41996032,.56283402,.50979161,.19042659,.28733796,.27692792,.4913128,.22380291,.30795634,.57913691,.1482176,.23819774,.52894509,.55643189,.58373016,.4607209,.47895503,.23976521,.54692131,.22361773,.55433863,.60455024,.45755291,.25144181,.26310515,.22799604,.41107473,.44393519,.60056216,.29550925,.41410053,.57734126,.29741403,.59789354,.26107144,.24590939,.26394179,.29927248,.27059525,.43181548,.46975198,.2487004,.27320766,.52118719,.3381812,.22445768,.3172057,.46672618,.45521495,.41653109,.36605158,.29482144,.36415675,.30789021,.53260249,.51461971,.57304561,.56195104,.62983799,.24422619,.57354832,.55196428,.57365739,.53501981,.21386905,.62823081,.45446759,.59952378,.62066799,.58058864,.29378968,.55704695,.4067758,.52224535,.56224537,.62897813,.53013229,.50925595,.24331018,.59501982,.56282735,.3464914,.50871032,.52961642,.51098543,.21347222,.19710979,.57628304,.55424935,.44925925,.51421624,.55256945,.56070107,.55577379,.56242061,.055555556,0,14,Green
18,.42857143,.53571427,.44571429,.51714283,.5,.14285715,.16,.14285715,.39285713,.44571429,.39285713,.42857143,.41142857,.44571429,.42857143,.44571429,.5,.21428572,.30285713,.25,.4642857,.21428572,.2857143,.55428571,.14285715,.19714285,.42857143,.4642857,.5714286,.30285713,.30285713,.17857143,.42857143,.23142858,.51714283,.62857145,.43571427,.2,.43571427,.25,.40714285,.5,.66142857,.23571429,.57857144,.44285715,.32857144,.57857144,.16428572,.15000001,.23571429,.27857143,.17857143,.55000001,.51428574,.36857143,.17857143,.50714284,.22142857,.22857143,.26285714,.41428572,.52857143,.45714286,.24857143,.40571427,.2,.25,.5,.38571429,.50428569,.58571428,.62142855,.22142857,.59285712,.48142856,.5714286,.48142856,.2,.59285712,.37142858,.51428574,.62857145,.5642857,.2,.42857143,.44285715,.45142856,.4642857,.63857144,.43571427,.51428574,.30000001,.57857144,.51857144,.29285714,.47857141,.52142859,.47857141,.27142859,.23571429,.58714288,.52142859,.44285715,.49285713,.47857141,.54285717,.5714286,.60000002,0,0,18,Neutral
25,.48484126,.55443126,.48673278,.42711639,.54365081,.14285715,.144127,.14285715,.39997354,.50088626,.40298942,.3205688,.25738096,.34317461,.48003969,.4391799,.39988095,.16731483,.29628307,.24202381,.41867724,.24748677,.22292328,.55706352,.14285715,.18710318,.44677249,.45304233,.54107141,.41249999,.39728835,.22629629,.4350926,.14611112,.49753967,.42928571,.4278836,.15505292,.19342592,.15321429,.34472221,.44320104,.54030424,.18787037,.5608598,.36924604,.20900793,.5550397,.1571164,.16314815,.21567461,.22083333,.20633598,.45828041,.53568786,.16846561,.1599471,.3263492,.22140211,.16410053,.27211639,.335291,.25943121,.35878307,.26403439,.27148148,.23146826,.20477512,.61294973,.34362432,.4154762,.53183866,.57158726,.22502646,.3993254,.43948412,.41910052,.56046295,.17134921,.57369047,.40021163,.57136244,.65974867,.39175925,.20990741,.52738094,.25289682,.52548945,.43629628,.59203702,.42628306,.33851853,.18780424,.54562169,.47630951,.21468253,.40797618,.61048943,.4455291,.18583333,.16316138,.43742064,.43317461,.38369048,.30669314,.44530424,.42048943,.58742064,.64029098,.25925925,0,25,Green
5,.49763063,.55808944,.51303154,.53382355,.55141866,.18193205,.19066302,.14407408,.46009755,.52437496,.44723958,.41358632,.39948744,.50565886,.41990244,.52842838,.47446015,.26408979,.361312,.34298858,.46639633,.24689484,.35445601,.55193204,.18121611,.26684275,.47680143,.51286954,.55689484,.46386078,.45703703,.2564939,.51928324,.26419643,.51562828,.57056713,.45642856,.24140047,.32274553,.28832507,.37815228,.49004629,.56444937,.34386078,.42318121,.4460119,.38976189,.5619238,.18633102,.22851108,.23815972,.28320602,.20359127,.41646245,.50570351,.34081763,.22676918,.4719618,.23525132,.27563822,.389685,.37554067,.43711558,.38237351,.29198578,.33717594,.26581103,.31640872,.54119956,.4117353,.5212872,.54667825,.62404019,.33204365,.56574154,.50073248,.54787534,.54086971,.30952546,.57278359,.47142443,.55017358,.62565309,.53509259,.33415344,.57320023,.44679648,.49606895,.52353257,.60987681,.53266037,.49016121,.30075479,.59043819,.48688078,.357853,.44473875,.54233795,.470792,.28252479,.28015047,.52757442,.54925346,.42258102,.44379711,.50822997,.5138244,.54678899,.61458331,.39583334,0,5,Green
21,.49763063,.55808944,.51303154,.53382355,.55141866,.18193205,.19066302,.14407408,.46009755,.52437496,.44723958,.41358632,.39948744,.50565886,.41990244,.52842838,.47446015,.26408979,.361312,.34298858,.46639633,.24689484,.35445601,.55193204,.18121611,.26684275,.47680143,.51286954,.55689484,.46386078,.45703703,.2564939,.51928324,.26419643,.51562828,.57056713,.45642856,.24140047,.32274553,.28832507,.37815228,.49004629,.56444937,.34386078,.42318121,.4460119,.38976189,.5619238,.18633102,.22851108,.23815972,.28320602,.20359127,.41646245,.50570351,.34081763,.22676918,.4719618,.23525132,.27563822,.389685,.37554067,.43711558,.38237351,.29198578,.33717594,.26581103,.31640872,.54119956,.4117353,.5212872,.54667825,.62404019,.33204365,.56574154,.50073248,.54787534,.54086971,.30952546,.57278359,.47142443,.55017358,.62565309,.53509259,.33415344,.57320023,.44679648,.49606895,.52353257,.60987681,.53266037,.49016121,.30075479,.59043819,.48688078,.357853,.44473875,.54233795,.470792,.28252479,.28015047,.52757442,.54925346,.42258102,.44379711,.50822997,.5138244,.54678899,.61458331,.39583334,0,21,Green
23,.46857142,.56714284,.46000001,.43285716,.55428571,.14285715,.14285715,.14285715,.41142857,.46428573,.41571426,.31714284,.26785713,.38,.48642859,.45071429,.42000002,.15142858,.31714284,.25428572,.43714285,.23214287,.25,.56714284,.14285715,.20571429,.42857143,.44142857,.54928571,.39785713,.38,.23214287,.44642857,.15142858,.50928569,.45999998,.4942857,.15214285,.17071429,.15571429,.33214286,.45642856,.56642854,.18428572,.62142861,.38,.18071428,.57071429,.16,.15071428,.22571428,.21642858,.17571428,.52142859,.55142856,.19714285,.15571429,.36214286,.20285714,.15857142,.27785712,.30714285,.27357143,.26928574,.20857143,.27928573,.18285714,.24142857,.57642853,.35642856,.4357143,.59714288,.61214286,.245,.46857142,.4342857,.43928573,.59071434,.20357144,.60285711,.39714286,.6257143,.65142858,.39785713,.23571429,.53285718,.3092857,.53071427,.43071428,.60285711,.45928571,.37785715,.21071428,.59928572,.54714286,.26357144,.5007143,.61642855,.39571428,.19499999,.17928571,.47642857,.48428571,.34571427,.35285714,.45499998,.46142858,.57071424,.625,0,0,23,Neutral
24,.44571429,.53571427,.44571429,.42857143,.53571427,.14285715,.14285715,.14285715,.39285713,.5,.39285713,.2857143,.2857143,.34,.41142857,.42857143,.39285713,.14285715,.26857144,.26857144,.41142857,.21428572,.16,.53571427,.14285715,.19714285,.42857143,.42857143,.51714283,.39285713,.39285713,.23142858,.41142857,.14285715,.53571427,.34428573,.41857144,.22428571,.23857144,.19,.29571429,.38142857,.55714285,.16714285,.38999999,.27142859,.18571429,.5714286,.16142857,.16142857,.18571429,.2857143,.17142858,.38428572,.46714285,.18571429,.25285715,.26142856,.16714285,.17142858,.2857143,.31428573,.28142858,.45285714,.20714286,.25714287,.19142857,.21714285,.63285714,.25285715,.37,.58142859,.5714286,.18571429,.35285714,.37142858,.41857144,.54714286,.14714286,.61571431,.38999999,.55714285,.6857143,.34714285,.21857142,.53857142,.20714286,.49285713,.47714287,.66142857,.42857143,.2857143,.19571428,.57571429,.47,.20428571,.33285713,.58999997,.40000001,.15714286,.14285715,.53285712,.33857143,.47714287,.25714287,.42428571,.39857143,.54714286,.63,0,0,24,Neutral
26,.48285714,.58857143,.55428571,.53571427,.58857143,.14285715,.17857143,.14285715,.44571429,.5714286,.42857143,.26857144,.2857143,.42857143,.42857143,.55428571,.42857143,.14285715,.44571429,.23142858,.44571429,.25,.21428572,.58857143,.14285715,.2857143,.44571429,.55428571,.5714286,.55428571,.5714286,.23142858,.44571429,.17857143,.5714286,.6314286,.39571428,.20857143,.18857142,.19285715,.4342857,.38857144,.55428571,.33714285,.46142858,.54857141,.33714285,.62285715,.17142858,.18857142,.2742857,.25857142,.25,.41714287,.44,.22571428,.15428571,.53285712,.26857144,.19285715,.44,.53571427,.31999999,.52142859,.47285715,.26857144,.32571429,.25285715,.66000003,.35428572,.55428571,.47857141,.65428573,.16571428,.59285712,.61000001,.62857145,.5,.25857142,.64857143,.54857141,.58285713,.66428572,.51714283,.17714286,.61142856,.34285715,.64285713,.59857142,.67000002,.58285713,.44999999,.17714286,.63714284,.37857142,.20857143,.32428572,.6257143,.69285715,.15428571,.14285715,.55428571,.55000001,.52714288,.40142858,.58857143,.54428571,.60428572,.54857141,0,0,26,Neutral
28,.44571429,.53571427,.4642857,.44571429,.55428571,.14285715,.14285715,.14285715,.35714287,.48285714,.35714287,.39285713,.41142857,.42857143,.42857143,.44571429,.48285714,.26857144,.26857144,.32142857,.48285714,.21428572,.32142857,.48285714,.16,.23142858,.42857143,.44571429,.55428571,.42857143,.37428573,.25,.44571429,.23142858,.44571429,.50714284,.38428572,.28714284,.28142858,.22142857,.33857143,.51428574,.56,.30142859,.55428571,.39714286,.31,.55428571,.16857143,.49142858,.20285714,.39142856,.24285714,.44857141,.56857145,.31285715,.19714285,.33285713,.16857143,.22142857,.46000001,.3157143,.44,.52714288,.24714285,.37142858,.20571429,.55714285,.53428572,.32714286,.41857144,.57428569,.57999998,.32571429,.48714286,.49857143,.4942857,.51285714,.21857142,.60285717,.47714287,.5057143,.62857145,.44571429,.23714286,.57285714,.30285713,.43285716,.52857143,.59428573,.46857142,.48571429,.24857143,.55571431,.47,.31,.45285714,.52571428,.47,.22571428,.18571429,.49857143,.42714286,.50285715,.35714287,.49285713,.47285715,.53428572,.51571429,1,0,28,Green
29,.48285714,.53571427,.4642857,.44571429,.53571427,.14285715,.14285715,.14285715,.42857143,.48285714,.41142857,.4642857,.41142857,.39285713,.44571429,.44571429,.5714286,.19714285,.30285713,.25,.53571427,.25,.32142857,.4642857,.14285715,.25,.44571429,.4642857,.53571427,.37428573,.42857143,.23142858,.42857143,.14285715,.42857143,.48714286,.37428573,.15714286,.23285714,.24714285,.38999999,.48571429,.53285712,.22428571,.45714286,.29428571,.26857144,.51571429,.14571428,.18000001,.26571429,.23571429,.16285715,.29285714,.50999999,.30857143,.14714286,.27857143,.19428572,.24142857,.35142857,.23142858,.22571428,.54571426,.19,.28285715,.15857142,.27857143,.49857143,.36571428,.38714287,.53857142,.57714283,.33000001,.38142857,.42571428,.40142858,.45857143,.23714286,.51999998,.47,.41,.60285717,.38142857,.36571428,.54285717,.35571429,.35285714,.45857143,.53428572,.49000001,.51857144,.23,.51142859,.46571428,.34285715,.33857143,.56,.34999999,.15285714,.17428571,.50999999,.41285715,.42571428,.31714284,.47142857,.36285713,.52428573,.57428569,1,0,29,Green
16,.49763063,.55808944,.51303154,.53382355,.55141866,.18193205,.19066302,.14407408,.46009755,.52437496,.44723958,.41358632,.39948744,.50565886,.41990244,.52842838,.47446015,.26408979,.361312,.34298858,.46639633,.24689484,.35445601,.55193204,.18121611,.26684275,.47680143,.51286954,.55689484,.46386078,.45703703,.2564939,.51928324,.26419643,.51562828,.57056713,.45642856,.24140047,.32274553,.28832507,.37815228,.49004629,.56444937,.34386078,.42318121,.4460119,.38976189,.5619238,.18633102,.22851108,.23815972,.28320602,.20359127,.41646245,.50570351,.34081763,.22676918,.4719618,.23525132,.27563822,.389685,.37554067,.43711558,.38237351,.29198578,.33717594,.26581103,.31640872,.54119956,.4117353,.5212872,.54667825,.62404019,.33204365,.56574154,.50073248,.54787534,.54086971,.30952546,.57278359,.47142443,.55017358,.62565309,.53509259,.33415344,.57320023,.44679648,.49606895,.52353257,.60987681,.53266037,.49016121,.30075479,.59043819,.48688078,.357853,.44473875,.54233795,.470792,.28252479,.28015047,.52757442,.54925346,.42258102,.44379711,.50822997,.5138244,.54678899,.61458331,.39583334,0,16,Green
22,.49763063,.55808944,.51303154,.53382355,.55141866,.18193205,.19066302,.14407408,.46009755,.52437496,.44723958,.41358632,.39948744,.50565886,.41990244,.52842838,.47446015,.26408979,.361312,.34298858,.46639633,.24689484,.35445601,.55193204,.18121611,.26684275,.47680143,.51286954,.55689484,.46386078,.45703703,.2564939,.51928324,.26419643,.51562828,.57056713,.45642856,.24140047,.32274553,.28832507,.37815228,.49004629,.56444937,.34386078,.42318121,.4460119,.38976189,.5619238,.18633102,.22851108,.23815972,.28320602,.20359127,.41646245,.50570351,.34081763,.22676918,.4719618,.23525132,.27563822,.389685,.37554067,.43711558,.38237351,.29198578,.33717594,.26581103,.31640872,.54119956,.4117353,.5212872,.54667825,.62404019,.33204365,.56574154,.50073248,.54787534,.54086971,.30952546,.57278359,.47142443,.55017358,.62565309,.53509259,.33415344,.57320023,.44679648,.49606895,.52353257,.60987681,.53266037,.49016121,.30075479,.59043819,.48688078,.357853,.44473875,.54233795,.470792,.28252479,.28015047,.52757442,.54925346,.42258102,.44379711,.50822997,.5138244,.54678899,.61458331,.39583334,0,22,Green
17,.49763063,.55808944,.51303154,.53382355,.55141866,.18193205,.19066302,.14407408,.46009755,.52437496,.44723958,.41358632,.39948744,.50565886,.41990244,.52842838,.47446015,.26408979,.361312,.34298858,.46639633,.24689484,.35445601,.55193204,.18121611,.26684275,.47680143,.51286954,.55689484,.46386078,.45703703,.2564939,.51928324,.26419643,.51562828,.57056713,.45642856,.24140047,.32274553,.28832507,.37815228,.49004629,.56444937,.34386078,.42318121,.4460119,.38976189,.5619238,.18633102,.22851108,.23815972,.28320602,.20359127,.41646245,.50570351,.34081763,.22676918,.4719618,.23525132,.27563822,.389685,.37554067,.43711558,.38237351,.29198578,.33717594,.26581103,.31640872,.54119956,.4117353,.5212872,.54667825,.62404019,.33204365,.56574154,.50073248,.54787534,.54086971,.30952546,.57278359,.47142443,.55017358,.62565309,.53509259,.33415344,.57320023,.44679648,.49606895,.52353257,.60987681,.53266037,.49016121,.30075479,.59043819,.48688078,.357853,.44473875,.54233795,.470792,.28252479,.28015047,.52757442,.54925346,.42258102,.44379711,.50822997,.5138244,.54678899,.61458331,.39583334,0,17,Green
27,.46085712,.5642857,.4642857,.46085715,.52914286,.14285715,.14971429,.14285715,.46028572,.48942855,.44999999,.28942856,.28942856,.42885715,.34971428,.47142857,.45714286,.20685714,.28942856,.26457143,.45314285,.21457143,.22885714,.53942859,.14285715,.21800001,.45714286,.49657142,.56771427,.414,.38571429,.22485715,.46057144,.16428572,.51457143,.51800001,.43599999,.18428572,.18371429,.18514286,.39742857,.39914286,.50028574,.20571429,.36199999,.4762857,.20828572,.56200004,.18428572,.23371428,.27171427,.21914285,.20742857,.45971429,.42742857,.226,.22428572,.58200002,.24228571,.17200001,.28200001,.36742857,.32114285,.27057144,.32685715,.28400001,.28600001,.23828572,.52428573,.39714286,.48857144,.45171428,.59257144,.23771429,.44028571,.47485715,.4802857,.51085716,.17485714,.59399998,.398,.5642857,.59171426,.42228571,.25457144,.51028574,.30828571,.49628571,.48457143,.58685714,.44942859,.38485715,.25714287,.56628573,.48485714,.2857143,.33571428,.52542859,.48942858,.17857143,.182,.52114284,.46971428,.43085715,.35342857,.48457143,.52885711,.53085715,.56857145,.2,0,27,Green
36,.47367346,.53659868,.48489794,.47761902,.53632653,.19129252,.1889796,.14285715,.44013605,.50591838,.42108843,.24884354,.25850341,.41496599,.39034012,.50476187,.40217689,.26755103,.32102042,.32911563,.4194558,.2319728,.3247619,.52789116,.17238095,.23469388,.43272108,.49210882,.53857148,.42299318,.43040815,.19244899,.44020408,.22448979,.51054424,.41238093,.36700681,.20884354,.18625851,.21823129,.30952379,.37884355,.45802721,.19612244,.3622449,.37836736,.22428572,.5757823,.15054423,.15176871,.24959184,.22646259,.18802722,.47693878,.36455783,.22319728,.20374151,.31979591,.22564626,.18938775,.22850341,.30979592,.3965306,.2029932,.25217688,.27299321,.2052381,.29224491,.53136057,.34068027,.45469388,.53374153,.60639453,.30183673,.46401361,.42408162,.47530612,.53605443,.18891157,.53945577,.38585034,.61204082,.63938779,.44612247,.34517008,.57598639,.36598641,.50564623,.46115646,.57333332,.4959864,.32421768,.26789117,.50476193,.41959184,.3568027,.43850341,.5060544,.43387756,.25768706,.21013606,.47210884,.42659864,.30068028,.34829932,.36768708,.47108844,.54605442,.53802723,0,0,36,Neutral
34,.5,.5714286,.48285714,.53571427,.53571427,.14285715,.14285715,.14285715,.41142857,.44571429,.37428573,.26857144,.21428572,.41142857,.30285713,.41142857,.5714286,.17857143,.25,.17857143,.5714286,.21428572,.14285715,.5714286,.14285715,.23142858,.42857143,.55428571,.5714286,.35714287,.35714287,.19714285,.53571427,.14285715,.51714283,.54857141,.48714286,.14285715,.15142857,.14285715,.52714288,.36000001,.6242857,.19,.41428572,.33000001,.15571429,.55857146,.53428572,.14428571,.23,.28714284,.21285714,.31714284,.36142856,.15142857,.14285715,.44142857,.17571428,.14285715,.24857143,.33571428,.20285714,.57571429,.27142859,.34142858,.19714285,.22,.38,.32571429,.36571428,.5642857,.50142854,.16428572,.46142858,.48142856,.40571427,.41714287,.18142857,.58999997,.32571429,.34571427,.64428574,.30571428,.23142858,.49714285,.19142857,.41285715,.44142857,.51285714,.33000001,.33000001,.16142857,.54428571,.42714286,.21285714,.36571428,.33285713,.45857143,.15285714,.15714286,.47999999,.53285712,.52571428,.2557143,.57285714,.26714286,.55000001,.52857143,0,0,34,Neutral
33,.50928569,.55428571,.50928569,.47285712,.54499996,.14285715,.14285715,.14285715,.4642857,.53571427,.43714285,.5,.45499998,.48142856,.42000002,.51785713,.55357146,.14285715,.375,.25,.53571427,.22357143,.31214285,.55357146,.14285715,.16928571,.47285715,.53571427,.55428571,.41928571,.43714285,.24142858,.50928569,.23142858,.53571427,.58142859,.44428572,.23928571,.30214286,.23428571,.37142858,.46214285,.53642857,.32928571,.52642858,.42928571,.37142855,.58428574,.17285714,.25928572,.22642857,.32071429,.19571429,.46928573,.53499997,.30571428,.20285714,.42071426,.22428572,.20642857,.465,.32499999,.33642858,.3742857,.255,.33571428,.21785715,.41785714,.60357141,.36500001,.53214288,.61357141,.62071431,.25071427,.52142859,.54285717,.55857146,.51999998,.26571429,.6185714,.47428572,.54214287,.62928569,.53999996,.24642858,.50285715,.35499999,.48928571,.48357141,.61357141,.46785712,.51999998,.2507143,.57785714,.46428573,.26500002,.39285713,.55214286,.50857139,.18285716,.19285715,.6257143,.495,.47285712,.45999998,.52214289,.51142853,.54571426,.59071428,0,0,33,Neutral
9,.50928569,.55428571,.50928569,.47285712,.54499996,.14285715,.14285715,.14285715,.4642857,.53571427,.43714285,.5,.45499998,.48142856,.42000002,.51785713,.55357146,.14285715,.375,.25,.53571427,.22357143,.31214285,.55357146,.14285715,.16928571,.47285715,.53571427,.55428571,.41928571,.43714285,.24142858,.50928569,.23142858,.53571427,.58142859,.44428572,.23928571,.30214286,.23428571,.37142858,.46214285,.53642857,.32928571,.52642858,.42928571,.37142855,.58428574,.17285714,.25928572,.22642857,.32071429,.19571429,.46928573,.53499997,.30571428,.20285714,.42071426,.22428572,.20642857,.465,.32499999,.33642858,.3742857,.255,.33571428,.21785715,.41785714,.60357141,.36500001,.53214288,.61357141,.62071431,.25071427,.52142859,.54285717,.55857146,.51999998,.26571429,.6185714,.47428572,.54214287,.62928569,.53999996,.24642858,.50285715,.35499999,.48928571,.48357141,.61357141,.46785712,.51999998,.2507143,.57785714,.46428573,.26500002,.39285713,.55214286,.50857139,.18285716,.19285715,.6257143,.495,.47285712,.45999998,.52214289,.51142853,.54571426,.59071428,0,0,9,Neutral
35,.44571429,.55428571,.49071425,.42857143,.53571427,.15142858,.21428573,.17857143,.42000002,.5,.42857143,.24142858,.25,.39285713,.45571429,.44642857,.42857143,.3214286,.36571428,.41071427,.42857143,.22285715,.40142858,.55428571,.14285715,.40142858,.42000002,.42000002,.54499996,.43714285,.44571429,.28571427,.45499998,.29428571,.48214287,.4407143,.44928572,.22928572,.61571431,.30285716,.28928572,.45428574,.56500006,.48214287,.35071427,.44785714,.51499999,.48714286,.16500001,.16571429,.23714286,.31,.19642857,.405,.54357147,.49214286,.17785713,.32499999,.19,.43357143,.33714285,.28928572,.42571428,.37,.21928571,.28928572,.17142856,.28428572,.505,.29571426,.41857141,.53928572,.53571427,.36357141,.38357145,.36857143,.36714286,.51499999,.34999999,.49142855,.40857142,.5714286,.59071434,.42500001,.39142859,.53285718,.58571428,.47642857,.42857143,.54571426,.47071427,.34,.42428571,.50285715,.44142857,.50285715,.45999998,.51357144,.45142859,.27357143,.255,.45571429,.45928574,.34357142,.32499999,.43642858,.44142857,.54857141,.51857144,1,0,35,Green
37,.49920633,.54571426,.52880955,.53476191,.55396825,.15190476,.17960317,.14666668,.47214285,.53849202,.46706349,.38563493,.38499999,.48015872,.40198413,.52682543,.47071427,.23031746,.31920636,.31238097,.50103176,.24785715,.31119049,.54277778,.14968255,.23952381,.52492064,.51603174,.56634921,.48317459,.45753968,.25492066,.48912698,.25126985,.52682543,.57888889,.46849206,.25984126,.27420634,.2613492,.48309523,.43857142,.55380952,.26968253,.40563491,.50031745,.29126984,.55619049,.18492064,.2018254,.23103175,.32801586,.24563493,.41301587,.38912699,.2620635,.26999998,.4473016,.24642856,.23492064,.3045238,.40682539,.44444445,.4245238,.33436507,.38523811,.29603177,.33261907,.53571427,.45730159,.53039682,.56785715,.63238096,.28055555,.56293648,.57047617,.56785715,.53896827,.23626985,.6363492,.45095238,.54555553,.62087297,.54349208,.30015874,.56634921,.40158731,.52206349,.50761902,.61269838,.54238093,.50769842,.27412698,.57230157,.51253968,.33793649,.50214285,.52999997,.52825397,.23007937,.21904762,.53801584,.5479365,.53984129,.42658728,.54134923,.54253966,.5763492,.59825397,0,0,37,Neutral
47,.53571427,.55428571,.55428571,.51714283,.5714286,.16,.26857144,.25,.42857143,.55428571,.42857143,.35714287,.39285713,.41142857,.4642857,.53571427,.41142857,.30285713,.32142857,.41142857,.42857143,.26857144,.37428573,.5714286,.14285715,.48285714,.42857143,.51714283,.55428571,.55428571,.55428571,.32142857,.51714283,.32142857,.55428571,.47857141,.45571429,.2557143,.24142857,.48428571,.31,.50142854,.37571427,.44857141,.45714286,.33285713,.62857145,.44999999,.14285715,.15000001,.24142857,.31714284,.16142857,.44857141,.58857143,.40142858,.15000001,.30428571,.16142857,.50285715,.28999999,.20857143,.33857143,.31,.16857143,.2857143,.15000001,.28999999,.65428573,.30000001,.37571427,.58571428,.58571428,.22285715,.53428572,.58571428,.48142856,.53142858,.40285715,.57285714,.53857142,.48714286,.62857145,.46000001,.19428572,.6242857,.38857144,.53428572,.52714288,.64142859,.4757143,.48428571,.19428572,.59714288,.39714286,.22,.19857143,.60000002,.52428573,.21857142,.20142858,.50857145,.53857142,.40428573,.34571427,.58714288,.35857144,.5642857,.63285714,0,1,47,Brown
43,.52642858,.56285715,.54499996,.52714288,.56285715,.14285715,.1607143,.14285715,.42857143,.53571427,.43785715,.38357145,.39285713,.42857143,.46428573,.48214287,.43714285,.27714288,.54428571,.30357143,.44571429,.24142858,.38357145,.5714286,.14285715,.38428572,.43785715,.5,.56285715,.49142855,.46428573,.27714288,.48214287,.27714288,.54499996,.52857143,.42000002,.34357142,.65071428,.29142857,.37,.54428571,.53214288,.69214284,.41785717,.42428571,.55928576,.56285715,.45714286,.20071429,.24071428,.45928571,.40285712,.50642854,.49142855,.41714287,.18928573,.42071429,.29428571,.38857144,.36857143,.39428574,.57571429,.44571429,.39714286,.32214287,.20714286,.3757143,.53999996,.37928569,.48714286,.61428571,.61142856,.26928571,.55642855,.51999998,.55642855,.56142855,.64142859,.59142858,.48500001,.58785713,.63928568,.51714289,.27357143,.51571429,.44928569,.51499999,.47785714,.62785715,.47,.45357144,.27714285,.59357142,.45642856,.3214286,.45714286,.51857144,.495,.25,.19285715,.50214285,.57785714,.44928572,.43642858,.64642859,.49928573,.58642858,.65928572,1,0,43,Green
46,.53571427,.55428571,.55428571,.51714283,.5714286,.16,.26857144,.25,.42857143,.55428571,.42857143,.35714287,.39285713,.41142857,.4642857,.53571427,.41142857,.30285713,.32142857,.41142857,.42857143,.26857144,.37428573,.5714286,.14285715,.48285714,.42857143,.51714283,.55428571,.55428571,.55428571,.32142857,.51714283,.32142857,.55428571,.47857141,.45571429,.2557143,.24142857,.48428571,.31,.50142854,.37571427,.44857141,.45714286,.33285713,.62857145,.44999999,.14285715,.15000001,.24142857,.31714284,.16142857,.44857141,.58857143,.40142858,.15000001,.30428571,.16142857,.50285715,.28999999,.20857143,.33857143,.31,.16857143,.2857143,.15000001,.28999999,.65428573,.30000001,.37571427,.58571428,.58571428,.22285715,.53428572,.58571428,.48142856,.53142858,.40285715,.57285714,.53857142,.48714286,.62857145,.46000001,.19428572,.6242857,.38857144,.53428572,.52714288,.64142859,.4757143,.48428571,.19428572,.59714288,.39714286,.22,.19857143,.60000002,.52428573,.21857142,.20142858,.50857145,.53857142,.40428573,.34571427,.58714288,.35857144,.5642857,.63285714,0,1,46,Brown
44,.51714283,.55428571,.55428571,.4642857,.58857143,.14285715,.17857143,.14285715,.42857143,.53571427,.48285714,.26857144,.25,.39285713,.55428571,.53571427,.42857143,.17857143,.55428571,.41142857,.44571429,.30285713,.4642857,.5714286,.14285715,.5714286,.41142857,.42857143,.55428571,.48285714,.5,.4642857,.4642857,.2857143,.55428571,.39428571,.32857144,.17142858,.3157143,.30571428,.27857143,.55000001,.37571427,.58999997,.27000001,.33285713,.68000001,.54571426,.16285715,.15285714,.21571429,.18857142,.15571429,.30714285,.60714287,.48428571,.14285715,.30142859,.16,.57571429,.46714285,.18857142,.30857143,.2557143,.18285714,.26714286,.14571428,.39571428,.64714283,.25857142,.41142857,.48428571,.60857141,.34714285,.44428572,.4342857,.42571428,.61714286,.49285713,.51428574,.4642857,.51857144,.6242857,.38285714,.2557143,.6242857,.47999999,.57428569,.54000002,.64142859,.57571429,.35285714,.28428572,.56999999,.35571429,.27000001,.15714286,.64857143,.5,.30428571,.27857143,.34999999,.45857143,.33714285,.30142859,.61428571,.49571428,.62142855,.69714284,1,0,44,Green
48,.53571427,.48285714,.58857143,.42857143,.5714286,.14285715,.30285713,.14285715,.42857143,.55428571,.41142857,.35714287,.37428573,.39285713,.55428571,.4642857,.42857143,.32142857,.51714283,.44571429,.42857143,.34,.41142857,.55428571,.14285715,.60714287,.41142857,.42857143,.51714283,.55428571,.53571427,.39285713,.42857143,.42857143,.4642857,.37714285,.27285713,.36428571,.36428571,.68142855,.2857143,.54571426,.32428572,.61000001,.38999999,.35714287,.71428573,.55857146,.15000001,.25999999,.23999999,.25857142,.18142857,.38999999,.68142855,.44857141,.20714286,.30571428,.15000001,.62285715,.61000001,.22428571,.46142858,.31142858,.16857143,.24714285,.17571428,.26571429,.66857141,.29285714,.44142857,.43571427,.61000001,.35714287,.5,.47999999,.52571428,.59142858,.49285713,.5,.5642857,.58428574,.64999998,.44857141,.21428572,.57857144,.5,.54571426,.46142858,.63571429,.59714288,.39571428,.23428571,.54571426,.33142856,.22714286,.25285715,.67571431,.50714284,.2857143,.27857143,.39571428,.47428572,.44142857,.31142858,.58428574,.4757143,.61714286,.64285713,1,0,48,Green
45,.4642857,.5714286,.5714286,.42857143,.55428571,.21428572,.2857143,.14285715,.44571429,.4642857,.42857143,.30285713,.37428573,.42857143,.53571427,.44571429,.42857143,.32142857,.44571429,.42857143,.42857143,.26857144,.44571429,.5714286,.21428572,.5714286,.44571429,.42857143,.53571427,.44571429,.42857143,.37428573,.42857143,.32142857,.53571427,.42857143,.36000001,.27857143,.31285715,.60714287,.32714286,.48285714,.44285715,.51714283,.31999999,.40857142,.61285716,.55142856,.18428572,.17,.27142859,.21142857,.19,.30571428,.58571428,.44285715,.23857144,.37142858,.21142857,.59857142,.58571428,.25142857,.34,.35428572,.18428572,.23571429,.17,.24428572,.63285714,.34,.50285715,.52857143,.54285717,.41428572,.51428574,.52428573,.50999999,.57857144,.45571429,.50999999,.55142856,.50999999,.6257143,.53714287,.33285713,.61285716,.59857142,.53714287,.51714283,.63285714,.60571426,.44857141,.25857142,.55714285,.42857143,.31999999,.34,.5642857,.49714285,.38714287,.36714286,.41428572,.49714285,.43571427,.41428572,.59857142,.53714287,.6257143,.58571428,0,0,45,Neutral
59,.51165175,.56138396,.55031252,.46866071,.57428575,.23973215,.26343751,.23066965,.43852678,.54602677,.43294644,.3220982,.33964285,.42348215,.51040179,.51857144,.42566964,.29772323,.45758927,.41517857,.42897323,.3274107,.41888392,.56861609,.25491071,.48870537,.40611607,.43870535,.54348212,.49763393,.47808036,.36232144,.4614732,.35174108,.53410715,.44379464,.31915179,.38370535,.35749999,.47607142,.32093751,.52236605,.42589286,.5841518,.33308035,.38705358,.66120535,.55361605,.15955357,.169375,.23450893,.27857143,.19709823,.3959375,.60749996,.48343751,.28187501,.32977679,.18022321,.56102681,.39406252,.27852678,.38066965,.34933037,.21366072,.31736606,.20491071,.30705357,.60004467,.31736606,.43598214,.5259375,.58299106,.35330358,.48044643,.47959822,.49540177,.5344643,.53227681,.53330356,.52857143,.583125,.62691963,.45334822,.28763393,.5521875,.49450892,.53482139,.46977678,.6307143,.53812498,.43089285,.28933036,.53383929,.36937499,.29781249,.30540177,.57303572,.49491072,.35977679,.3327232,.40348214,.48209822,.3634375,.35482141,.56334817,.44245535,.58669645,.61227679,.5,0,59,Green
53,.47047618,.55380952,.56,.46380952,.56,.16666667,.20857143,.14285715,.42857143,.53619051,.43428573,.38714287,.38095239,.44619048,.55428571,.47571427,.42857143,.25619048,.47571427,.33904761,.42857143,.29142857,.36904761,.5657143,.17238095,.4642857,.42285714,.42285714,.55380952,.53571427,.5,.36333334,.52952379,.26761904,.52380955,.51333332,.38,.30428571,.60809523,.38571429,.31190476,.47571427,.47857144,.66619045,.40666667,.36952382,.66904759,.58238095,.15571429,.15142858,.21428572,.36428571,.22142857,.46952382,.62857145,.37619048,.16619048,.38999999,.18904762,.52380949,.30285713,.27000001,.44666669,.43000001,.21333332,.25428572,.16238095,.44190475,.59380955,.29142857,.51095235,.59047621,.62523812,.23571429,.54904765,.4447619,.54285717,.52761906,.59000003,.55857146,.52190477,.60190475,.64190477,.53095239,.24238095,.51761901,.50047618,.49333334,.46285713,.65380955,.48142856,.46047619,.28619048,.5795238,.41999999,.28809524,.42285714,.58238095,.52190477,.23571429,.21380952,.46714285,.56333333,.38666669,.42761904,.51476192,.48238096,.59333336,.62619048,1,0,53,Green
54,.51165175,.56138396,.55031252,.46866071,.57428575,.23973215,.26343751,.23066965,.43852678,.54602677,.43294644,.3220982,.33964285,.42348215,.51040179,.51857144,.42566964,.29772323,.45758927,.41517857,.42897323,.3274107,.41888392,.56861609,.25491071,.48870537,.40611607,.43870535,.54348212,.49763393,.47808036,.36232144,.4614732,.35174108,.53410715,.44379464,.31915179,.38370535,.35749999,.47607142,.32093751,.52236605,.42589286,.5841518,.33308035,.38705358,.66120535,.55361605,.15955357,.169375,.23450893,.27857143,.19709823,.3959375,.60749996,.48343751,.28187501,.32977679,.18022321,.56102681,.39406252,.27852678,.38066965,.34933037,.21366072,.31736606,.20491071,.30705357,.60004467,.31736606,.43598214,.5259375,.58299106,.35330358,.48044643,.47959822,.49540177,.5344643,.53227681,.53330356,.52857143,.583125,.62691963,.45334822,.28763393,.5521875,.49450892,.53482139,.46977678,.6307143,.53812498,.43089285,.28933036,.53383929,.36937499,.29781249,.30540177,.57303572,.49491072,.35977679,.3327232,.40348214,.48209822,.3634375,.35482141,.56334817,.44245535,.58669645,.61227679,.5,0,54,Green
55,.5,.54500002,.54523808,.44,.56285715,.31238094,.34238097,.22619048,.42857143,.48476189,.40523809,.28880954,.30380952,.40166667,.44928572,.47285715,.38095239,.25880951,.45238096,.42285714,.40761906,.33619049,.42023811,.55666667,.31809524,.4107143,.39880952,.42238095,.54190475,.47619048,.46166667,.36000001,.44,.39285713,.53619045,.42190477,.35785717,.19666667,.24928571,.31309524,.3345238,.65380955,.39619049,.57261902,.28738093,.42880952,.66857141,.53452379,.16357143,.16047619,.20904762,.2297619,.18428572,.30500001,.57047617,.37238097,.19071428,.29666665,.19380952,.47166666,.44119048,.26190478,.33857143,.29690474,.19833334,.39928573,.18119048,.25261906,.5909524,.31904763,.36952382,.49071428,.5845238,.36166665,.44238096,.48499998,.42476192,.54833335,.53619045,.50452381,.52738094,.57261908,.62071431,.38190475,.27000001,.56595236,.47238097,.49976188,.46214285,.64214283,.50928569,.38571429,.2452381,.53238094,.34857142,.2752381,.25119048,.57357144,.4747619,.45833334,.25214285,.38619047,.46309525,.34047619,.30761904,.5852381,.41190475,.59619045,.67261904,.66666669,0,55,Green
58,.51165175,.56138396,.55031252,.46866071,.57428575,.23973215,.26343751,.23066965,.43852678,.54602677,.43294644,.3220982,.33964285,.42348215,.51040179,.51857144,.42566964,.29772323,.45758927,.41517857,.42897323,.3274107,.41888392,.56861609,.25491071,.48870537,.40611607,.43870535,.54348212,.49763393,.47808036,.36232144,.4614732,.35174108,.53410715,.44379464,.31915179,.38370535,.35749999,.47607142,.32093751,.52236605,.42589286,.5841518,.33308035,.38705358,.66120535,.55361605,.15955357,.169375,.23450893,.27857143,.19709823,.3959375,.60749996,.48343751,.28187501,.32977679,.18022321,.56102681,.39406252,.27852678,.38066965,.34933037,.21366072,.31736606,.20491071,.30705357,.60004467,.31736606,.43598214,.5259375,.58299106,.35330358,.48044643,.47959822,.49540177,.5344643,.53227681,.53330356,.52857143,.583125,.62691963,.45334822,.28763393,.5521875,.49450892,.53482139,.46977678,.6307143,.53812498,.43089285,.28933036,.53383929,.36937499,.29781249,.30540177,.57303572,.49491072,.35977679,.3327232,.40348214,.48209822,.3634375,.35482141,.56334817,.44245535,.58669645,.61227679,.5,0,58,Green
49,.51165175,.56138396,.55031252,.46866071,.57428575,.23973215,.26343751,.23066965,.43852678,.54602677,.43294644,.3220982,.33964285,.42348215,.51040179,.51857144,.42566964,.29772323,.45758927,.41517857,.42897323,.3274107,.41888392,.56861609,.25491071,.48870537,.40611607,.43870535,.54348212,.49763393,.47808036,.36232144,.4614732,.35174108,.53410715,.44379464,.31915179,.38370535,.35749999,.47607142,.32093751,.52236605,.42589286,.5841518,.33308035,.38705358,.66120535,.55361605,.15955357,.169375,.23450893,.27857143,.19709823,.3959375,.60749996,.48343751,.28187501,.32977679,.18022321,.56102681,.39406252,.27852678,.38066965,.34933037,.21366072,.31736606,.20491071,.30705357,.60004467,.31736606,.43598214,.5259375,.58299106,.35330358,.48044643,.47959822,.49540177,.5344643,.53227681,.53330356,.52857143,.583125,.62691963,.45334822,.28763393,.5521875,.49450892,.53482139,.46977678,.6307143,.53812498,.43089285,.28933036,.53383929,.36937499,.29781249,.30540177,.57303572,.49491072,.35977679,.3327232,.40348214,.48209822,.3634375,.35482141,.56334817,.44245535,.58669645,.61227679,.5,0,49,Green
56,.5017857,.55642855,.5401786,.43285716,.57125002,.17857143,.24357143,.18535715,.43053573,.52232146,.43767858,.31232142,.33035716,.40178573,.45107141,.48928571,.40232143,.30089283,.45499998,.41107142,.42392856,.2794643,.43517858,.57357144,.17392859,.46196431,.41535714,.44642857,.5607143,.49767858,.50428569,.37053573,.45321429,.37053573,.55392861,.47125,.42053571,.29339284,.41928571,.41410714,.3455357,.45928571,.49196428,.55571431,.33910716,.46178573,.60767853,.5575,.16142857,.20214285,.22392857,.24982144,.19624999,.4425,.5376786,.49696428,.24339285,.3782143,.19839287,.46250001,.48464286,.37928569,.46464282,.33892858,.27125001,.30392855,.21160716,.30553573,.5919643,.32821429,.46410716,.51857144,.60714287,.33660716,.45303571,.47607142,.47892857,.57071429,.46464285,.55089283,.5032143,.61232144,.63696426,.44696429,.30696428,.58964288,.56035715,.54696429,.49160713,.62071431,.54124999,.41107142,.29642856,.55642855,.43392855,.35392857,.29392856,.58285713,.53482139,.28,.28178573,.45303571,.46999997,.40964288,.32071429,.51499999,.5032143,.58053565,.59839284,.5,0,56,Green
57,.47666666,.53571427,.53571427,.46380952,.55952382,.25047618,.30952382,.21428572,.41095239,.54142857,.42285714,.31523809,.34476191,.40476191,.51809525,.47,.39285713,.33952382,.48809522,.43476191,.41714287,.35095239,.4342857,.55428571,.26190478,.5057143,.40476191,.41714287,.5,.5,.4942857,.44666666,.46380952,.38714287,.5057143,.44142857,.35619047,.20047618,.27190477,.49380952,.28666666,.51523811,.41238096,.61428571,.3295238,.41666666,.69095242,.55142856,.15904762,.14857143,.23142856,.24380952,.16904762,.32428572,.63666666,.56047618,.19714285,.33333331,.15904762,.61238092,.48857144,.22809523,.35380954,.32095239,.20666666,.29095238,.17,.35999998,.6257143,.29999998,.44952381,.50428569,.59619045,.36142856,.48714286,.4952381,.46571428,.56857145,.52095234,.50809526,.51761907,.48952383,.58809525,.44285715,.27285713,.51619047,.47714287,.47666666,.47809523,.6257143,.53952384,.40714285,.30095237,.54142857,.34095237,.28333333,.25523812,.57333332,.47142857,.31714284,.33047619,.38714287,.48380953,.35761905,.30190477,.57428575,.46476191,.5714286,.63619047,1,0,57,Green
68,.51321429,.52714288,.5,.43357143,.53571427,.15571429,.19178572,.14285715,.41571429,.49535713,.40642858,.25428572,.24535716,.37464285,.48714286,.47285712,.36142859,.19178571,.32107145,.32999998,.4017857,.4325,.3125,.54928571,.15142858,.37035716,.37964284,.42000002,.51857144,.46892858,.44178569,.28107142,.45107144,.17785715,.51785713,.40785712,.38785714,.41714287,.15678571,.29607141,.30321428,.59071428,.41321427,.33892858,.26107144,.37428573,.36607143,.57607138,.14428571,.14428571,.18392858,.21071428,.15857144,.28,.55464286,.22642857,.33392856,.26857144,.16392857,.24964286,.26642859,.28428572,.26607144,.27178571,.20535715,.26321429,.20678571,.18821429,.64964283,.26892859,.38785714,.42178571,.60500002,.21000001,.40000001,.46678573,.40678573,.57571429,.30035713,.50785714,.46535715,.48250002,.65250003,.36464286,.20821428,.57678568,.27107143,.56678569,.48785713,.59964287,.51035714,.29928571,.17714286,.56035715,.36607143,.19964287,.24892858,.65357143,.45285714,.25357142,.17892857,.34714288,.42464286,.34035712,.25821429,.54892856,.41535714,.59499997,.68535715,0,0,68,Neutral
67,.51321429,.52714288,.5,.43357143,.53571427,.15571429,.19178572,.14285715,.41571429,.49535713,.40642858,.25428572,.24535716,.37464285,.48714286,.47285712,.36142859,.19178571,.32107145,.32999998,.4017857,.4325,.3125,.54928571,.15142858,.37035716,.37964284,.42000002,.51857144,.46892858,.44178569,.28107142,.45107144,.17785715,.51785713,.40785712,.38785714,.41714287,.15678571,.29607141,.30321428,.59071428,.41321427,.33892858,.26107144,.37428573,.36607143,.57607138,.14428571,.14428571,.18392858,.21071428,.15857144,.28,.55464286,.22642857,.33392856,.26857144,.16392857,.24964286,.26642859,.28428572,.26607144,.27178571,.20535715,.26321429,.20678571,.18821429,.64964283,.26892859,.38785714,.42178571,.60500002,.21000001,.40000001,.46678573,.40678573,.57571429,.30035713,.50785714,.46535715,.48250002,.65250003,.36464286,.20821428,.57678568,.27107143,.56678569,.48785713,.59964287,.51035714,.29928571,.17714286,.56035715,.36607143,.19964287,.24892858,.65357143,.45285714,.25357142,.17892857,.34714288,.42464286,.34035712,.25821429,.54892856,.41535714,.59499997,.68535715,0,0,67,Neutral
64,.47771427,.52964288,.52009523,.44257143,.54795235,.23629762,.28190476,.23614286,.41338095,.50491667,.41747618,.27864286,.29357144,.38567856,.39617857,.46790475,.37346429,.27594048,.40426192,.39725,.39498809,.45139286,.38523808,.53872621,.23925,.29317859,.40561906,.42449999,.50103569,.49121428,.46890476,.36234525,.44742858,.35204762,.48269045,.43364286,.37867859,.17665476,.2035,.18308334,.39160714,.64708334,.4530119,.40834522,.28271428,.39696428,.46411905,.54109526,.19164285,.15027381,.18716666,.2334881,.18632144,.30582142,.44527382,.25210714,.18146428,.30133334,.20204762,.23498809,.31460714,.31304762,.34316668,.27320239,.25230953,.44398808,.18486905,.19632143,.5717262,.31494048,.3919881,.45080954,.59104764,.3089762,.42378572,.47534522,.4282738,.53565478,.33472618,.51434523,.45467857,.48996428,.6242857,.37358332,.27463096,.55260718,.35946429,.51946431,.44205952,.60446429,.47688094,.36865476,.20498809,.55246431,.38329762,.26233333,.26315477,.58033335,.46638095,.33705953,.2330119,.40883332,.45738095,.34291667,.29172617,.56186903,.44527382,.60286903,.69285715,0,0,64,Neutral
65,.50764114,.56203902,.54367465,.46249375,.56559193,.15205634,.16650435,.14305764,.42623523,.53585452,.41744241,.32393664,.32133728,.39879522,.50466287,.46561822,.40847716,.17403151,.41386321,.26657835,.4347792,.29997435,.29321638,.56298012,.15314955,.31811672,.42736125,.45429644,.55115288,.5082444,.50307077,.26976967,.46105501,.20685285,.53387994,.48604429,.36124179,.18910789,.20880057,.23067968,.35850877,.49912041,.45392707,.32427797,.4067347,.40130085,.40130326,.5742684,.16678721,.19118331,.24237199,.31480548,.20059375,.37214881,.55886978,.25895691,.18075666,.35021481,.20317103,.25838882,.38678423,.30001432,.32630864,.3582862,.26228249,.30753851,.19843358,.43087003,.62011755,.31659386,.43786609,.54407328,.61543679,.22817938,.45599654,.51106691,.49162847,.52087837,.2466971,.56282431,.49659029,.48797289,.63915741,.4434467,.22287445,.53879458,.29456738,.54899812,.45253789,.6320551,.44753313,.39975831,.21839778,.56847954,.3933745,.23345745,.30761963,.6014632,.5200913,.20904703,.1910765,.45060807,.47594464,.43129313,.34762979,.54793173,.43976071,.57788754,.64955366,.052631576,0,65,Green
69,.5714286,.5714286,.50928569,.43714285,.58857143,.18714286,.25,.15142858,.48142856,.53571427,.52714288,.33928573,.30285713,.43714285,.58928573,.47357142,.39285713,.23142858,.41928571,.32142857,.43714285,.40214285,.33000001,.60714287,.18714286,.63357145,.43714285,.45499998,.57142854,.45571429,.45571429,.34785712,.44571429,.25857145,.5714286,.38714284,.29357141,.22,.19428572,.46000001,.38428572,.63785714,.2507143,.34857142,.25071427,.5,.58714283,.57214284,.16142857,.14285715,.21928571,.21785714,.19428572,.27357143,.70142859,.30428571,.15642858,.29428571,.20928571,.70214283,.25642857,.24000001,.26214287,.21857142,.18714285,.26857144,.19428572,.20214286,.67142856,.29642856,.48071426,.55357146,.57142854,.32214284,.43357143,.50857145,.4357143,.57857144,.34857142,.47928572,.58214283,.42642859,.66142857,.41,.25428569,.58214283,.37214285,.55928576,.45642859,.63785714,.45142856,.39071429,.19142857,.52499998,.35142857,.20642857,.32857144,.63499999,.43357143,.31999999,.22999999,.32142857,.45285714,.34214285,.29285714,.62071431,.54142857,.62785715,.67642856,0,0,69,Neutral
66,.48285714,.5714286,.5714286,.42857143,.60714287,.14285715,.14285715,.14285715,.42857143,.60714287,.42857143,.37428573,.30285713,.39285713,.60714287,.44571429,.42857143,.14285715,.4642857,.26857144,.42857143,.35714287,.2857143,.58857143,.14285715,.30285713,.41142857,.41142857,.55428571,.55428571,.5714286,.25,.44571429,.14285715,.48285714,.47285715,.2857143,.16571428,.17857143,.15142857,.30857143,.53285712,.37,.25,.59857142,.35714287,.20142858,.53428572,.14285715,.14285715,.19142857,.23571429,.16571428,.47714287,.70999998,.15571429,.24571429,.35428572,.16571428,.16571428,.24142857,.2857143,.22285715,.33000001,.28142858,.20142858,.18714286,.19142857,.69714284,.24142857,.46000001,.51714283,.62,.15714286,.46142858,.48428571,.47285715,.49714285,.18428572,.51142859,.55714285,.6257143,.65857142,.45571429,.16571428,.54000002,.19714285,.60285717,.42857143,.66000003,.41999999,.31285715,.15142857,.52714288,.28999999,.15571429,.23714286,.66571426,.54857141,.15142857,.14285715,.36571428,.42428571,.36142856,.34,.52285713,.46571428,.6257143,.66000003,0,0,66,Neutral
78,.55696428,.57571429,.54785717,.45821428,.58250004,.17428572,.23455358,.14714286,.47062498,.54678571,.49892858,.294375,.30785716,.43392858,.48571429,.51589286,.40080357,.31428573,.36821428,.38508928,.423125,.29348212,.3807143,.59598213,.16964287,.62714285,.40285715,.4486607,.56714284,.47348213,.44830358,.28892857,.44660714,.25705358,.58151788,.42821428,.37642857,.66276789,.21794644,.49437499,.34866071,.49017859,.3350893,.27830356,.26008928,.46276787,.37062499,.59803569,.16508929,.20116071,.19785714,.291875,.229375,.36116073,.53669643,.31223214,.34830356,.33660716,.20053571,.38294643,.25964287,.25848216,.35116071,.22214286,.24133928,.27035713,.20125,.24205357,.64473212,.34276786,.47732142,.53616071,.6079464,.41437501,.46633929,.55000001,.46044642,.63026786,.32383928,.52785718,.5404464,.50276786,.65875,.49883929,.38348213,.61419642,.45803571,.60482144,.48982143,.62214285,.57544643,.46794644,.32044643,.57758927,.45455357,.34848213,.34392858,.63758928,.47508928,.34419644,.29285714,.40062499,.51767856,.33758929,.37187499,.58178568,.52857143,.64821428,.64776784,.25,0,78,Green
75,.49964285,.5585714,.54190475,.44892856,.56999999,.19761905,.22642857,.19190477,.43000001,.51964283,.43428573,.27071428,.27642858,.3927381,.49440476,.47583333,.39869049,.25904763,.36023811,.32714286,.42428571,.2929762,.32583332,.57440478,.18476191,.53738093,.40321428,.43738097,.55523813,.48083332,.45690477,.24666668,.42309523,.235,.54333335,.40309525,.34678572,.4602381,.28488094,.49047619,.36000001,.48499998,.37321427,.35071427,.31380951,.40071428,.50261903,.55035716,.17178571,.19416666,.25607142,.52428573,.27583334,.41559523,.5705952,.31333333,.18571429,.31940475,.20535715,.51023811,.24892858,.25761905,.32130954,.28,.26904762,.27630952,.17904763,.2922619,.65857142,.27869046,.43583333,.56928569,.5990476,.28916666,.47630951,.52595234,.4595238,.57749999,.30892858,.53630954,.51249999,.49642858,.66583335,.45666668,.30690476,.59238094,.36488095,.58571428,.45226192,.60880953,.53511906,.40642858,.33166668,.56142861,.37238094,.35416666,.39904761,.5997619,.50857145,.29369047,.26011905,.40892857,.47964284,.37273809,.34619048,.56226188,.48273808,.59845239,.6420238,1,0,75,Green
77,.55380952,.56,.55428571,.44047618,.5657143,.14285715,.17238095,.14285715,.44,.54190475,.45238096,.27380952,.28,.39904761,.4642857,.50619048,.40476191,.30904761,.38714287,.38714287,.41714287,.26761904,.43476191,.5714286,.14285715,.56,.41714287,.43428573,.5657143,.49380952,.47619048,.26238096,.42857143,.27380952,.5657143,.43952382,.37809524,.63,.27571428,.5714286,.40619048,.4747619,.41952381,.36428571,.33714285,.49952382,.45666668,.57333332,.17285714,.53428572,.27333334,.3547619,.22285715,.40476191,.54666668,.35857144,.27571428,.34380952,.21857142,.42999998,.46523809,.30333334,.39095238,.35666668,.26380953,.31333333,.2,.33380952,.63714284,.33571428,.47619048,.56190473,.59047621,.36857143,.45666668,.54285711,.47952381,.60047621,.31333333,.52571428,.54000002,.55285716,.62190479,.47952381,.34809524,.58380955,.47285715,.58333331,.4942857,.61952382,.56333333,.45761904,.36428571,.56714284,.40666667,.39285713,.40666667,.59428573,.51857144,.29095238,.29095238,.41142857,.49904761,.3895238,.36904761,.57476193,.54428571,.6257143,.61857146,.33333334,0,77,Green
74,.55428571,.5714286,.55428571,.44571429,.5714286,.14285715,.14285715,.14285715,.44571429,.55428571,.4642857,.2857143,.2857143,.41142857,.42857143,.44571429,.42857143,.16,.39285713,.2857143,.42857143,.2857143,.26857144,.58857143,.14285715,.5714286,.44571429,.4642857,.5714286,.48285714,.41142857,.2857143,.44571429,.14285715,.5714286,.40714285,.27857143,.26428571,.18571429,.43571427,.48571429,.54285717,.42857143,.29285714,.2,.43571427,.43571427,.60857141,.15714286,.16428572,.22857143,.60714287,.21428572,.32142857,.60714287,.19285715,.15000001,.30714285,.15714286,.62857145,.25714287,.27142859,.42857143,.26428571,.24285714,.38571429,.15714286,.30000001,.6242857,.27857143,.44285715,.55714285,.58571428,.23285714,.47857141,.42142856,.49285713,.48571429,.22857143,.53571427,.50714284,.41428572,.65714288,.44285715,.22571428,.57857144,.33571428,.62142855,.42857143,.60857141,.52571428,.33571428,.23285714,.49285713,.37857142,.23571429,.47142857,.63571429,.47857141,.25714287,.19285715,.41428572,.45714286,.30000001,.35714287,.51857144,.47428572,.63857144,.69142854,1,0,74,Green
76,.44571429,.53571427,.55428571,.42857143,.5714286,.16,.17857143,.16,.39285713,.5,.41142857,.2857143,.30285713,.41142857,.55428571,.5,.37428573,.26857144,.48285714,.35714287,.41142857,.35714287,.26857144,.5714286,.14285715,.5714286,.41142857,.42857143,.55428571,.53571427,.5,.32142857,.42857143,.16,.55428571,.38714287,.32142857,.38285714,.17857143,.32142857,.34714285,.55142856,.37285715,.36285713,.25999999,.45857143,.43857142,.5714286,.16285715,.17285714,.25999999,.66285712,.29142857,.32285714,.57714283,.25999999,.14857143,.33142856,.18857142,.47999999,.29571429,.19857143,.30571428,.27000001,.27571428,.30571428,.16285715,.25999999,.61428571,.26571429,.42857143,.52999997,.57714283,.20857143,.44857141,.51571429,.44428572,.59142858,.2557143,.5057143,.53571427,.4642857,.63285714,.42857143,.22428571,.5714286,.34142858,.55571431,.42857143,.58714288,.4642857,.41857144,.22428571,.54571426,.40142858,.25,.2857143,.64857143,.45428571,.2857143,.20428571,.30142859,.45571429,.28,.33714285,.58142859,.49000001,.63714284,.67285717,1,0,76,Green
79,.44952381,.53547621,.51476192,.50285715,.54499996,.16666667,.2297619,.14880952,.44904763,.52714288,.4140476,.33333334,.35095239,.45285714,.41095239,.52952385,.45238096,.38380954,.41714287,.41642857,.42857143,.22071429,.37214285,.56285715,.16095239,.42000002,.44357145,.4854762,.55952382,.48190475,.47880951,.27642858,.49404761,.24690476,.50285715,.46738094,.46333331,.505,.32190478,.33071429,.35928571,.48880953,.54809523,.38190478,.36857143,.43976191,.40071428,.54809523,.18880953,.22666667,.19642857,.49452382,.38499999,.49547619,.48738092,.35238093,.23428571,.39357144,.22785714,.31857145,.32095239,.33809525,.44142857,.31452382,.32333332,.28333333,.23047619,.3352381,.51166666,.375,.43095237,.57714283,.60309523,.3652381,.46952379,.5014286,.46857142,.55619049,.33309525,.58928573,.50119048,.52428567,.60857141,.44166666,.40976191,.58190477,.45238096,.54166669,.50976193,.57976186,.53571427,.45547619,.50952381,.5780952,.44976193,.52452379,.53738093,.51357144,.42809522,.27500001,.30309522,.47666669,.52952385,.38,.32380953,.50785714,.45261908,.56428576,.56452382,0,0,79,Neutral
73,.51857144,.56285715,.52642858,.42857143,.58000004,.33928573,.30285716,.14285715,.43714285,.48142856,.42857143,.28571427,.31285715,.38428572,.51857144,.47357142,.34785715,.32142857,.41071427,.39285713,.40142858,.28571427,.43785715,.58000004,.29500002,.59785712,.38357145,.42857143,.52714288,.44571429,.45499998,.25928572,.41142857,.34785712,.53571427,.3742857,.36571428,.30785716,.23857144,.66499996,.32499999,.52714288,.41,.39142856,.29357141,.44857144,.5642857,.52214283,.14785714,.17,.19857143,.20785713,.17214286,.32499999,.61000001,.38571429,.20142856,.29000002,.15642858,.49000001,.5064286,.235,.35500002,.28571427,.18142857,.25714287,.18000001,.26214287,.64928567,.33428574,.40285712,.47714287,.61214286,.44999999,.44142857,.46999997,.4407143,.64357144,.34428573,.5057143,.53142858,.54642856,.61428571,.42500001,.35000002,.59785712,.5607143,.5642857,.50857139,.60500002,.62928569,.3807143,.27857143,.55285716,.37,.32857144,.22857143,.6235714,.48857141,.43785715,.35642856,.345,.46642858,.30500001,.30642855,.5592857,.4992857,.59785712,.64214289,1,.5,73,Both Green and Brown
83,.58857143,.5714286,.56285715,.47285712,.58928573,.14285715,.18714286,.14285715,.47357142,.58000004,.49142855,.26785713,.26857144,.42857143,.50857139,.52642858,.41142857,.21428572,.42857143,.33071429,.42857143,.25857145,.27642858,.58928573,.14285715,.60714287,.45499998,.48214287,.58857143,.54499996,.50928569,.24071428,.46428573,.19642857,.58928573,.43214285,.3392857,.58428574,.16642857,.37642857,.35428572,.45785713,.31857145,.20285714,.2507143,.42285714,.24285714,.60285711,.15785715,.16999999,.18571427,.28071427,.18714285,.33071429,.52071428,.17571428,.52642858,.30500001,.21214285,.24642856,.21142857,.33071429,.31,.22071429,.34714285,.22785714,.22785714,.23714286,.64071429,.32071429,.44499999,.47785711,.6192857,.23785713,.45214286,.49071431,.49357143,.57642859,.21214285,.55142856,.55357146,.4407143,.64999998,.43357143,.20357144,.59785712,.36714286,.58071429,.41285715,.62857139,.48785713,.36500001,.2557143,.57357144,.38785714,.23214287,.28785715,.6235714,.51285714,.21428572,.23285714,.33071429,.47285718,.27785715,.3142857,.57428575,.50357139,.6321429,.6371429,0,0,83,Neutral
87,.44571429,.58857143,.48285714,.48285714,.58857143,.14285715,.14285715,.14285715,.4642857,.48285714,.44571429,.30285713,.30285713,.44571429,.42857143,.4642857,.42857143,.32142857,.30285713,.30285713,.4642857,.26857144,.35714287,.58857143,.14285715,.53571427,.4642857,.55428571,.5714286,.42857143,.42857143,.26857144,.4642857,.2857143,.5714286,.5,.46285716,.64571428,.16285715,.41428572,.38142857,.45571429,.62857145,.21714285,.47,.50999999,.32857144,.55714285,.17714286,.14285715,.25142857,.18428572,.18428572,.45571429,.51714283,.27142859,.68714285,.45571429,.25142857,.47,.29285714,.50285715,.42857143,.44285715,.34714285,.33285713,.50714284,.19,.64571428,.68714285,.49000001,.47,.57857144,.46285716,.52999997,.50999999,.52999997,.67285717,.25142857,.58571428,.52999997,.55714285,.66714287,.52999997,.43571427,.61285716,.50285715,.63571429,.52428573,.6857143,.58571428,.4757143,.20428571,.51714283,.55000001,.34714285,.65285712,.64999998,.50999999,.2857143,.27857143,.44999999,.52999997,.47,.46285716,.47,.55714285,.6842857,.60571426,0,0,87,Neutral
85,.51898926,.56967938,.55588305,.50780708,.57203591,.21112454,.28789157,.16552308,.45138291,.55097902,.43166104,.3093265,.32617876,.44435409,.35367864,.53866178,.41094849,.34815043,.40605372,.36848181,.44528326,.21579219,.35568571,.548895,.20672089,.4916918,.4895128,.54902858,.56652874,.42887375,.40301025,.28367668,.50238168,.28887498,.49231964,.47767106,.36546153,.55369794,.21441734,.44456434,.30867717,.39706129,.6033228,.33100733,.41444421,.46417385,.37121955,.56808716,.22080928,.16507839,.24591698,.20068888,.2133497,.36432698,.40190402,.36573651,.69558144,.44489205,.24741441,.39943492,.3208276,.51895821,.33810377,.3906354,.31953919,.27165788,.38438633,.21031795,.51739508,.66488326,.52092916,.51969081,.56635898,.47263736,.5212608,.48127034,.52677435,.62647349,.30670965,.6093685,.47661293,.5674178,.62346762,.53935897,.439105,.58006865,.5200789,.51332456,.56340414,.63706738,.54551405,.48974016,.23717314,.55629325,.48276556,.40188497,.62230474,.55333775,.54348963,.34095752,.34315115,.49179047,.52770013,.43809354,.45926178,.50549793,.53680879,.62311697,.52891499,0,0,85,Neutral
89,.47619048,.56857145,.49380952,.43714285,.55666667,.14285715,.17547619,.14285715,.4197619,.50904763,.4197619,.24428572,.25,.36619046,.33952382,.45809525,.35404763,.23833333,.29452381,.28,.41047621,.21119048,.28261906,.53309524,.14285715,.44047618,.51190478,.54166669,.54190475,.43428573,.42857143,.24119048,.44333333,.20857143,.5057143,.46642858,.44642857,.51857144,.16666667,.32738096,.33642858,.40642858,.58619046,.20619047,.37166667,.50976193,.23761906,.56761909,.17238095,.19904763,.26142856,.22714286,.22928572,.34999999,.36357144,.24690476,.6438095,.40571427,.33809525,.28833333,.28190476,.56119049,.34404764,.44428572,.39547619,.26071429,.53309524,.2004762,.51357144,.66809523,.4504762,.47095239,.52999997,.36190477,.44523811,.47119048,.43309525,.6395238,.20690477,.59500003,.37761906,.47,.62523812,.41,.43642858,.57261902,.39500001,.53928572,.51261902,.62309521,.50714284,.46071428,.23,.5057143,.49380952,.48142856,.5454762,.54095238,.50238097,.28,.26714286,.45976192,.45952383,.44452381,.36642858,.49880955,.50190473,.60928571,.50380951,0,0,89,Neutral
86,.5714286,.58857143,.55428571,.44571429,.55428571,.16,.25,.14285715,.42857143,.55428571,.42857143,.2857143,.2857143,.42857143,.44571429,.4642857,.41142857,.26857144,.39285713,.32142857,.41142857,.17857143,.30285713,.58857143,.14285715,.55428571,.48285714,.4642857,.55428571,.41142857,.42857143,.26857144,.4642857,.26857144,.5,.47285715,.39857143,.67000002,.16571428,.48142856,.32571429,.41,.64142859,.24428572,.37285715,.4942857,.25142857,.62,.16714285,.23285714,.23285714,.24428572,.18714286,.39285713,.52999997,.2857143,.67000002,.47714287,.21285714,.33571428,.27142859,.44571429,.41999999,.38,.3157143,.2742857,.38,.19714285,.53285712,.52571428,.38285714,.4757143,.54142857,.35428572,.44857141,.40142858,.45428571,.60857141,.20285714,.57999998,.44,.46000001,.64571428,.44,.40571427,.63714284,.46571428,.57714283,.44142857,.68714285,.54428571,.30428571,.23,.44857141,.33428571,.43285716,.60714287,.53285712,.39285713,.22428571,.23142858,.41142857,.33142856,.47285715,.27857143,.38428572,.43714285,.64285713,.46285716,0,0,86,Neutral
84,.54106265,.59220356,.55141062,.48649499,.59589314,.15476298,.20000862,.1456852,.47654349,.56323242,.46860519,.28116643,.29274186,.4284479,.38468146,.5469256,.41708109,.25188789,.33960283,.33618474,.45206925,.22236946,.32386556,.58250666,.15442146,.52621347,.51957768,.55155462,.57482511,.43793759,.43724197,.24142928,.48333442,.2452223,.55818719,.45678517,.38769555,.59015805,.17571178,.43136212,.34972131,.44884363,.56221145,.21324606,.34517705,.51843494,.29558894,.5963887,.17380917,.16477914,.2853961,.22196545,.20348345,.3851307,.44309416,.24930438,.68435645,.40288049,.30293435,.33930907,.25702938,.54531676,.37596494,.31323135,.37280974,.31235403,.51399952,.22975329,.57560903,.66786754,.45362136,.50895715,.60111612,.37127343,.4597953,.47287655,.47752532,.64517814,.23349458,.61125618,.44700783,.56328952,.65189219,.46456152,.36194715,.6085183,.44777706,.58892262,.52203691,.65854448,.56724054,.39481398,.24103893,.54428285,.44599977,.37840229,.53738093,.57890004,.50818503,.25182828,.22949401,.45254901,.46890074,.35124397,.35625333,.45213279,.51295412,.6495558,.55210191,0,0,84,Neutral
88,.53571427,.5714286,.51714283,.5,.5714286,.14285715,.2857143,.14285715,.44571429,.53571427,.44571429,.32142857,.32142857,.44571429,.39285713,.5,.41142857,.34,.35714287,.34,.42857143,.23142858,.32142857,.5714286,.14285715,.51714283,.48285714,.51714283,.5714286,.42857143,.39285713,.30285713,.44571429,.2857143,.51714283,.51571429,.5057143,.50428569,.2,.4342857,.36857143,.47714287,.61428571,.22,.44142857,.57285714,.25999999,.61142856,.19,.14285715,.24571429,.21285714,.20714286,.43571427,.47142857,.33285713,.68142855,.45714286,.26285714,.37142858,.29714286,.47428572,.40857142,.40857142,.27714285,.34571427,.47857141,.24142857,.51857144,.69571429,.38999999,.47857141,.48285714,.39571428,.41999999,.4642857,.37142858,.62714285,.28857142,.55428571,.42571428,.5057143,.60714287,.50428569,.35857144,.5714286,.43857142,.50857145,.46142858,.63285714,.55142856,.43142858,.23,.46571428,.54142857,.34285715,.58571428,.60000002,.52285713,.30000001,.26571429,.45857143,.43714285,.30285713,.40000001,.38857144,.47,.60000002,.48714286,0,0,88,Neutral
97,.51714283,.5714286,.55428571,.53571427,.5714286,.14285715,.14285715,.14285715,.53571427,.5714286,.53571427,.39285713,.39285713,.41142857,.42857143,.55428571,.44571429,.14285715,.44571429,.26857144,.48285714,.25,.41142857,.5714286,.14285715,.4642857,.55428571,.5714286,.5714286,.44571429,.4642857,.25,.4642857,.21428572,.55428571,.40428573,.39857143,.63,.15285714,.48285714,.39857143,.48714286,.5714286,.20428571,.32571429,.54285717,.23857144,.58999997,.14714286,.45285714,.26571429,.22428571,.19,.31428573,.51857144,.18142857,.61000001,.34428573,.27571428,.20999999,.24714285,.55285716,.31999999,.38142857,.47285715,.28999999,.58142859,.21857142,.55714285,.64999998,.50999999,.52857143,.53857142,.21857142,.40000001,.48571429,.38999999,.60428572,.17142858,.57571429,.36142856,.52285713,.64285713,.41857144,.23285714,.52285713,.30428571,.59571427,.38,.57571429,.45285714,.39571428,.18571429,.56142855,.45285714,.28999999,.49285713,.53714287,.54714286,.17571428,.15714286,.41857144,.42428571,.38428572,.30571428,.4757143,.55285716,.6242857,.59571427,0,0,97,Neutral
98,.51714283,.55428571,.48285714,.48285714,.55428571,.32142857,.34,.14285715,.4642857,.48285714,.44571429,.26857144,.2857143,.41142857,.39285713,.55428571,.41142857,.41142857,.30285713,.42857143,.41142857,.21428572,.42857143,.51714283,.32142857,.42857143,.51714283,.51714283,.53571427,.41142857,.41142857,.30285713,.44571429,.34,.44571429,.31,.33000001,.4642857,.18428572,.44285715,.33285713,.46142858,.6185714,.17142858,.22285715,.52999997,.31142858,.55714285,.15142857,.15142857,.28428572,.18857142,.17285714,.38999999,.43857142,.33285713,.61285716,.29285714,.33428571,.41142857,.23,.48857144,.36571428,.21571429,.37285715,.27857143,.41714287,.20857143,.5642857,.64571428,.47857141,.35857144,.57999998,.55285716,.45857143,.45714286,.47285715,.65571427,.34428573,.52142859,.44857141,.5642857,.63857144,.43571427,.54714286,.55857146,.6314286,.51142859,.45571429,.59714288,.57571429,.35571429,.34999999,.59428573,.36428571,.50428569,.53714287,.55142856,.44142857,.39285713,.35428572,.43000001,.44428572,.25,.34857142,.39857143,.48428571,.60000002,.54142857,0,0,98,Neutral
96,.51714283,.5714286,.5,.48285714,.55428571,.14285715,.17857143,.14285715,.55428571,.53571427,.42857143,.32142857,.39285713,.5,.48285714,.55428571,.42857143,.16,.39285713,.30285713,.42857143,.23142858,.35714287,.58857143,.14285715,.53571427,.55428571,.5,.55428571,.44571429,.41142857,.25,.51714283,.26857144,.55428571,.46714285,.43714285,.51999998,.14428571,.53428572,.28857142,.4642857,.58428574,.18571429,.31999999,.40857142,.20285714,.52142859,.14285715,.15142857,.22571428,.17142858,.15285714,.47857141,.54571426,.18571429,.61142856,.31857142,.22428571,.23999999,.38285714,.46142858,.31428573,.36142856,.25999999,.31857142,.46571428,.19857143,.53571427,.59571427,.44285715,.53428572,.56,.31999999,.49285713,.39714286,.42285714,.63,.17285714,.55857146,.49714285,.60142857,.65571427,.50285715,.41428572,.57857144,.48285714,.56,.52428573,.60000002,.5642857,.51428574,.17142858,.54428571,.37571427,.32285714,.59714288,.65142858,.54857141,.2557143,.24285714,.45857143,.38285714,.36285713,.30857143,.44285715,.50142854,.67571431,.65857142,0,0,96,Neutral
95,.56200004,.58066666,.56533337,.52285713,.58399999,.20238096,.2772381,.14638096,.46647617,.56323808,.48590475,.28209525,.2987619,.41809523,.42990476,.56666666,.43323809,.32295239,.37714288,.3902857,.45571429,.19895238,.35457143,.58285713,.19161905,.50504762,.56,.56923813,.5714286,.43790478,.44114286,.25628573,.4812381,.29314286,.52657139,.45266667,.36857143,.5964762,.19038095,.49342856,.38266668,.44628572,.61828572,.22857143,.30657142,.56923807,.33180952,.60685712,.1732381,.18342857,.29571429,.22247618,.21066667,.42228571,.53685713,.29295239,.67628568,.38314286,.34876192,.382,.27561906,.59942853,.43714285,.26447618,.47504762,.34704763,.51923811,.2387619,.60838097,.67733335,.53047621,.4832381,.62142855,.41095239,.51076192,.48495239,.54580951,.66895235,.22961904,.6146667,.45095238,.60104758,.66714287,.51999998,.4342857,.63438094,.49695238,.5822857,.52571428,.65866667,.59476191,.412,.27847618,.58771431,.40190476,.49942857,.57076192,.59123808,.53476191,.28866667,.27704763,.52685714,.45780951,.38028571,.38971427,.50752378,.57733333,.648,.5949524,0,0,95,Neutral
99,.54499996,.58000004,.48214287,.48214287,.53571427,.14285715,.16928571,.14285715,.56285715,.52714288,.56285715,.24071428,.26714286,.41071427,.29428571,.56214285,.42857143,.25857145,.32142857,.31214285,.43714285,.22357142,.28571427,.56285715,.14285715,.33928573,.57142854,.56285715,.5714286,.43714285,.43714285,.27714288,.48214287,.25,.55357146,.36000001,.37857145,.35214284,.18142857,.20357142,.33785713,.35785714,.56285715,.21642858,.21928571,.57357144,.24142858,.59714282,.19714285,.18357143,.28928572,.27071428,.19642857,.34642857,.315,.23214285,.48214287,.26142856,.35642856,.24285714,.18857142,.59857142,.41071427,.26142856,.44571429,.24142857,.58571428,.40071428,.50214285,.63571429,.53999996,.51428568,.57500005,.27142856,.42571428,.57214284,.47,.63999999,.21000001,.59357142,.38857144,.50928569,.6128571,.41642857,.44142854,.56,.39714286,.53714287,.47571427,.62857139,.56142855,.32928574,.31999999,.59071428,.46428573,.53357142,.52071428,.47428572,.50142854,.20642857,.21928571,.45714286,.51571429,.31857142,.29928571,.55928576,.56142855,.57571429,.51714289,0,0,99,Neutral
106,.52714288,.5714286,.5,.45499998,.55285716,.23214287,.25,.1607143,.41928571,.54428571,.42857143,.27642858,.31214285,.40142858,.42000002,.54499996,.39285713,.2857143,.2857143,.40214285,.41071427,.23285714,.3757143,.56214285,.21428573,.47285712,.51785713,.50857145,.54428571,.41928571,.4285714,.25928572,.47357142,.3214286,.50857145,.32357144,.35142857,.59071428,.16857143,.50642854,.36714286,.47428572,.55428576,.20214286,.22499999,.52499998,.26785713,.61642861,.16142857,.16928571,.29571429,.20714286,.1907143,.38428572,.49785715,.32571429,.64714289,.29214287,.31,.35357141,.21571429,.52214283,.43142855,.19785714,.43357143,.29285714,.50285715,.24857143,.61071432,.64857143,.46928573,.48285714,.6235714,.42571428,.43714285,.45499998,.46714285,.64571428,.24357143,.59071428,.46142858,.54642856,.65285712,.41428572,.42714286,.6307143,.51857144,.53357142,.53214288,.64857143,.60071433,.33785713,.24928573,.53571427,.42928571,.42357144,.53142858,.59571427,.51642859,.27071428,.28285715,.43785715,.40928572,.35142857,.31142858,.46642858,.53785717,.65785712,.51214284,0,0,106,Neutral
103,.44571429,.5714286,.48285714,.4642857,.5714286,.19714285,.25,.16,.48285714,.53571427,.44571429,.2857143,.2857143,.41142857,.30285713,.55428571,.42857143,.2857143,.39285713,.32142857,.42857143,.23142858,.2857143,.5714286,.19714285,.37428573,.5714286,.5714286,.5714286,.44571429,.44571429,.26857144,.51714283,.2857143,.55428571,.45714286,.44,.52857143,.19571428,.34571427,.37714285,.39571428,.65857142,.19142857,.33714285,.56857145,.23714286,.56857145,.18714286,.15285714,.27285713,.19714285,.15142857,.39714286,.37857142,.29857144,.65285712,.41,.29142857,.45714286,.23857144,.58714288,.38857144,.37428573,.44571429,.27571428,.65571427,.21714285,.4942857,.67142856,.51142859,.47999999,.61000001,.36285713,.53428572,.55142856,.42714286,.66857141,.19714285,.58285713,.39857143,.58571428,.63,.45857143,.55000001,.5642857,.43714285,.54285717,.46571428,.64571428,.5714286,.32285714,.27857143,.52714288,.47714287,.5642857,.63285714,.55571431,.49142858,.24142857,.21571429,.44714287,.52571428,.35428572,.29142857,.55857146,.56999999,.60571426,.55142856,0,0,103,Neutral
104,.54428571,.58857143,.51714283,.46428573,.56285715,.22285715,.23142856,.1607143,.47285715,.53571427,.51857144,.20571429,.20571429,.38428572,.35714287,.53571427,.42000002,.24071428,.42000002,.36571428,.43714285,.25,.36571428,.57142854,.22285715,.42000002,.5,.56285715,.56285715,.43714285,.42857143,.27714288,.45499998,.27642858,.55357146,.42214286,.47357142,.42642856,.15428571,.23357143,.38785714,.50428569,.62071431,.21714285,.33714285,.55500001,.32785714,.63857144,.15928572,.14714286,.3392857,.19357142,.19071428,.33142856,.40000001,.26071429,.54500002,.37857145,.245,.28214285,.23785713,.59142858,.34071428,.39857143,.39857143,.29928571,.59214282,.19499999,.54071426,.64499998,.48214287,.55642855,.58285713,.39857143,.42785716,.55071425,.44999999,.63285714,.25357142,.62142861,.39285713,.58642858,.63857144,.42500001,.35714287,.57142854,.42357141,.57142854,.49357143,.62071431,.50214285,.37785715,.235,.56357145,.51714283,.31999999,.56857145,.53357142,.5014286,.35357141,.29714286,.45785713,.51857144,.43285716,.32571429,.51071429,.56214285,.64571428,.58928573,0,0,104,Neutral
105,.47047618,.56238097,.47309524,.5,.53285712,.22619048,.26761904,.14285715,.47309524,.4797619,.46166667,.27380952,.29142857,.41690475,.32428572,.49738094,.43452382,.2857143,.35404763,.35142857,.43119046,.23238096,.32452381,.5447619,.20238096,.33357143,.53547621,.55952382,.53571427,.40761906,.39571428,.26857144,.45833334,.2947619,.4845238,.42333335,.43285713,.34714285,.1797619,.24238095,.35142857,.41952381,.6047619,.23071429,.2564286,.53309524,.25238094,.56833333,.39976192,.17999999,.26976189,.20238096,.22547619,.33285713,.36023808,.25785714,.45714286,.34523809,.38142857,.29666668,.22,.60642856,.38428572,.28261906,.46857142,.29190475,.59476191,.26238096,.4552381,.66666669,.50833333,.50666666,.61761904,.3847619,.51571429,.5007143,.51190478,.64071429,.29023808,.61738098,.41142857,.53238094,.61309522,.46404761,.46642855,.57999998,.48738095,.52904761,.50238097,.59952378,.55166668,.39047617,.32761905,.565,.48142859,.49976191,.55880952,.47595239,.42119047,.29880953,.29238096,.50904763,.54571432,.30404761,.34404761,.58714288,.51404762,.58785713,.54571432,0,0,105,Neutral
149,.55530614,.57440817,.51008165,.44114286,.5559184,.15714286,.16318367,.14383674,.59106123,.50212246,.57648981,.24987756,.26681632,.39608163,.37951019,.51991838,.39559183,.17081633,.34787756,.23481633,.41534695,.24261224,.23779592,.58551019,.15763266,.38277552,.4275102,.46865305,.6081633,.43400002,.43302041,.23628572,.46008164,.18163265,.57032657,.43134695,.41836736,.33110204,.21387754,.29542857,.44326532,.50310206,.44285715,.28477553,.2992245,.63285714,.30167347,.63902038,.26069388,.18195918,.28971428,.35293877,.37028572,.40567347,.4797959,.24763265,.26987755,.38122448,.36889794,.28783673,.23824489,.44367346,.35722449,.28518367,.43281633,.29583675,.32763267,.24616326,.56816328,.41624489,.55395919,.50163263,.57897961,.28236735,.4544898,.52383673,.44142857,.54428571,.2275102,.56885713,.4047755,.44955102,.6262449,.45640817,.27514285,.56444895,.32395917,.60036737,.5222857,.57787758,.47416326,.3400408,.21828571,.57893878,.43118367,.28640816,.43069386,.54889798,.47799999,.2272653,.2044898,.41653061,.49938777,.3322857,.32057142,.60134691,.65889794,.619551,.60897958,0,0,149,Neutral
147,.55530614,.57440817,.51008165,.44114286,.5559184,.15714286,.16318367,.14383674,.59106123,.50212246,.57648981,.24987756,.26681632,.39608163,.37951019,.51991838,.39559183,.17081633,.34787756,.23481633,.41534695,.24261224,.23779592,.58551019,.15763266,.38277552,.4275102,.46865305,.6081633,.43400002,.43302041,.23628572,.46008164,.18163265,.57032657,.43134695,.41836736,.33110204,.21387754,.29542857,.44326532,.50310206,.44285715,.28477553,.2992245,.63285714,.30167347,.63902038,.26069388,.18195918,.28971428,.35293877,.37028572,.40567347,.4797959,.24763265,.26987755,.38122448,.36889794,.28783673,.23824489,.44367346,.35722449,.28518367,.43281633,.29583675,.32763267,.24616326,.56816328,.41624489,.55395919,.50163263,.57897961,.28236735,.4544898,.52383673,.44142857,.54428571,.2275102,.56885713,.4047755,.44955102,.6262449,.45640817,.27514285,.56444895,.32395917,.60036737,.5222857,.57787758,.47416326,.3400408,.21828571,.57893878,.43118367,.28640816,.43069386,.54889798,.47799999,.2272653,.2044898,.41653061,.49938777,.3322857,.32057142,.60134691,.65889794,.619551,.60897958,0,0,147,Neutral
155,.45499998,.56285715,.45571429,.54499996,.5,.14285715,.17,.14285715,.58000004,.47285715,.56285715,.18714285,.26785713,.42000002,.30357143,.55357146,.42857143,.14285715,.24071428,.25928572,.44642857,.1607143,.27714288,.54499996,.14285715,.21428572,.51714283,.56214285,.5714286,.38428572,.41071427,.22285715,.48214287,.23214287,.44642857,.39857143,.41785714,.27142859,.17857143,.20285714,.35285714,.37142858,.48071426,.23785713,.20928571,.62,.22428572,.60000002,.34285715,.21571428,.30642858,.36714286,.34214285,.32499999,.44142854,.19499999,.30714285,.32285714,.34714288,.19499999,.21357143,.50214285,.47142857,.25285715,.41142857,.26571429,.39928573,.24571428,.39428574,.57142854,.47285718,.43857145,.52285719,.23071429,.45357144,.51071429,.50714284,.46142858,.15000001,.58071429,.30785716,.48571426,.5642857,.4285714,.36428571,.48571429,.33357143,.38928571,.39857143,.52928573,.48357141,.35214287,.185,.53357142,.34857142,.40928572,.42928571,.40785712,.39285713,.21142858,.16571429,.48928571,.47714287,.26785713,.25642857,.5657143,.55142856,.48714286,.41571426,0,0,155,Neutral
156,.52380949,.5714286,.48809522,.51809525,.54761904,.15476191,.19619048,.14285715,.58904761,.50619048,.57714289,.20809524,.27380952,.39857143,.39904761,.55428571,.42238095,.20285715,.27952382,.26809525,.42857143,.2204762,.26761907,.5714286,.16095239,.26761904,.48809522,.56,.59476191,.43428573,.43428573,.24380952,.4942857,.21476191,.54761904,.43666667,.46047619,.32571429,.24333334,.28666666,.3952381,.49142858,.4804762,.31285715,.28999999,.63380951,.33333334,.63904762,.29952383,.23952381,.26809525,.35285714,.40714285,.3595238,.47238097,.26904762,.25761905,.34476191,.34380952,.26476189,.26666665,.51714283,.43238094,.25904763,.41714287,.29476193,.37476191,.2904762,.52333331,.5252381,.59047616,.50380957,.59714288,.2961905,.51523811,.5909524,.53761905,.54714286,.23476191,.61523807,.38857144,.53190476,.61238098,.49285713,.33142856,.57285714,.37523809,.51095235,.50523812,.58380955,.54523808,.35904762,.1847619,.60857141,.43619049,.36476192,.43761906,.51428574,.43000001,.24476191,.19857143,.52428573,.51857144,.3204762,.2257143,.58714283,.61619049,.58714283,.54095238,0,0,156,Neutral
114,.55530614,.57440817,.51008165,.44114286,.5559184,.15714286,.16318367,.14383674,.59106123,.50212246,.57648981,.24987756,.26681632,.39608163,.37951019,.51991838,.39559183,.17081633,.34787756,.23481633,.41534695,.24261224,.23779592,.58551019,.15763266,.38277552,.4275102,.46865305,.6081633,.43400002,.43302041,.23628572,.46008164,.18163265,.57032657,.43134695,.41836736,.33110204,.21387754,.29542857,.44326532,.50310206,.44285715,.28477553,.2992245,.63285714,.30167347,.63902038,.26069388,.18195918,.28971428,.35293877,.37028572,.40567347,.4797959,.24763265,.26987755,.38122448,.36889794,.28783673,.23824489,.44367346,.35722449,.28518367,.43281633,.29583675,.32763267,.24616326,.56816328,.41624489,.55395919,.50163263,.57897961,.28236735,.4544898,.52383673,.44142857,.54428571,.2275102,.56885713,.4047755,.44955102,.6262449,.45640817,.27514285,.56444895,.32395917,.60036737,.5222857,.57787758,.47416326,.3400408,.21828571,.57893878,.43118367,.28640816,.43069386,.54889798,.47799999,.2272653,.2044898,.41653061,.49938777,.3322857,.32057142,.60134691,.65889794,.619551,.60897958,0,0,114,Neutral
148,.55530614,.57440817,.51008165,.44114286,.5559184,.15714286,.16318367,.14383674,.59106123,.50212246,.57648981,.24987756,.26681632,.39608163,.37951019,.51991838,.39559183,.17081633,.34787756,.23481633,.41534695,.24261224,.23779592,.58551019,.15763266,.38277552,.4275102,.46865305,.6081633,.43400002,.43302041,.23628572,.46008164,.18163265,.57032657,.43134695,.41836736,.33110204,.21387754,.29542857,.44326532,.50310206,.44285715,.28477553,.2992245,.63285714,.30167347,.63902038,.26069388,.18195918,.28971428,.35293877,.37028572,.40567347,.4797959,.24763265,.26987755,.38122448,.36889794,.28783673,.23824489,.44367346,.35722449,.28518367,.43281633,.29583675,.32763267,.24616326,.56816328,.41624489,.55395919,.50163263,.57897961,.28236735,.4544898,.52383673,.44142857,.54428571,.2275102,.56885713,.4047755,.44955102,.6262449,.45640817,.27514285,.56444895,.32395917,.60036737,.5222857,.57787758,.47416326,.3400408,.21828571,.57893878,.43118367,.28640816,.43069386,.54889798,.47799999,.2272653,.2044898,.41653061,.49938777,.3322857,.32057142,.60134691,.65889794,.619551,.60897958,0,0,148,Neutral
145,.55530614,.57440817,.51008165,.44114286,.5559184,.15714286,.16318367,.14383674,.59106123,.50212246,.57648981,.24987756,.26681632,.39608163,.37951019,.51991838,.39559183,.17081633,.34787756,.23481633,.41534695,.24261224,.23779592,.58551019,.15763266,.38277552,.4275102,.46865305,.6081633,.43400002,.43302041,.23628572,.46008164,.18163265,.57032657,.43134695,.41836736,.33110204,.21387754,.29542857,.44326532,.50310206,.44285715,.28477553,.2992245,.63285714,.30167347,.63902038,.26069388,.18195918,.28971428,.35293877,.37028572,.40567347,.4797959,.24763265,.26987755,.38122448,.36889794,.28783673,.23824489,.44367346,.35722449,.28518367,.43281633,.29583675,.32763267,.24616326,.56816328,.41624489,.55395919,.50163263,.57897961,.28236735,.4544898,.52383673,.44142857,.54428571,.2275102,.56885713,.4047755,.44955102,.6262449,.45640817,.27514285,.56444895,.32395917,.60036737,.5222857,.57787758,.47416326,.3400408,.21828571,.57893878,.43118367,.28640816,.43069386,.54889798,.47799999,.2272653,.2044898,.41653061,.49938777,.3322857,.32057142,.60134691,.65889794,.619551,.60897958,0,0,145,Neutral
117,.55530614,.57440817,.51008165,.44114286,.5559184,.15714286,.16318367,.14383674,.59106123,.50212246,.57648981,.24987756,.26681632,.39608163,.37951019,.51991838,.39559183,.17081633,.34787756,.23481633,.41534695,.24261224,.23779592,.58551019,.15763266,.38277552,.4275102,.46865305,.6081633,.43400002,.43302041,.23628572,.46008164,.18163265,.57032657,.43134695,.41836736,.33110204,.21387754,.29542857,.44326532,.50310206,.44285715,.28477553,.2992245,.63285714,.30167347,.63902038,.26069388,.18195918,.28971428,.35293877,.37028572,.40567347,.4797959,.24763265,.26987755,.38122448,.36889794,.28783673,.23824489,.44367346,.35722449,.28518367,.43281633,.29583675,.32763267,.24616326,.56816328,.41624489,.55395919,.50163263,.57897961,.28236735,.4544898,.52383673,.44142857,.54428571,.2275102,.56885713,.4047755,.44955102,.6262449,.45640817,.27514285,.56444895,.32395917,.60036737,.5222857,.57787758,.47416326,.3400408,.21828571,.57893878,.43118367,.28640816,.43069386,.54889798,.47799999,.2272653,.2044898,.41653061,.49938777,.3322857,.32057142,.60134691,.65889794,.619551,.60897958,0,0,117,Neutral
137,.55530614,.57440817,.51008165,.44114286,.5559184,.15714286,.16318367,.14383674,.59106123,.50212246,.57648981,.24987756,.26681632,.39608163,.37951019,.51991838,.39559183,.17081633,.34787756,.23481633,.41534695,.24261224,.23779592,.58551019,.15763266,.38277552,.4275102,.46865305,.6081633,.43400002,.43302041,.23628572,.46008164,.18163265,.57032657,.43134695,.41836736,.33110204,.21387754,.29542857,.44326532,.50310206,.44285715,.28477553,.2992245,.63285714,.30167347,.63902038,.26069388,.18195918,.28971428,.35293877,.37028572,.40567347,.4797959,.24763265,.26987755,.38122448,.36889794,.28783673,.23824489,.44367346,.35722449,.28518367,.43281633,.29583675,.32763267,.24616326,.56816328,.41624489,.55395919,.50163263,.57897961,.28236735,.4544898,.52383673,.44142857,.54428571,.2275102,.56885713,.4047755,.44955102,.6262449,.45640817,.27514285,.56444895,.32395917,.60036737,.5222857,.57787758,.47416326,.3400408,.21828571,.57893878,.43118367,.28640816,.43069386,.54889798,.47799999,.2272653,.2044898,.41653061,.49938777,.3322857,.32057142,.60134691,.65889794,.619551,.60897958,0,0,137,Neutral
118,.55530614,.57440817,.51008165,.44114286,.5559184,.15714286,.16318367,.14383674,.59106123,.50212246,.57648981,.24987756,.26681632,.39608163,.37951019,.51991838,.39559183,.17081633,.34787756,.23481633,.41534695,.24261224,.23779592,.58551019,.15763266,.38277552,.4275102,.46865305,.6081633,.43400002,.43302041,.23628572,.46008164,.18163265,.57032657,.43134695,.41836736,.33110204,.21387754,.29542857,.44326532,.50310206,.44285715,.28477553,.2992245,.63285714,.30167347,.63902038,.26069388,.18195918,.28971428,.35293877,.37028572,.40567347,.4797959,.24763265,.26987755,.38122448,.36889794,.28783673,.23824489,.44367346,.35722449,.28518367,.43281633,.29583675,.32763267,.24616326,.56816328,.41624489,.55395919,.50163263,.57897961,.28236735,.4544898,.52383673,.44142857,.54428571,.2275102,.56885713,.4047755,.44955102,.6262449,.45640817,.27514285,.56444895,.32395917,.60036737,.5222857,.57787758,.47416326,.3400408,.21828571,.57893878,.43118367,.28640816,.43069386,.54889798,.47799999,.2272653,.2044898,.41653061,.49938777,.3322857,.32057142,.60134691,.65889794,.619551,.60897958,0,0,118,Neutral
134,.55530614,.57440817,.51008165,.44114286,.5559184,.15714286,.16318367,.14383674,.59106123,.50212246,.57648981,.24987756,.26681632,.39608163,.37951019,.51991838,.39559183,.17081633,.34787756,.23481633,.41534695,.24261224,.23779592,.58551019,.15763266,.38277552,.4275102,.46865305,.6081633,.43400002,.43302041,.23628572,.46008164,.18163265,.57032657,.43134695,.41836736,.33110204,.21387754,.29542857,.44326532,.50310206,.44285715,.28477553,.2992245,.63285714,.30167347,.63902038,.26069388,.18195918,.28971428,.35293877,.37028572,.40567347,.4797959,.24763265,.26987755,.38122448,.36889794,.28783673,.23824489,.44367346,.35722449,.28518367,.43281633,.29583675,.32763267,.24616326,.56816328,.41624489,.55395919,.50163263,.57897961,.28236735,.4544898,.52383673,.44142857,.54428571,.2275102,.56885713,.4047755,.44955102,.6262449,.45640817,.27514285,.56444895,.32395917,.60036737,.5222857,.57787758,.47416326,.3400408,.21828571,.57893878,.43118367,.28640816,.43069386,.54889798,.47799999,.2272653,.2044898,.41653061,.49938777,.3322857,.32057142,.60134691,.65889794,.619551,.60897958,0,0,134,Neutral
157,.51714283,.5714286,.51785713,.51785713,.55428571,.18714286,.22357142,.14285715,.58857143,.51785713,.56285715,.25,.29500002,.39285713,.41142857,.55428571,.43714285,.24142858,.21428572,.27642858,.43714285,.25,.27714288,.5714286,.17857143,.26785713,.49071428,.54499996,.58000004,.42857143,.44571429,.25,.49142855,.21428573,.54499996,.45999998,.45571429,.30714285,.24785715,.29142857,.43714285,.51571429,.56071424,.34857142,.32642859,.65142858,.34785712,.6192857,.315,.20500001,.26499999,.36285716,.31857145,.39499998,.44499999,.26857144,.27714285,.44499999,.32428572,.28214288,.33571428,.50785714,.46214285,.32428572,.41785714,.34357142,.39714286,.29071426,.51642859,.50214285,.59714288,.48642856,.60928571,.35142857,.52999997,.56142855,.5014286,.55071425,.26928571,.58928573,.40142858,.50142854,.56357145,.49642858,.35642856,.54857147,.41071427,.52214289,.49285716,.58428574,.53999996,.40071428,.28928572,.6235714,.45785713,.39785713,.47857141,.50714284,.44428569,.29571429,.27571428,.54785717,.58142853,.38357145,.30357143,.59285712,.60000002,.59714282,.55714285,0,0,157,Neutral
136,.55530614,.57440817,.51008165,.44114286,.5559184,.15714286,.16318367,.14383674,.59106123,.50212246,.57648981,.24987756,.26681632,.39608163,.37951019,.51991838,.39559183,.17081633,.34787756,.23481633,.41534695,.24261224,.23779592,.58551019,.15763266,.38277552,.4275102,.46865305,.6081633,.43400002,.43302041,.23628572,.46008164,.18163265,.57032657,.43134695,.41836736,.33110204,.21387754,.29542857,.44326532,.50310206,.44285715,.28477553,.2992245,.63285714,.30167347,.63902038,.26069388,.18195918,.28971428,.35293877,.37028572,.40567347,.4797959,.24763265,.26987755,.38122448,.36889794,.28783673,.23824489,.44367346,.35722449,.28518367,.43281633,.29583675,.32763267,.24616326,.56816328,.41624489,.55395919,.50163263,.57897961,.28236735,.4544898,.52383673,.44142857,.54428571,.2275102,.56885713,.4047755,.44955102,.6262449,.45640817,.27514285,.56444895,.32395917,.60036737,.5222857,.57787758,.47416326,.3400408,.21828571,.57893878,.43118367,.28640816,.43069386,.54889798,.47799999,.2272653,.2044898,.41653061,.49938777,.3322857,.32057142,.60134691,.65889794,.619551,.60897958,0,0,136,Neutral
154,.55530614,.57440817,.51008165,.44114286,.5559184,.15714286,.16318367,.14383674,.59106123,.50212246,.57648981,.24987756,.26681632,.39608163,.37951019,.51991838,.39559183,.17081633,.34787756,.23481633,.41534695,.24261224,.23779592,.58551019,.15763266,.38277552,.4275102,.46865305,.6081633,.43400002,.43302041,.23628572,.46008164,.18163265,.57032657,.43134695,.41836736,.33110204,.21387754,.29542857,.44326532,.50310206,.44285715,.28477553,.2992245,.63285714,.30167347,.63902038,.26069388,.18195918,.28971428,.35293877,.37028572,.40567347,.4797959,.24763265,.26987755,.38122448,.36889794,.28783673,.23824489,.44367346,.35722449,.28518367,.43281633,.29583675,.32763267,.24616326,.56816328,.41624489,.55395919,.50163263,.57897961,.28236735,.4544898,.52383673,.44142857,.54428571,.2275102,.56885713,.4047755,.44955102,.6262449,.45640817,.27514285,.56444895,.32395917,.60036737,.5222857,.57787758,.47416326,.3400408,.21828571,.57893878,.43118367,.28640816,.43069386,.54889798,.47799999,.2272653,.2044898,.41653061,.49938777,.3322857,.32057142,.60134691,.65889794,.619551,.60897958,0,0,154,Neutral
144,.55530614,.57440817,.51008165,.44114286,.5559184,.15714286,.16318367,.14383674,.59106123,.50212246,.57648981,.24987756,.26681632,.39608163,.37951019,.51991838,.39559183,.17081633,.34787756,.23481633,.41534695,.24261224,.23779592,.58551019,.15763266,.38277552,.4275102,.46865305,.6081633,.43400002,.43302041,.23628572,.46008164,.18163265,.57032657,.43134695,.41836736,.33110204,.21387754,.29542857,.44326532,.50310206,.44285715,.28477553,.2992245,.63285714,.30167347,.63902038,.26069388,.18195918,.28971428,.35293877,.37028572,.40567347,.4797959,.24763265,.26987755,.38122448,.36889794,.28783673,.23824489,.44367346,.35722449,.28518367,.43281633,.29583675,.32763267,.24616326,.56816328,.41624489,.55395919,.50163263,.57897961,.28236735,.4544898,.52383673,.44142857,.54428571,.2275102,.56885713,.4047755,.44955102,.6262449,.45640817,.27514285,.56444895,.32395917,.60036737,.5222857,.57787758,.47416326,.3400408,.21828571,.57893878,.43118367,.28640816,.43069386,.54889798,.47799999,.2272653,.2044898,.41653061,.49938777,.3322857,.32057142,.60134691,.65889794,.619551,.60897958,0,0,144,Neutral
159,.50738096,.55874997,.48607144,.4747619,.505,.14285715,.14857143,.14285715,.56488097,.48613095,.54851192,.22755952,.24464285,.38946429,.36291668,.49904761,.40154761,.2029762,.26142856,.26654762,.41880953,.22488095,.22833334,.53351194,.14285715,.2544643,.48761904,.505,.55184525,.40404761,.39660713,.24571429,.46940476,.18053572,.50744045,.41267857,.39619046,.31482142,.16571429,.27446428,.39708334,.41452381,.51327378,.20755953,.24625,.61184525,.2252381,.59910715,.23892857,.21761905,.28589284,.32636905,.30541667,.3182143,.4542262,.19940478,.20416667,.32833332,.30934525,.25244048,.22428572,.41238093,.33351189,.30267859,.39535716,.23863095,.3067857,.22291666,.46583334,.43392858,.57755953,.43988097,.57720238,.23964286,.44380951,.51255953,.44505954,.51607144,.20291667,.59833336,.33654761,.43666667,.5820238,.40589285,.285,.5057143,.32494047,.5738095,.44857144,.56517857,.47720239,.34321427,.24869049,.54964286,.43297619,.29875001,.47970238,.46077383,.47678572,.20827381,.20351189,.42261904,.47708336,.3469643,.27869049,.55011904,.63619047,.54523808,.54089284,.16666667,0,159,Green
116,.55530614,.57440817,.51008165,.44114286,.5559184,.15714286,.16318367,.14383674,.59106123,.50212246,.57648981,.24987756,.26681632,.39608163,.37951019,.51991838,.39559183,.17081633,.34787756,.23481633,.41534695,.24261224,.23779592,.58551019,.15763266,.38277552,.4275102,.46865305,.6081633,.43400002,.43302041,.23628572,.46008164,.18163265,.57032657,.43134695,.41836736,.33110204,.21387754,.29542857,.44326532,.50310206,.44285715,.28477553,.2992245,.63285714,.30167347,.63902038,.26069388,.18195918,.28971428,.35293877,.37028572,.40567347,.4797959,.24763265,.26987755,.38122448,.36889794,.28783673,.23824489,.44367346,.35722449,.28518367,.43281633,.29583675,.32763267,.24616326,.56816328,.41624489,.55395919,.50163263,.57897961,.28236735,.4544898,.52383673,.44142857,.54428571,.2275102,.56885713,.4047755,.44955102,.6262449,.45640817,.27514285,.56444895,.32395917,.60036737,.5222857,.57787758,.47416326,.3400408,.21828571,.57893878,.43118367,.28640816,.43069386,.54889798,.47799999,.2272653,.2044898,.41653061,.49938777,.3322857,.32057142,.60134691,.65889794,.619551,.60897958,0,0,116,Neutral
127,.55530614,.57440817,.51008165,.44114286,.5559184,.15714286,.16318367,.14383674,.59106123,.50212246,.57648981,.24987756,.26681632,.39608163,.37951019,.51991838,.39559183,.17081633,.34787756,.23481633,.41534695,.24261224,.23779592,.58551019,.15763266,.38277552,.4275102,.46865305,.6081633,.43400002,.43302041,.23628572,.46008164,.18163265,.57032657,.43134695,.41836736,.33110204,.21387754,.29542857,.44326532,.50310206,.44285715,.28477553,.2992245,.63285714,.30167347,.63902038,.26069388,.18195918,.28971428,.35293877,.37028572,.40567347,.4797959,.24763265,.26987755,.38122448,.36889794,.28783673,.23824489,.44367346,.35722449,.28518367,.43281633,.29583675,.32763267,.24616326,.56816328,.41624489,.55395919,.50163263,.57897961,.28236735,.4544898,.52383673,.44142857,.54428571,.2275102,.56885713,.4047755,.44955102,.6262449,.45640817,.27514285,.56444895,.32395917,.60036737,.5222857,.57787758,.47416326,.3400408,.21828571,.57893878,.43118367,.28640816,.43069386,.54889798,.47799999,.2272653,.2044898,.41653061,.49938777,.3322857,.32057142,.60134691,.65889794,.619551,.60897958,0,0,127,Neutral
113,.55530614,.57440817,.51008165,.44114286,.5559184,.15714286,.16318367,.14383674,.59106123,.50212246,.57648981,.24987756,.26681632,.39608163,.37951019,.51991838,.39559183,.17081633,.34787756,.23481633,.41534695,.24261224,.23779592,.58551019,.15763266,.38277552,.4275102,.46865305,.6081633,.43400002,.43302041,.23628572,.46008164,.18163265,.57032657,.43134695,.41836736,.33110204,.21387754,.29542857,.44326532,.50310206,.44285715,.28477553,.2992245,.63285714,.30167347,.63902038,.26069388,.18195918,.28971428,.35293877,.37028572,.40567347,.4797959,.24763265,.26987755,.38122448,.36889794,.28783673,.23824489,.44367346,.35722449,.28518367,.43281633,.29583675,.32763267,.24616326,.56816328,.41624489,.55395919,.50163263,.57897961,.28236735,.4544898,.52383673,.44142857,.54428571,.2275102,.56885713,.4047755,.44955102,.6262449,.45640817,.27514285,.56444895,.32395917,.60036737,.5222857,.57787758,.47416326,.3400408,.21828571,.57893878,.43118367,.28640816,.43069386,.54889798,.47799999,.2272653,.2044898,.41653061,.49938777,.3322857,.32057142,.60134691,.65889794,.619551,.60897958,0,0,113,Neutral
146,.55530614,.57440817,.51008165,.44114286,.5559184,.15714286,.16318367,.14383674,.59106123,.50212246,.57648981,.24987756,.26681632,.39608163,.37951019,.51991838,.39559183,.17081633,.34787756,.23481633,.41534695,.24261224,.23779592,.58551019,.15763266,.38277552,.4275102,.46865305,.6081633,.43400002,.43302041,.23628572,.46008164,.18163265,.57032657,.43134695,.41836736,.33110204,.21387754,.29542857,.44326532,.50310206,.44285715,.28477553,.2992245,.63285714,.30167347,.63902038,.26069388,.18195918,.28971428,.35293877,.37028572,.40567347,.4797959,.24763265,.26987755,.38122448,.36889794,.28783673,.23824489,.44367346,.35722449,.28518367,.43281633,.29583675,.32763267,.24616326,.56816328,.41624489,.55395919,.50163263,.57897961,.28236735,.4544898,.52383673,.44142857,.54428571,.2275102,.56885713,.4047755,.44955102,.6262449,.45640817,.27514285,.56444895,.32395917,.60036737,.5222857,.57787758,.47416326,.3400408,.21828571,.57893878,.43118367,.28640816,.43069386,.54889798,.47799999,.2272653,.2044898,.41653061,.49938777,.3322857,.32057142,.60134691,.65889794,.619551,.60897958,0,0,146,Neutral
153,.55530614,.57440817,.51008165,.44114286,.5559184,.15714286,.16318367,.14383674,.59106123,.50212246,.57648981,.24987756,.26681632,.39608163,.37951019,.51991838,.39559183,.17081633,.34787756,.23481633,.41534695,.24261224,.23779592,.58551019,.15763266,.38277552,.4275102,.46865305,.6081633,.43400002,.43302041,.23628572,.46008164,.18163265,.57032657,.43134695,.41836736,.33110204,.21387754,.29542857,.44326532,.50310206,.44285715,.28477553,.2992245,.63285714,.30167347,.63902038,.26069388,.18195918,.28971428,.35293877,.37028572,.40567347,.4797959,.24763265,.26987755,.38122448,.36889794,.28783673,.23824489,.44367346,.35722449,.28518367,.43281633,.29583675,.32763267,.24616326,.56816328,.41624489,.55395919,.50163263,.57897961,.28236735,.4544898,.52383673,.44142857,.54428571,.2275102,.56885713,.4047755,.44955102,.6262449,.45640817,.27514285,.56444895,.32395917,.60036737,.5222857,.57787758,.47416326,.3400408,.21828571,.57893878,.43118367,.28640816,.43069386,.54889798,.47799999,.2272653,.2044898,.41653061,.49938777,.3322857,.32057142,.60134691,.65889794,.619551,.60897958,0,0,153,Neutral
129,.55530614,.57440817,.51008165,.44114286,.5559184,.15714286,.16318367,.14383674,.59106123,.50212246,.57648981,.24987756,.26681632,.39608163,.37951019,.51991838,.39559183,.17081633,.34787756,.23481633,.41534695,.24261224,.23779592,.58551019,.15763266,.38277552,.4275102,.46865305,.6081633,.43400002,.43302041,.23628572,.46008164,.18163265,.57032657,.43134695,.41836736,.33110204,.21387754,.29542857,.44326532,.50310206,.44285715,.28477553,.2992245,.63285714,.30167347,.63902038,.26069388,.18195918,.28971428,.35293877,.37028572,.40567347,.4797959,.24763265,.26987755,.38122448,.36889794,.28783673,.23824489,.44367346,.35722449,.28518367,.43281633,.29583675,.32763267,.24616326,.56816328,.41624489,.55395919,.50163263,.57897961,.28236735,.4544898,.52383673,.44142857,.54428571,.2275102,.56885713,.4047755,.44955102,.6262449,.45640817,.27514285,.56444895,.32395917,.60036737,.5222857,.57787758,.47416326,.3400408,.21828571,.57893878,.43118367,.28640816,.43069386,.54889798,.47799999,.2272653,.2044898,.41653061,.49938777,.3322857,.32057142,.60134691,.65889794,.619551,.60897958,0,0,129,Neutral
139,.55530614,.57440817,.51008165,.44114286,.5559184,.15714286,.16318367,.14383674,.59106123,.50212246,.57648981,.24987756,.26681632,.39608163,.37951019,.51991838,.39559183,.17081633,.34787756,.23481633,.41534695,.24261224,.23779592,.58551019,.15763266,.38277552,.4275102,.46865305,.6081633,.43400002,.43302041,.23628572,.46008164,.18163265,.57032657,.43134695,.41836736,.33110204,.21387754,.29542857,.44326532,.50310206,.44285715,.28477553,.2992245,.63285714,.30167347,.63902038,.26069388,.18195918,.28971428,.35293877,.37028572,.40567347,.4797959,.24763265,.26987755,.38122448,.36889794,.28783673,.23824489,.44367346,.35722449,.28518367,.43281633,.29583675,.32763267,.24616326,.56816328,.41624489,.55395919,.50163263,.57897961,.28236735,.4544898,.52383673,.44142857,.54428571,.2275102,.56885713,.4047755,.44955102,.6262449,.45640817,.27514285,.56444895,.32395917,.60036737,.5222857,.57787758,.47416326,.3400408,.21828571,.57893878,.43118367,.28640816,.43069386,.54889798,.47799999,.2272653,.2044898,.41653061,.49938777,.3322857,.32057142,.60134691,.65889794,.619551,.60897958,0,0,139,Neutral
123,.55530614,.57440817,.51008165,.44114286,.5559184,.15714286,.16318367,.14383674,.59106123,.50212246,.57648981,.24987756,.26681632,.39608163,.37951019,.51991838,.39559183,.17081633,.34787756,.23481633,.41534695,.24261224,.23779592,.58551019,.15763266,.38277552,.4275102,.46865305,.6081633,.43400002,.43302041,.23628572,.46008164,.18163265,.57032657,.43134695,.41836736,.33110204,.21387754,.29542857,.44326532,.50310206,.44285715,.28477553,.2992245,.63285714,.30167347,.63902038,.26069388,.18195918,.28971428,.35293877,.37028572,.40567347,.4797959,.24763265,.26987755,.38122448,.36889794,.28783673,.23824489,.44367346,.35722449,.28518367,.43281633,.29583675,.32763267,.24616326,.56816328,.41624489,.55395919,.50163263,.57897961,.28236735,.4544898,.52383673,.44142857,.54428571,.2275102,.56885713,.4047755,.44955102,.6262449,.45640817,.27514285,.56444895,.32395917,.60036737,.5222857,.57787758,.47416326,.3400408,.21828571,.57893878,.43118367,.28640816,.43069386,.54889798,.47799999,.2272653,.2044898,.41653061,.49938777,.3322857,.32057142,.60134691,.65889794,.619551,.60897958,0,0,123,Neutral
119,.55530614,.57440817,.51008165,.44114286,.5559184,.15714286,.16318367,.14383674,.59106123,.50212246,.57648981,.24987756,.26681632,.39608163,.37951019,.51991838,.39559183,.17081633,.34787756,.23481633,.41534695,.24261224,.23779592,.58551019,.15763266,.38277552,.4275102,.46865305,.6081633,.43400002,.43302041,.23628572,.46008164,.18163265,.57032657,.43134695,.41836736,.33110204,.21387754,.29542857,.44326532,.50310206,.44285715,.28477553,.2992245,.63285714,.30167347,.63902038,.26069388,.18195918,.28971428,.35293877,.37028572,.40567347,.4797959,.24763265,.26987755,.38122448,.36889794,.28783673,.23824489,.44367346,.35722449,.28518367,.43281633,.29583675,.32763267,.24616326,.56816328,.41624489,.55395919,.50163263,.57897961,.28236735,.4544898,.52383673,.44142857,.54428571,.2275102,.56885713,.4047755,.44955102,.6262449,.45640817,.27514285,.56444895,.32395917,.60036737,.5222857,.57787758,.47416326,.3400408,.21828571,.57893878,.43118367,.28640816,.43069386,.54889798,.47799999,.2272653,.2044898,.41653061,.49938777,.3322857,.32057142,.60134691,.65889794,.619551,.60897958,0,0,119,Neutral
128,.55530614,.57440817,.51008165,.44114286,.5559184,.15714286,.16318367,.14383674,.59106123,.50212246,.57648981,.24987756,.26681632,.39608163,.37951019,.51991838,.39559183,.17081633,.34787756,.23481633,.41534695,.24261224,.23779592,.58551019,.15763266,.38277552,.4275102,.46865305,.6081633,.43400002,.43302041,.23628572,.46008164,.18163265,.57032657,.43134695,.41836736,.33110204,.21387754,.29542857,.44326532,.50310206,.44285715,.28477553,.2992245,.63285714,.30167347,.63902038,.26069388,.18195918,.28971428,.35293877,.37028572,.40567347,.4797959,.24763265,.26987755,.38122448,.36889794,.28783673,.23824489,.44367346,.35722449,.28518367,.43281633,.29583675,.32763267,.24616326,.56816328,.41624489,.55395919,.50163263,.57897961,.28236735,.4544898,.52383673,.44142857,.54428571,.2275102,.56885713,.4047755,.44955102,.6262449,.45640817,.27514285,.56444895,.32395917,.60036737,.5222857,.57787758,.47416326,.3400408,.21828571,.57893878,.43118367,.28640816,.43069386,.54889798,.47799999,.2272653,.2044898,.41653061,.49938777,.3322857,.32057142,.60134691,.65889794,.619551,.60897958,0,0,128,Neutral
138,.55530614,.57440817,.51008165,.44114286,.5559184,.15714286,.16318367,.14383674,.59106123,.50212246,.57648981,.24987756,.26681632,.39608163,.37951019,.51991838,.39559183,.17081633,.34787756,.23481633,.41534695,.24261224,.23779592,.58551019,.15763266,.38277552,.4275102,.46865305,.6081633,.43400002,.43302041,.23628572,.46008164,.18163265,.57032657,.43134695,.41836736,.33110204,.21387754,.29542857,.44326532,.50310206,.44285715,.28477553,.2992245,.63285714,.30167347,.63902038,.26069388,.18195918,.28971428,.35293877,.37028572,.40567347,.4797959,.24763265,.26987755,.38122448,.36889794,.28783673,.23824489,.44367346,.35722449,.28518367,.43281633,.29583675,.32763267,.24616326,.56816328,.41624489,.55395919,.50163263,.57897961,.28236735,.4544898,.52383673,.44142857,.54428571,.2275102,.56885713,.4047755,.44955102,.6262449,.45640817,.27514285,.56444895,.32395917,.60036737,.5222857,.57787758,.47416326,.3400408,.21828571,.57893878,.43118367,.28640816,.43069386,.54889798,.47799999,.2272653,.2044898,.41653061,.49938777,.3322857,.32057142,.60134691,.65889794,.619551,.60897958,0,0,138,Neutral
143,.55530614,.57440817,.51008165,.44114286,.5559184,.15714286,.16318367,.14383674,.59106123,.50212246,.57648981,.24987756,.26681632,.39608163,.37951019,.51991838,.39559183,.17081633,.34787756,.23481633,.41534695,.24261224,.23779592,.58551019,.15763266,.38277552,.4275102,.46865305,.6081633,.43400002,.43302041,.23628572,.46008164,.18163265,.57032657,.43134695,.41836736,.33110204,.21387754,.29542857,.44326532,.50310206,.44285715,.28477553,.2992245,.63285714,.30167347,.63902038,.26069388,.18195918,.28971428,.35293877,.37028572,.40567347,.4797959,.24763265,.26987755,.38122448,.36889794,.28783673,.23824489,.44367346,.35722449,.28518367,.43281633,.29583675,.32763267,.24616326,.56816328,.41624489,.55395919,.50163263,.57897961,.28236735,.4544898,.52383673,.44142857,.54428571,.2275102,.56885713,.4047755,.44955102,.6262449,.45640817,.27514285,.56444895,.32395917,.60036737,.5222857,.57787758,.47416326,.3400408,.21828571,.57893878,.43118367,.28640816,.43069386,.54889798,.47799999,.2272653,.2044898,.41653061,.49938777,.3322857,.32057142,.60134691,.65889794,.619551,.60897958,0,0,143,Neutral
135,.55530614,.57440817,.51008165,.44114286,.5559184,.15714286,.16318367,.14383674,.59106123,.50212246,.57648981,.24987756,.26681632,.39608163,.37951019,.51991838,.39559183,.17081633,.34787756,.23481633,.41534695,.24261224,.23779592,.58551019,.15763266,.38277552,.4275102,.46865305,.6081633,.43400002,.43302041,.23628572,.46008164,.18163265,.57032657,.43134695,.41836736,.33110204,.21387754,.29542857,.44326532,.50310206,.44285715,.28477553,.2992245,.63285714,.30167347,.63902038,.26069388,.18195918,.28971428,.35293877,.37028572,.40567347,.4797959,.24763265,.26987755,.38122448,.36889794,.28783673,.23824489,.44367346,.35722449,.28518367,.43281633,.29583675,.32763267,.24616326,.56816328,.41624489,.55395919,.50163263,.57897961,.28236735,.4544898,.52383673,.44142857,.54428571,.2275102,.56885713,.4047755,.44955102,.6262449,.45640817,.27514285,.56444895,.32395917,.60036737,.5222857,.57787758,.47416326,.3400408,.21828571,.57893878,.43118367,.28640816,.43069386,.54889798,.47799999,.2272653,.2044898,.41653061,.49938777,.3322857,.32057142,.60134691,.65889794,.619551,.60897958,0,0,135,Neutral
124,.55530614,.57440817,.51008165,.44114286,.5559184,.15714286,.16318367,.14383674,.59106123,.50212246,.57648981,.24987756,.26681632,.39608163,.37951019,.51991838,.39559183,.17081633,.34787756,.23481633,.41534695,.24261224,.23779592,.58551019,.15763266,.38277552,.4275102,.46865305,.6081633,.43400002,.43302041,.23628572,.46008164,.18163265,.57032657,.43134695,.41836736,.33110204,.21387754,.29542857,.44326532,.50310206,.44285715,.28477553,.2992245,.63285714,.30167347,.63902038,.26069388,.18195918,.28971428,.35293877,.37028572,.40567347,.4797959,.24763265,.26987755,.38122448,.36889794,.28783673,.23824489,.44367346,.35722449,.28518367,.43281633,.29583675,.32763267,.24616326,.56816328,.41624489,.55395919,.50163263,.57897961,.28236735,.4544898,.52383673,.44142857,.54428571,.2275102,.56885713,.4047755,.44955102,.6262449,.45640817,.27514285,.56444895,.32395917,.60036737,.5222857,.57787758,.47416326,.3400408,.21828571,.57893878,.43118367,.28640816,.43069386,.54889798,.47799999,.2272653,.2044898,.41653061,.49938777,.3322857,.32057142,.60134691,.65889794,.619551,.60897958,0,0,124,Neutral
158,.5286147,.57090914,.49365801,.5161472,.54673159,.14662339,.16774891,.14285715,.57064933,.51406926,.56387448,.21790044,.25231603,.40543291,.35030302,.54692638,.42880952,.17173161,.25699133,.26422077,.44761905,.22080088,.26220781,.55969697,.14666668,.25051948,.53456712,.56147188,.58082253,.42303032,.42904761,.24075758,.49422076,.20528139,.54264069,.40266234,.44963202,.30948052,.18950216,.24848485,.3905195,.47352815,.48779222,.23984848,.22794372,.64173162,.25350648,.61935067,.27419913,.19753246,.28861472,.35095239,.33705628,.37712121,.45064935,.21406926,.31939393,.3204329,.33560607,.25896102,.22298701,.54155844,.45380953,.22060606,.40839827,.28714287,.44982684,.29753247,.504026,.58469695,.55861473,.46625543,.59140694,.25889611,.50067103,.56666666,.51435065,.56298703,.20629869,.60153681,.35266232,.54320347,.59534633,.47989178,.374329,.52980518,.37270564,.51701301,.47926408,.56290042,.51764071,.30647185,.21521646,.58580089,.44363636,.4416883,.46679652,.4919264,.44887444,.21253246,.19731602,.48841992,.5074892,.31679654,.25987011,.55383116,.57911253,.54623377,.53753251,0,0,158,Neutral
133,.55530614,.57440817,.51008165,.44114286,.5559184,.15714286,.16318367,.14383674,.59106123,.50212246,.57648981,.24987756,.26681632,.39608163,.37951019,.51991838,.39559183,.17081633,.34787756,.23481633,.41534695,.24261224,.23779592,.58551019,.15763266,.38277552,.4275102,.46865305,.6081633,.43400002,.43302041,.23628572,.46008164,.18163265,.57032657,.43134695,.41836736,.33110204,.21387754,.29542857,.44326532,.50310206,.44285715,.28477553,.2992245,.63285714,.30167347,.63902038,.26069388,.18195918,.28971428,.35293877,.37028572,.40567347,.4797959,.24763265,.26987755,.38122448,.36889794,.28783673,.23824489,.44367346,.35722449,.28518367,.43281633,.29583675,.32763267,.24616326,.56816328,.41624489,.55395919,.50163263,.57897961,.28236735,.4544898,.52383673,.44142857,.54428571,.2275102,.56885713,.4047755,.44955102,.6262449,.45640817,.27514285,.56444895,.32395917,.60036737,.5222857,.57787758,.47416326,.3400408,.21828571,.57893878,.43118367,.28640816,.43069386,.54889798,.47799999,.2272653,.2044898,.41653061,.49938777,.3322857,.32057142,.60134691,.65889794,.619551,.60897958,0,0,133,Neutral
126,.55530614,.57440817,.51008165,.44114286,.5559184,.15714286,.16318367,.14383674,.59106123,.50212246,.57648981,.24987756,.26681632,.39608163,.37951019,.51991838,.39559183,.17081633,.34787756,.23481633,.41534695,.24261224,.23779592,.58551019,.15763266,.38277552,.4275102,.46865305,.6081633,.43400002,.43302041,.23628572,.46008164,.18163265,.57032657,.43134695,.41836736,.33110204,.21387754,.29542857,.44326532,.50310206,.44285715,.28477553,.2992245,.63285714,.30167347,.63902038,.26069388,.18195918,.28971428,.35293877,.37028572,.40567347,.4797959,.24763265,.26987755,.38122448,.36889794,.28783673,.23824489,.44367346,.35722449,.28518367,.43281633,.29583675,.32763267,.24616326,.56816328,.41624489,.55395919,.50163263,.57897961,.28236735,.4544898,.52383673,.44142857,.54428571,.2275102,.56885713,.4047755,.44955102,.6262449,.45640817,.27514285,.56444895,.32395917,.60036737,.5222857,.57787758,.47416326,.3400408,.21828571,.57893878,.43118367,.28640816,.43069386,.54889798,.47799999,.2272653,.2044898,.41653061,.49938777,.3322857,.32057142,.60134691,.65889794,.619551,.60897958,0,0,126,Neutral
115,.55530614,.57440817,.51008165,.44114286,.5559184,.15714286,.16318367,.14383674,.59106123,.50212246,.57648981,.24987756,.26681632,.39608163,.37951019,.51991838,.39559183,.17081633,.34787756,.23481633,.41534695,.24261224,.23779592,.58551019,.15763266,.38277552,.4275102,.46865305,.6081633,.43400002,.43302041,.23628572,.46008164,.18163265,.57032657,.43134695,.41836736,.33110204,.21387754,.29542857,.44326532,.50310206,.44285715,.28477553,.2992245,.63285714,.30167347,.63902038,.26069388,.18195918,.28971428,.35293877,.37028572,.40567347,.4797959,.24763265,.26987755,.38122448,.36889794,.28783673,.23824489,.44367346,.35722449,.28518367,.43281633,.29583675,.32763267,.24616326,.56816328,.41624489,.55395919,.50163263,.57897961,.28236735,.4544898,.52383673,.44142857,.54428571,.2275102,.56885713,.4047755,.44955102,.6262449,.45640817,.27514285,.56444895,.32395917,.60036737,.5222857,.57787758,.47416326,.3400408,.21828571,.57893878,.43118367,.28640816,.43069386,.54889798,.47799999,.2272653,.2044898,.41653061,.49938777,.3322857,.32057142,.60134691,.65889794,.619551,.60897958,0,0,115,Neutral
125,.55530614,.57440817,.51008165,.44114286,.5559184,.15714286,.16318367,.14383674,.59106123,.50212246,.57648981,.24987756,.26681632,.39608163,.37951019,.51991838,.39559183,.17081633,.34787756,.23481633,.41534695,.24261224,.23779592,.58551019,.15763266,.38277552,.4275102,.46865305,.6081633,.43400002,.43302041,.23628572,.46008164,.18163265,.57032657,.43134695,.41836736,.33110204,.21387754,.29542857,.44326532,.50310206,.44285715,.28477553,.2992245,.63285714,.30167347,.63902038,.26069388,.18195918,.28971428,.35293877,.37028572,.40567347,.4797959,.24763265,.26987755,.38122448,.36889794,.28783673,.23824489,.44367346,.35722449,.28518367,.43281633,.29583675,.32763267,.24616326,.56816328,.41624489,.55395919,.50163263,.57897961,.28236735,.4544898,.52383673,.44142857,.54428571,.2275102,.56885713,.4047755,.44955102,.6262449,.45640817,.27514285,.56444895,.32395917,.60036737,.5222857,.57787758,.47416326,.3400408,.21828571,.57893878,.43118367,.28640816,.43069386,.54889798,.47799999,.2272653,.2044898,.41653061,.49938777,.3322857,.32057142,.60134691,.65889794,.619551,.60897958,0,0,125,Neutral
165,.4642857,.55428571,.47571427,.43428573,.4942857,.16095239,.17809524,.16666667,.42857143,.47,.42904761,.3157143,.35095239,.38714287,.33952382,.45238096,.39285713,.19666667,.28,.29761904,.39285713,.23809524,.32190478,.55333334,.17857143,.30380952,.41666666,.42285714,.51761901,.42904761,.40476191,.26238096,.42809525,.23190476,.52999997,.47809523,.4595238,.21857142,.24333334,.33142859,.40857142,.41285715,.44428572,.32523811,.27333334,.4147619,.25523809,.57666665,.43095237,.15952381,.28999999,.35523808,.5738095,.33476192,.31952381,.28714284,.16380952,.33142856,.31714287,.22142857,.29380953,.27952379,.38047618,.28619048,.37523809,.23142858,.17952381,.26428571,.48238096,.30857143,.41142857,.54809523,.57428575,.33047619,.45238096,.50047618,.45000002,.60238093,.29857144,.56190479,.42857143,.46523809,.63333333,.43666667,.55619049,.61095238,.42571428,.50238097,.5138095,.56047618,.50380951,.41190475,.27142859,.55000001,.45761904,.45000002,.5071429,.53238094,.44047618,.24714285,.26857144,.38380951,.46714285,.33380952,.3142857,.53142858,.46142855,.54238093,.55666667,0,0,165,Neutral
166,.53607142,.55821431,.54499996,.4375,.56678575,.14285715,.14285715,.14285715,.45071429,.53535712,.4375,.31678572,.2767857,.3789286,.50428569,.47321427,.375,.14285715,.3482143,.23642856,.44178569,.3125,.23678571,.5714286,.14285715,.28142858,.41535714,.42857143,.53571427,.47357142,.45964286,.25464284,.43285716,.14714286,.55785716,.40714288,.35428572,.20642857,.1575,.17392857,.42392856,.52892852,.37571427,.26107144,.4982143,.41035715,.25928569,.60107148,.1725,.16785714,.20928572,.34571427,.25535715,.37642854,.59999996,.15928572,.16392857,.29035714,.24785714,.19714285,.23678571,.38357142,.21142858,.42392859,.37214285,.24250001,.1575,.20964286,.68071431,.22892857,.41357142,.53892857,.57392859,.19785714,.39857143,.54035711,.40107143,.49357143,.17071429,.51500005,.4975,.40607142,.66607141,.38785714,.16821429,.5675,.22928572,.60964286,.47464287,.6267857,.40428573,.3775,.15821429,.53714287,.37071428,.17071429,.3142857,.64892858,.5057143,.17785713,.15071428,.3425,.42214286,.40714285,.28714284,.59142858,.49000001,.61321425,.66857147,0,0,166,Neutral
164,.4642857,.54428571,.44571429,.42857143,.5,.2857143,.26857144,.26857144,.44571429,.4642857,.45571429,.32142857,.35714287,.40142858,.29428571,.45571429,.34857142,.26857144,.33000001,.34857142,.37571427,.20571429,.27714285,.51714283,.25,.20571429,.41,.43714285,.51857144,.44571429,.41999999,.27714285,.43714285,.30285713,.49142858,.50142854,.47999999,.18285714,.26428571,.23,.51999998,.60857141,.65571427,.37571427,.31714284,.58999997,.31,.64857143,.31,.16285715,.22,.33142856,.3157143,.3157143,.39285713,.26428571,.18428572,.39857143,.25428572,.22285715,.37142858,.35714287,.41714287,.36285713,.34999999,.43571427,.22571428,.20142858,.47857141,.37714285,.44571429,.53428572,.6257143,.26142856,.4342857,.5057143,.46714285,.54571426,.20428571,.65142858,.40000001,.46142858,.62,.34571427,.34999999,.53857142,.34428573,.58857143,.4342857,.54714286,.46857142,.39857143,.18714286,.54285717,.41142857,.31,.44,.55428571,.44,.25714287,.18714286,.43714285,.45571429,.37285715,.24428572,.56,.56285715,.63571429,.69,0,0,164,Neutral
168,.54114282,.56971431,.52285713,.46085715,.5714286,.14285715,.14828572,.14285715,.46057141,.51228571,.45514286,.26428571,.29057145,.39857143,.38942856,.44285715,.384,.184,.36571428,.25,.41228572,.22857143,.21657142,.60171431,.14628571,.44285715,.40742856,.48057142,.56971431,.44457144,.42685714,.23257144,.44114286,.14971429,.57171428,.39942858,.38542858,.28,.25285715,.22828571,.41685715,.44400001,.39857143,.3442857,.30000001,.48571429,.30571428,.61314285,.23942856,.168,.34085715,.52314287,.5082857,.43142858,.45542857,.21228571,.18885714,.31200001,.35057142,.24657142,.22057143,.33485714,.28542858,.28,.48428571,.23828572,.18657143,.338,.64085716,.29342857,.44914284,.55428571,.55514288,.22,.44028571,.50599998,.42628571,.5657143,.24342857,.54714286,.48342857,.44428572,.65857142,.41857144,.2697143,.59485716,.266,.61342859,.47742856,.58714288,.44857144,.39257142,.21685714,.55000001,.42542857,.27257144,.47228572,.60971427,.47085714,.21114285,.17685714,.37714285,.43971428,.3297143,.35885715,.57914287,.54085714,.59999996,.61371428,.2,0,168,Green
169,.54114282,.56971431,.52285713,.46085715,.5714286,.14285715,.14828572,.14285715,.46057141,.51228571,.45514286,.26428571,.29057145,.39857143,.38942856,.44285715,.384,.184,.36571428,.25,.41228572,.22857143,.21657142,.60171431,.14628571,.44285715,.40742856,.48057142,.56971431,.44457144,.42685714,.23257144,.44114286,.14971429,.57171428,.39942858,.38542858,.28,.25285715,.22828571,.41685715,.44400001,.39857143,.3442857,.30000001,.48571429,.30571428,.61314285,.23942856,.168,.34085715,.52314287,.5082857,.43142858,.45542857,.21228571,.18885714,.31200001,.35057142,.24657142,.22057143,.33485714,.28542858,.28,.48428571,.23828572,.18657143,.338,.64085716,.29342857,.44914284,.55428571,.55514288,.22,.44028571,.50599998,.42628571,.5657143,.24342857,.54714286,.48342857,.44428572,.65857142,.41857144,.2697143,.59485716,.266,.61342859,.47742856,.58714288,.44857144,.39257142,.21685714,.55000001,.42542857,.27257144,.47228572,.60971427,.47085714,.21114285,.17685714,.37714285,.43971428,.3297143,.35885715,.57914287,.54085714,.59999996,.61371428,.2,0,169,Green
167,.53407741,.61997026,.55526787,.48872024,.57625002,.14285715,.14806548,.14285715,.46620536,.5581845,.47784227,.23931548,.24017857,.41854167,.39360118,.53458333,.45130953,.14863096,.36956844,.2402381,.49065477,.2684226,.23322916,.59214288,.14321429,.43425596,.50105655,.57907736,.60184526,.47839287,.47683036,.22447917,.47934523,.15092263,.57127976,.45965773,.42840773,.25787202,.17001489,.18806547,.35479167,.42620534,.53986609,.21592262,.2615625,.53691965,.20982143,.57014883,.18099701,.15986606,.22040178,.25718749,.24607143,.4296875,.48467261,.18300596,.2684375,.42781249,.32529762,.17535713,.22377977,.63767856,.31520835,.29677084,.51825893,.23148809,.50839287,.21543154,.58058035,.47340775,.52125001,.55040181,.57467264,.19912203,.45147321,.49016368,.49958333,.53520834,.1809375,.61936009,.38870534,.46321428,.66855657,.42529762,.20684524,.57052082,.25705358,.59571427,.50866073,.60278273,.51779759,.34107143,.20264882,.54119051,.42962798,.20752975,.37659225,.50558037,.52406251,.1848363,.15675595,.48699403,.44910714,.39715773,.34476191,.52651787,.52906251,.57555062,.53372025,.041666668,0,167,Green
163,.51291668,.63218254,.51749998,.50890875,.55343252,.14285715,.14285715,.14285715,.4824008,.53944445,.46998015,.23140873,.22496033,.41654763,.28621033,.54329365,.47617063,.17595237,.32863095,.25009921,.51164681,.22482143,.21803573,.56970239,.14285715,.3194246,.56748015,.6147024,.59916669,.45125002,.45337301,.23200397,.4524008,.15944445,.55938494,.42704365,.49478173,.21944444,.17125,.19676587,.36472222,.43656746,.57126987,.17869048,.25347224,.54716271,.17494047,.56519842,.19470239,.17855158,.27916667,.24007937,.23232143,.40375,.32515872,.16865079,.36113095,.31781745,.4128373,.16095239,.24724206,.64926589,.40884921,.27426589,.49501985,.31974208,.66585314,.28999999,.48867065,.62902778,.52075398,.55843252,.60976189,.24722221,.46051586,.54863095,.47573414,.61863095,.19942459,.62277776,.34123015,.56375003,.63976192,.40549603,.25347221,.55702382,.29708332,.52063489,.53640872,.61726189,.50192463,.30684525,.27242064,.59936512,.46924603,.28900793,.53793651,.51301587,.49968255,.20301586,.18896826,.57196426,.53714287,.38103175,.30537698,.53115082,.50503969,.54501987,.59101188,0,0,163,Neutral
173,.4642857,.58857143,.53571427,.4642857,.5714286,.14285715,.14285715,.14285715,.42857143,.58857143,.42857143,.35714287,.32142857,.42857143,.42857143,.42857143,.48285714,.19714285,.44571429,.25,.44571429,.25,.23142858,.5714286,.14285715,.37428573,.4642857,.51714283,.58857143,.5714286,.53571427,.23142858,.4642857,.14285715,.55428571,.49142858,.36571428,.2742857,.34285715,.18857142,.51428574,.4342857,.46857142,.42285714,.36571428,.34857142,.2742857,.62857145,.19,.15428571,.23857144,.59428573,.38285714,.65714288,.41714287,.16571428,.16142857,.35142857,.2857143,.17714286,.18285714,.30285713,.40571427,.25714287,.48571429,.26857144,.17142858,.57714283,.61714286,.30285713,.44,.65714288,.63999999,.16,.58285713,.64571428,.59571427,.47999999,.22857143,.61142856,.47428572,.63428569,.66285712,.48571429,.18285714,.52571428,.20571429,.61142856,.47428572,.65714288,.4342857,.46285716,.22857143,.60714287,.44,.20571429,.60571426,.60142857,.50857145,.15428571,.14857143,.60571426,.53142858,.4342857,.42285714,.60000002,.42285714,.62285715,.58285713,1,0,173,Green
465,.50492859,.58661908,.49242857,.50669044,.53926188,.14285715,.14285715,.14285715,.4577381,.48961905,.45026192,.27054763,.26623809,.389,.29345238,.50538093,.43940476,.25800002,.29807144,.28954762,.47454762,.21978572,.25135714,.5485,.14285715,.26902381,.50983334,.57678574,.583,.43492857,.42290476,.23211905,.46830952,.18733333,.55326188,.42816666,.50402379,.27619046,.15407142,.2472619,.36138096,.44930953,.59552377,.185,.25502381,.52288091,.18078572,.57166666,.17535715,.17283334,.29442856,.22866666,.18878572,.44335714,.3624762,.16123809,.38478571,.35538095,.37169048,.16599999,.22440475,.56969047,.46747619,.27426189,.46488094,.30654761,.52388096,.294,.49497619,.58169049,.49004763,.60754764,.6605714,.30009523,.47690475,.55178571,.52602381,.62550002,.22473809,.6284762,.41833332,.54649997,.63342857,.41545239,.3544524,.57842857,.3922143,.5601905,.54111904,.579,.52488095,.41678572,.33690476,.60780954,.49823809,.37538093,.59038097,.53190476,.48619047,.25704762,.22676191,.53035712,.56400001,.4335238,.32159525,.53852379,.54490477,.59488094,.59721428,0,0,465,Neutral
174,.49723214,.61755955,.54482144,.5447917,.57122028,.14285715,.14285715,.14285715,.45110118,.52702379,.47282737,.23568453,.23958334,.42375001,.28645834,.52922618,.48247024,.23321429,.36794645,.27229166,.50854164,.23044643,.24669644,.56919646,.14285715,.3448512,.56550598,.60026789,.60374999,.43616071,.42613095,.23193452,.47752976,.16773809,.54479164,.42377976,.46574405,.27738094,.15723214,.20693451,.36636904,.40449405,.57547617,.16767856,.25235119,.50824404,.17455357,.57422614,.19991072,.16389881,.28196427,.22904763,.24455357,.42991072,.28952381,.17404762,.3849107,.34779763,.40497023,.16714287,.2133631,.64389879,.42113096,.2578274,.53038692,.28318453,.64235115,.285,.45050597,.64318454,.51970237,.60693455,.64892852,.22011904,.47113097,.55116069,.50967264,.63794643,.18913691,.64630949,.33220237,.54848212,.63785714,.42110118,.25127977,.57089287,.30026785,.55273807,.50604165,.61910713,.52002978,.35133928,.31755954,.60369051,.47244048,.2910119,.55154765,.5138095,.51059526,.20273809,.17595237,.59116071,.52500004,.42047617,.30020833,.54351187,.52291667,.56074405,.58080357,0,0,174,Neutral
177,.52714288,.59000003,.50857139,.51785713,.53571427,.14285715,.14285715,.14285715,.54428571,.53571427,.51785713,.41142857,.40142858,.45499998,.34,.45571429,.49142855,.22357142,.30285716,.25,.50928569,.23214287,.22357143,.57142854,.14285715,.24071428,.55357146,.58928573,.61571431,.43714285,.44642857,.22285715,.5,.14285715,.53571427,.52285719,.41928571,.16285715,.21928571,.17071429,.48285714,.38571429,.54214287,.21714285,.34,.54785717,.19214286,.58785713,.31999999,.17071429,.2557143,.27857143,.39642859,.31857145,.25928572,.21571428,.21642858,.44928572,.68357146,.15785715,.24071428,.52785718,.34428573,.37285715,.45714283,.32214284,.52928567,.27714285,.42142856,.61214286,.53071427,.58357143,.56571424,.27928573,.53642857,.51357144,.54642856,.46714288,.17714286,.62071431,.3807143,.44357142,.57785714,.54285717,.29571429,.51499999,.32428572,.53999996,.53357142,.60428572,.44571429,.42571428,.27928573,.61214286,.49285716,.32999998,.54785717,.46785712,.49142855,.245,.18785715,.58214283,.55500001,.44571429,.42214286,.61285716,.58428574,.5592857,.55285716,0,0,177,Neutral
179,.54499996,.63357145,.54428571,.45571429,.60714287,.14285715,.14285715,.14285715,.41000003,.52642858,.42857143,.23214287,.23214287,.33071429,.28571427,.47285712,.48214287,.17,.27642858,.20500001,.48214287,.21428572,.205,.63428569,.14285715,.18714286,.41000003,.48214287,.61571431,.42000002,.38428572,.25,.50928569,.14285715,.58000004,.40000001,.41857141,.16,.17785715,.16,.35499999,.42714286,.42000002,.18357143,.33571428,.30214286,.19285715,.63857144,.15928572,.14285715,.18428572,.23214287,.24857143,.68571424,.30857143,.17571428,.19499999,.34142858,.24285714,.15000001,.18000001,.26142856,.35785714,.21714285,.24928571,.26285714,.22928572,.22285715,.6185714,.37285715,.27714285,.44142854,.53285718,.2507143,.32071429,.35642856,.32071429,.47285718,.14642857,.53428572,.31857142,.60285711,.685,.28142858,.19642857,.59571427,.24785714,.58714283,.42928571,.61714292,.39428571,.26500002,.17285714,.52857149,.40714285,.17357144,.38571429,.58785713,.49285713,.22142857,.16499999,.46928573,.345,.36285716,.24642858,.49428573,.30214286,.56,.58357143,0,0,179,Neutral
176,.52714288,.59000003,.50857139,.51785713,.53571427,.14285715,.14285715,.14285715,.54428571,.53571427,.51785713,.41142857,.40142858,.45499998,.34,.45571429,.49142855,.22357142,.30285716,.25,.50928569,.23214287,.22357143,.57142854,.14285715,.24071428,.55357146,.58928573,.61571431,.43714285,.44642857,.22285715,.5,.14285715,.53571427,.52285719,.41928571,.16285715,.21928571,.17071429,.48285714,.38571429,.54214287,.21714285,.34,.54785717,.19214286,.58785713,.31999999,.17071429,.2557143,.27857143,.39642859,.31857145,.25928572,.21571428,.21642858,.44928572,.68357146,.15785715,.24071428,.52785718,.34428573,.37285715,.45714283,.32214284,.52928567,.27714285,.42142856,.61214286,.53071427,.58357143,.56571424,.27928573,.53642857,.51357144,.54642856,.46714288,.17714286,.62071431,.3807143,.44357142,.57785714,.54285717,.29571429,.51499999,.32428572,.53999996,.53357142,.60428572,.44571429,.42571428,.27928573,.61214286,.49285716,.32999998,.54785717,.46785712,.49142855,.245,.18785715,.58214283,.55500001,.44571429,.42214286,.61285716,.58428574,.5592857,.55285716,0,0,176,Neutral
178,.54499996,.63357145,.54428571,.45571429,.60714287,.14285715,.14285715,.14285715,.41000003,.52642858,.42857143,.23214287,.23214287,.33071429,.28571427,.47285712,.48214287,.17,.27642858,.20500001,.48214287,.21428572,.205,.63428569,.14285715,.18714286,.41000003,.48214287,.61571431,.42000002,.38428572,.25,.50928569,.14285715,.58000004,.40000001,.41857141,.16,.17785715,.16,.35499999,.42714286,.42000002,.18357143,.33571428,.30214286,.19285715,.63857144,.15928572,.14285715,.18428572,.23214287,.24857143,.68571424,.30857143,.17571428,.19499999,.34142858,.24285714,.15000001,.18000001,.26142856,.35785714,.21714285,.24928571,.26285714,.22928572,.22285715,.6185714,.37285715,.27714285,.44142854,.53285718,.2507143,.32071429,.35642856,.32071429,.47285718,.14642857,.53428572,.31857142,.60285711,.685,.28142858,.19642857,.59571427,.24785714,.58714283,.42928571,.61714292,.39428571,.26500002,.17285714,.52857149,.40714285,.17357144,.38571429,.58785713,.49285713,.22142857,.16499999,.46928573,.345,.36285716,.24642858,.49428573,.30214286,.56,.58357143,0,0,178,Neutral
188,.45111689,.51023376,.44968832,.41787013,.49449348,.19464935,.27758443,.14446753,.32303897,.45745453,.37662339,.32581818,.3206234,.34953246,.31722078,.43046752,.35688311,.26885715,.38072729,.30002597,.41963637,.24306494,.32545456,.48851949,.19464935,.1796883,.40506494,.44251949,.48332468,.36576623,.35503894,.25828573,.44623378,.23763637,.43488312,.44124675,.39503896,.19124675,.25950649,.2241039,.49319482,.54277921,.52537662,.57854545,.3141039,.35301298,.36135066,.5385195,.49225974,.15111689,.19501299,.3157922,.26067534,.28584415,.37584415,.29381818,.1681039,.28574026,.23215584,.21568832,.47083116,.31696105,.26407793,.51574028,.32431167,.34319478,.18332468,.27885714,.41638961,.29716882,.34444156,.45358443,.48329869,.36023378,.35953248,.42561039,.35140261,.38633767,.32685715,.53810388,.414,.39711687,.57368833,.35340258,.38444155,.48680517,.40220779,.38158441,.45568833,.54548049,.45851949,.3971948,.21646753,.55192208,.38955843,.3417922,.42361039,.45748052,.36199999,.28919482,.2370909,.37101299,.46823376,.44472727,.24298702,.67776626,.35628572,.52241558,.56623375,.018181819,0,188,Green
183,.46428573,.55428571,.47357142,.42857143,.51785713,.14285715,.17,.14285715,.35714287,.47357142,.39285713,.22285715,.22285715,.31214285,.25857142,.42000002,.38428572,.22357143,.28571427,.25857142,.42857143,.21428572,.19642857,.60714287,.14285715,.21428572,.38428572,.44571429,.51714283,.33928573,.32142857,.22285715,.42857143,.14285715,.64285713,.33928573,.39214286,.16999999,.16714287,.15142858,.59071434,.42428571,.3742857,.23357143,.26357144,.29428571,.22714286,.68857145,.32785714,.14785714,.20928572,.2557143,.28785715,.31357142,.25857145,.20214286,.19214286,.25214285,.27785715,.15928571,.25857142,.39071429,.22357142,.49714285,.36785716,.29857144,.20214286,.21214285,.48357141,.23714286,.32785714,.5535714,.48499998,.22428572,.34785715,.49214286,.35142857,.47142857,.20642857,.52642858,.37785715,.30285713,.63571429,.31928572,.20785715,.50999999,.21928571,.46571428,.46642858,.53785717,.39285713,.28285712,.17928571,.58642858,.36642855,.20428571,.39571428,.43642855,.34,.24714285,.16785714,.31999999,.44642857,.50714284,.19142857,.69285715,.32214284,.53785717,.58785713,0,0,183,Neutral
187,.42821431,.55142856,.45464286,.47464287,.49803573,.1607143,.17178571,.14285715,.41071427,.47678572,.4094643,.23428571,.24678573,.4044643,.22089285,.47874999,.4119643,.20857143,.2844643,.24660714,.4107143,.18642858,.22982144,.55160713,.15857144,.20178571,.35803568,.52589285,.565,.35803574,.3482143,.20660715,.47214288,.17982143,.45821428,.4382143,.37196428,.15696429,.20517856,.15339285,.60517859,.41249999,.46767855,.30446428,.27589285,.40214285,.2505357,.60857141,.51785713,.14821428,.24464285,.27107143,.32071429,.29624999,.29375002,.20553571,.17875001,.34910715,.31589288,.17946428,.26589286,.41410714,.31303573,.39821428,.39857143,.345,.27267855,.23732144,.35392857,.33517858,.3973214,.5089286,.5866071,.27589285,.44089285,.37464285,.40696427,.42821428,.22160715,.60946429,.34875,.32392856,.55232143,.39928573,.38,.51142859,.31678569,.40178573,.41892856,.50535715,.46125001,.31660715,.23178571,.51696432,.34339285,.44232142,.54517859,.36321428,.33821428,.25999999,.20803571,.40517861,.43160713,.30089286,.28071427,.62392855,.41249999,.42303574,.43982142,0,0,187,Neutral
186,.4301852,.50724864,.41357142,.47103176,.48493385,.14947091,.15346561,.14285715,.41269842,.47097886,.39646825,.23518519,.23007937,.36810845,.25445768,.46059522,.37681219,.16883598,.3066799,.24107143,.40148148,.17835979,.23035714,.4619709,.14402117,.18240741,.4057804,.45826718,.49455026,.35853174,.3660582,.23027778,.44534391,.17332011,.43256614,.4066402,.34972221,.18506613,.20260581,.17723545,.43234128,.39261904,.43966931,.28107142,.29281744,.42111111,.25093916,.52243388,.60132277,.17246032,.32854497,.24150793,.31862435,.28220898,.3035053,.22130953,.21006614,.35215607,.35599208,.21715608,.29387566,.39675927,.27366403,.36335978,.32301587,.28767195,.2890873,.2703836,.43171957,.36160052,.41630954,.47457674,.55075401,.26445767,.45128307,.43367726,.46734127,.41626984,.23847884,.59667987,.35080689,.37896824,.57429898,.40169311,.35989419,.53195769,.34394181,.42007935,.49849206,.51230156,.41353175,.35265872,.23113756,.50787038,.37072751,.43493387,.54784393,.47526455,.35806879,.23703703,.22630952,.39551589,.47773808,.35646826,.26904762,.59399474,.41203704,.49398148,.40337303,0,0,186,Neutral
189,.44571429,.53571427,.44571429,.42857143,.44571429,.26857144,.32142857,.19714285,.41142857,.44571429,.41142857,.23142858,.26857144,.39285713,.2857143,.44571429,.39285713,.32142857,.39285713,.37428573,.41142857,.23142858,.35714287,.44571429,.21428572,.25,.4642857,.44571429,.53571427,.35714287,.34,.26857144,.42857143,.30285713,.41142857,.55142856,.49285713,.16857143,.21142857,.21428572,.53285712,.59714288,.66857141,.39571428,.47,.40285715,.32428572,.53285712,.50714284,.15714286,.21428572,.19714285,.21428572,.30571428,.33714285,.30571428,.15571429,.38714287,.22142857,.27142859,.5,.47999999,.32428572,.63999999,.29285714,.35428572,.22142857,.2857143,.42142856,.34428573,.49000001,.58428574,.44857141,.40285715,.46714285,.50714284,.44142857,.46285716,.23428571,.61714286,.44285715,.37714285,.5642857,.46142858,.47,.51285714,.51285714,.38999999,.47999999,.58428574,.50714284,.50285715,.29285714,.57857144,.57857144,.48714286,.63571429,.45428571,.49000001,.36428571,.30000001,.53857142,.58428574,.61000001,.33285713,.65571427,.46142858,.59714288,.66857141,0,0,189,Neutral
185,.45141235,.54889613,.46855518,.46438313,.51673698,.15290585,.22241883,.15493506,.3915422,.47108766,.3848539,.32417208,.34324676,.38595778,.35022727,.44279221,.41555196,.21964286,.45045453,.2746591,.44512987,.23048702,.32144481,.50211036,.15290585,.2148052,.45423701,.47282466,.52118504,.39163962,.37154222,.2819643,.47282466,.21298702,.44573051,.44006494,.36743507,.1877435,.30969155,.22756495,.41181818,.46102273,.48603895,.58766234,.30827922,.35402596,.36548701,.50800323,.43266234,.16534092,.20902598,.25362012,.2627435,.26347402,.4091883,.3302435,.18363637,.31840909,.24616882,.25034091,.42284089,.34131494,.30451298,.45555195,.29662338,.26413962,.18868506,.24357143,.41613635,.30198053,.39652598,.48849025,.55813313,.3013961,.44935066,.45743507,.41623378,.4391396,.47125,.56060064,.46785715,.43641233,.62319803,.41034091,.3738474,.52871752,.38870129,.42670453,.46248376,.56717533,.47907466,.43235388,.21439935,.58298701,.40293831,.35112011,.40064934,.43413961,.40285715,.23753247,.21121752,.44724026,.46603897,.4638474,.2879383,.64235389,.40875,.53579545,.55800325,.13636364,0,185,Green
184,.4642857,.53571427,.39285713,.42857143,.51714283,.14285715,.14285715,.14285715,.35714287,.44571429,.35714287,.19714285,.23142858,.30285713,.23142858,.42857143,.37428573,.14285715,.35714287,.21428572,.41142857,.19714285,.32142857,.58857143,.14285715,.17857143,.30285713,.39285713,.53571427,.34,.26857144,.19714285,.44571429,.16,.69714284,.46285716,.53714287,.18714286,.20285714,.25714287,.4642857,.61285716,.42571428,.34428573,.24857143,.45142856,.41142857,.68714285,.16,.14285715,.16714285,.17285714,.15714286,.32714286,.41857144,.40571427,.28857142,.22857143,.14571428,.23857144,.44714287,.25285715,.45285714,.28857142,.18142857,.34571427,.15571429,.33142856,.5714286,.29571429,.27714285,.43857142,.57571429,.27000001,.37857142,.39428571,.39428571,.55714285,.39428571,.51428574,.40285715,.49714285,.6185714,.30142859,.20571429,.59857142,.30571428,.57428569,.42714286,.4757143,.44,.25999999,.21285714,.5657143,.36857143,.23571429,.23714286,.56999999,.39857143,.2742857,.25428572,.38285714,.41714287,.37571427,.23285714,.50999999,.43571427,.58428574,.65857142,0,0,184,Neutral
199,.47047618,.52380955,.47047618,.5,.52999997,.19047619,.19047619,.14285715,.50619048,.5,.47619048,.22000001,.25,.42285714,.32095239,.49952382,.44047618,.21380952,.30952382,.29190478,.45857143,.15476191,.31523812,.48190477,.14285715,.22619048,.44666666,.48190477,.5657143,.38095239,.39904761,.25047618,.46476191,.24476191,.4342857,.48333335,.37761906,.23380953,.22190475,.22238095,.42428571,.37619048,.46523809,.28761905,.30666667,.47428572,.2547619,.51476192,.21619047,.21285714,.26095238,.24380952,.21523809,.28,.38619047,.27619046,.27428573,.40523809,.24380952,.25952381,.27333334,.40904763,.38285714,.35714287,.29238096,.28476191,.31285715,.33904761,.48428571,.39095238,.52904761,.47333333,.55761904,.29904762,.46142858,.46095237,.5195238,.46857142,.26523811,.56904763,.37333333,.48476189,.58619046,.44999999,.39809522,.5585714,.42476192,.44999999,.50857145,.58904761,.45857143,.37809524,.31285715,.48523811,.38238093,.52857143,.42380953,.49380952,.46428573,.23619048,.23952381,.47333333,.48095238,.37476191,.33333334,.44904763,.47,.54095238,.39952379,0,0,199,Neutral
195,.45535713,.5535714,.45071429,.44428572,.51107144,.20107143,.22964287,.14714286,.35964286,.44821429,.37928572,.23428571,.23464286,.37285715,.27892858,.44857144,.39071429,.27928573,.29642856,.315,.41535714,.21892858,.36178571,.55821431,.20571429,.14500001,.38178572,.45964286,.51321429,.37714285,.34357142,.24535716,.46642858,.2257143,.51321429,.41678572,.40321428,.18964286,.18892857,.18107143,.64321429,.53571427,.44178572,.33178574,.26464286,.41464284,.34607142,.66357142,.34678572,.16392857,.26892859,.37107143,.36821428,.41607141,.34214288,.24178572,.22714286,.315,.27500001,.19892856,.36750001,.28178573,.34464285,.34392858,.31607142,.49857143,.19535714,.30321428,.48964286,.35964286,.41142857,.55642855,.60392857,.36750001,.4392857,.43464285,.42642856,.53357142,.26714286,.58142859,.40535715,.46535712,.65750003,.38642856,.35928571,.59392858,.39607143,.49321428,.49321428,.5632143,.49178571,.29678571,.26821429,.53499997,.34428573,.32321429,.45678571,.50535715,.37,.31928572,.25928572,.42500001,.45178571,.37285715,.26749998,.61642861,.39928573,.58749998,.6264286,0,0,195,Neutral
193,.43785715,.51785713,.40142858,.49142855,.48214287,.14285715,.14285715,.14285715,.47285715,.44571429,.42857143,.19642857,.20571429,.40214285,.23285714,.48285714,.35714287,.14285715,.31285715,.20571429,.39285713,.1607143,.17857143,.45499998,.14285715,.17857143,.4285714,.47357142,.49142858,.33928573,.33071429,.205,.4642857,.14285715,.40142858,.405,.29714286,.205,.19,.18428572,.37357143,.28785715,.40571427,.32285714,.31714284,.40714288,.21214285,.46499997,.65428573,.17500001,.25642857,.23071429,.29357144,.25785714,.33142859,.18928573,.24571429,.30428571,.26714286,.2557143,.27000001,.37857145,.25714284,.37142858,.36642855,.20428571,.32499999,.29714286,.28357142,.36000001,.45785713,.41642857,.53357142,.21714285,.45928571,.43857145,.50142854,.40285712,.21428572,.59214288,.31999999,.33642858,.58571428,.48428571,.41714287,.48214287,.31785715,.40857142,.45499998,.47714287,.39071429,.32714283,.17642857,.51857144,.30214286,.67214286,.55071425,.33357143,.36357144,.17142856,.16642857,.40285715,.45357144,.37071428,.31571427,.59285712,.48071429,.44857144,.285,0,0,193,Neutral
194,.44589949,.55385584,.43151787,.44835317,.50996363,.15613757,.15727514,.14285715,.41311508,.45291337,.40646824,.2044709,.20984128,.37760252,.27219576,.48351189,.37437171,.17850859,.27334657,.26726192,.41368386,.17526455,.27145833,.53822088,.14997356,.17496693,.413459,.46386245,.55776453,.33778769,.32980821,.23837303,.45296296,.18117724,.51381612,.39976522,.42421627,.22953042,.18218915,.19259259,.46278772,.42857143,.49109787,.25252977,.27671626,.43301588,.23754631,.62552911,.30325729,.16397817,.37839615,.29019842,.27270171,.37717924,.3322553,.20610119,.26265541,.31831679,.26227182,.20200728,.27792329,.36059853,.3692295,.31199074,.33834326,.31725529,.2587004,.27190146,.45323744,.37552911,.41377977,.51770169,.57661706,.26701719,.42565805,.42281416,.45037699,.50698411,.24291337,.5865311,.36928901,.45099208,.59662038,.39505622,.28819776,.55398148,.35170966,.54460317,.44072419,.53120041,.4659127,.31771827,.25086969,.52141201,.38498348,.38261244,.51724869,.45618719,.3783069,.23150133,.20241071,.42057541,.44997025,.33343253,.28797618,.53345901,.44736439,.55151123,.48804563,.041666668,0,194,Green
198,.4642857,.5714286,.42857143,.42857143,.53571427,.23142858,.23142858,.14285715,.34,.4642857,.30285713,.21428572,.21428572,.30285713,.26857144,.4642857,.41142857,.32142857,.2857143,.32142857,.41142857,.17857143,.30285713,.5714286,.23142858,.14285715,.42857143,.5,.66000003,.30285713,.30285713,.19714285,.48285714,.23142858,.4642857,.41857144,.36142856,.19571428,.14285715,.20857143,.69428569,.55714285,.54000002,.28285715,.29142857,.35571429,.34428573,.66428572,.41857144,.14285715,.23428571,.44,.31285715,.41571429,.39142856,.17571428,.20999999,.29285714,.26571429,.20857143,.28142858,.36000001,.35571429,.42857143,.38714287,.52714288,.24428572,.23285714,.51857144,.30000001,.41714287,.52999997,.57999998,.43571427,.45714286,.4642857,.48428571,.6314286,.35428572,.66571426,.50999999,.51714283,.66000003,.45142856,.38285714,.61285716,.43857142,.59428573,.52285713,.6314286,.51857144,.28142858,.37571427,.62714285,.38857144,.33714285,.64857143,.63428569,.35428572,.36285713,.34285715,.4942857,.53857142,.54714286,.26142856,.62857145,.45285714,.61285716,.68000001,0,0,198,Neutral
207,.48285714,.55428571,.4642857,.5714286,.53571427,.14285715,.16,.14285715,.44571429,.51714283,.44571429,.23142858,.26857144,.41142857,.41142857,.55428571,.41142857,.37428573,.25,.37428573,.41142857,.17857143,.2857143,.53571427,.14285715,.37428573,.58857143,.5714286,.55428571,.42857143,.41142857,.25,.51714283,.25,.4642857,.47142857,.42285714,.36142856,.14285715,.31428573,.33285713,.42428571,.56999999,.15857142,.28714284,.45571429,.19571428,.55714285,.15428571,.18428572,.30000001,.17428571,.14857143,.31857142,.43285716,.19428572,.52714288,.32428572,.30714285,.21285714,.19571428,.52999997,.40000001,.22857143,.33714285,.37142858,.44428572,.23,.51999998,.65285712,.47428572,.46000001,.58857143,.36714286,.51285714,.47428572,.51999998,.63857144,.28714284,.50428569,.41857144,.52571428,.63285714,.51857144,.40714285,.59142858,.52714288,.49142858,.49571428,.60000002,.57285714,.35428572,.2742857,.60000002,.41,.5057143,.43857142,.53571427,.39857143,.31285715,.29857144,.54142857,.49142858,.26857144,.33857143,.41857144,.51428574,.59285712,.53857142,0,0,207,Neutral
208,.47914353,.55869156,.48565698,.45745149,.53151011,.19779871,.23232915,.1470183,.44857472,.47931659,.43596008,.24633709,.26677689,.3761012,.36414242,.49359125,.39135361,.29398811,.26920524,.39037809,.41996583,.22366512,.35354719,.53169864,.19695327,.37465057,.48720127,.5082683,.54120588,.41840941,.41146165,.26042548,.43607032,.28443673,.48722443,.43399361,.43484679,.47805887,.23495921,.37829256,.34646276,.43773919,.60237324,.27888227,.29710868,.5021506,.34470901,.54736114,.1699526,.1761034,.26295194,.2200937,.18883598,.38593695,.42752644,.33973655,.55184966,.36525464,.26811507,.3235141,.33338955,.49560848,.40416226,.32877424,.36175925,.2825022,.44650352,.25967702,.50593036,.62565696,.46025795,.49819776,.58880955,.38135472,.44169533,.44816136,.45719355,.62670523,.29217482,.59650463,.44788912,.55997354,.63089615,.42105821,.42128968,.57865852,.50033396,.54604501,.48542768,.61410385,.53728616,.38491622,.27980047,.54282737,.46122134,.43624559,.50695878,.53787148,.47165784,.3281669,.29561067,.4646109,.46525574,.37251544,.32661596,.47006392,.50540125,.60627866,.55481809,0,0,208,Neutral
206,.4481217,.54721338,.44276014,.44717371,.50569665,.29681659,.29104939,.14329806,.42021164,.45804673,.40763667,.23751764,.27245152,.36726192,.35940036,.49952379,.36329806,.42857143,.23818342,.46471339,.40281305,.22405203,.39063051,.5224427,.26675484,.40458113,.45770723,.48802027,.5315432,.35887566,.34350529,.25707233,.44536597,.33315697,.46351412,.37733686,.43709877,.43874338,.17318343,.37203261,.31337741,.48062611,.61934745,.21128307,.2395194,.45692241,.32224867,.55591267,.16244268,.15712522,.28416225,.1995679,.18716931,.32258379,.43482804,.33321869,.52663141,.30990741,.25634921,.4510538,.30145502,.43072751,.43134478,.23544091,.31048942,.31383157,.33078924,.23758377,.47882715,.64391094,.4188889,.42886245,.57488096,.52630514,.44163579,.38705027,.44804674,.60437393,.26660934,.54693121,.42855379,.55167991,.6135053,.39542329,.52305555,.5652954,.53220898,.50124341,.45582452,.53955024,.5391711,.35051146,.30941358,.50900793,.42102292,.49328926,.57266313,.53210759,.37757054,.37323633,.33436066,.42604938,.4312478,.28523368,.29536596,.44686949,.46357584,.58361995,.60082012,0,0,206,Neutral
205,.44873017,.54042327,.44513229,.45161375,.49703702,.2637566,.26343915,.14550266,.42269841,.45399472,.41724867,.24653439,.28470901,.37357143,.37354499,.47999999,.36693123,.35857144,.2605291,.40542328,.39973545,.22145502,.37092593,.51037037,.25338626,.35748678,.47052911,.48097885,.52068782,.37468255,.36388889,.25671959,.43933862,.32037038,.46108466,.41259259,.44687831,.41103175,.18195768,.35933861,.31455025,.4537566,.60179895,.22769842,.28283069,.45296296,.30492064,.54261905,.1689418,.18846561,.26068783,.19883598,.18015873,.35121694,.44753969,.32502645,.51121694,.3465873,.23952381,.32203704,.34015873,.41579366,.40806878,.29550263,.2986508,.30870369,.35330689,.23835979,.48724866,.60917991,.44047618,.44603175,.57642859,.4578307,.45695767,.40373015,.46113756,.60767198,.28251323,.55015874,.43275133,.55579364,.62674606,.41825396,.4797619,.57320106,.52753967,.5088889,.47351852,.56587303,.54074073,.38735449,.29076719,.52119046,.42470899,.44973546,.5316931,.53978837,.40256613,.36656085,.33616403,.45629629,.43891534,.33140212,.32076719,.43550265,.49288359,.58600527,.56492066,0,0,205,Neutral
204,.42857143,.53571427,.41142857,.42857143,.5,.30285713,.23142858,.14285715,.42857143,.42857143,.39285713,.21428572,.26857144,.32142857,.2857143,.44571429,.34,.32142857,.25,.41142857,.42857143,.19714285,.34,.42857143,.26857144,.34,.44571429,.44571429,.5,.2857143,.30285713,.26857144,.42857143,.32142857,.44571429,.28999999,.25857142,.32714286,.16,.34857142,.28142858,.36714286,.56285715,.16285715,.17428571,.37,.17571428,.40142858,.14428571,.15714286,.22285715,.17428571,.15571429,.32857144,.31,.26857144,.65571427,.2857143,.22428571,.20571429,.3157143,.42714286,.35428572,.29714286,.3157143,.21857142,.27714285,.20714286,.48714286,.63999999,.4342857,.5057143,.56285715,.43000001,.47714287,.5,.44857141,.59571427,.30857143,.65857142,.49000001,.54714286,.55285716,.39428571,.56285715,.52428573,.53857142,.56857145,.55142856,.57857144,.52428573,.39571428,.23571429,.51285714,.42857143,.49714285,.60857141,.49571428,.47999999,.39285713,.38714287,.52857143,.47714287,.51999998,.30428571,.47857141,.45285714,.57428569,.54571426,0,0,204,Neutral
203,.44047618,.54190475,.45809525,.42571428,.51238096,.34809524,.3359524,.16666667,.4342857,.44619048,.40833333,.2857143,.2857143,.40214285,.40166667,.44595239,.34476191,.38428572,.28523809,.4342857,.35738096,.26238096,.43119049,.52404761,.3214286,.4642857,.4197619,.42857143,.47928572,.38690478,.34833333,.24714287,.44285715,.36904761,.45785713,.32214287,.44309527,.56,.15142858,.50666666,.27547622,.41095239,.46857142,.18547618,.21404761,.40476191,.3052381,.49952382,.14595239,.15285714,.19952381,.16833334,.15928571,.33690476,.45666665,.35809523,.48357141,.28380954,.19547619,.27000001,.37071431,.26571429,.40642858,.1952381,.22309524,.28809524,.21619047,.22499999,.55619049,.42071426,.43214285,.39809525,.57928574,.47500002,.42119047,.39190477,.43142855,.62523806,.23476191,.49595237,.4392857,.56595236,.61904764,.40404761,.43880951,.54595238,.54928571,.50404763,.45190477,.58500004,.55261904,.35261905,.24119048,.51547623,.3904762,.36880952,.35500002,.59619045,.40142858,.42214286,.37690476,.36404762,.36547619,.21071428,.24547619,.38499999,.4942857,.61023808,.62047619,0,0,203,Neutral
63,.45857143,.49452379,.45500001,.44333333,.5209524,.25333333,.25,.14285715,.41095239,.45500001,.41666666,.26476192,.27047619,.37523809,.49428573,.44333333,.35166666,.31880951,.28523809,.36619049,.36309525,.28333333,.36880952,.5447619,.23523809,.33047619,.38404763,.42285714,.47023809,.41690475,.39547619,.26166666,.44619048,.28857142,.47880951,.41309524,.39023811,.22761904,.35499999,.20714286,.3311905,.57761908,.4504762,.48476189,.27690476,.39595237,.49904761,.51523811,.16761905,.15809524,.20714286,.58214283,.2954762,.4197619,.55428571,.28523809,.17785715,.32690477,.19261906,.32547617,.33500001,.23523809,.34952381,.2752381,.21095239,.32285714,.19333334,.32833335,.58119047,.28952381,.39238095,.52500004,.57404763,.39428571,.47666666,.44095236,.43333334,.6047619,.47714287,.49285713,.50785714,.57523811,.64333332,.39738095,.34119046,.55000001,.41857144,.50047618,.42809522,.58904761,.47428572,.34690475,.36214286,.5252381,.42238095,.37738094,.43071428,.58333331,.41357142,.38666666,.30499998,.40642858,.50833333,.26380953,.2742857,.47357142,.46261904,.56714284,.66047621,0,0,63,Neutral
217,.44738096,.50029761,.45386904,.42235118,.50220239,.22464287,.24562499,.17925596,.39907739,.44104168,.39148811,.27541667,.28943452,.34797618,.44452381,.44294643,.33702379,.28041667,.39026785,.35583332,.36717263,.3027381,.40419641,.50053573,.22562501,.32511905,.36184525,.41684523,.46636903,.42348215,.40669644,.298125,.42610118,.31211311,.44514883,.40398809,.39821428,.20767857,.41934523,.30467263,.30684525,.5347321,.43901786,.5799405,.27440476,.4160119,.61473215,.53276783,.17714286,.17092262,.20684524,.30377975,.19300595,.32901785,.5503571,.49270833,.1791369,.27997026,.18568453,.45211309,.42068452,.21392857,.41488096,.30300596,.17943452,.28190476,.16773809,.30690476,.49758929,.29684523,.3563095,.45767856,.56886905,.33958334,.40184525,.3984524,.35886905,.53967261,.58872026,.47026783,.4609524,.55455357,.61151785,.35892856,.30053574,.51886904,.45502976,.45142859,.4185119,.55705357,.50169641,.2897619,.298125,.51119047,.37422618,.31449404,.26791665,.51625001,.40598214,.31452382,.29455358,.3458631,.44127977,.27973214,.22678572,.52145833,.38404763,.53943449,.64544642,.125,0,217,Green
215,.45203704,.51101851,.47927248,.42488757,.53199732,.36515874,.34609127,.24800926,.39447752,.45554894,.39167991,.28120369,.29630291,.36851853,.44187832,.47200397,.35537037,.39564815,.34958333,.45701057,.37191138,.30291006,.45823413,.52940476,.37101191,.40764549,.37787038,.41279101,.47974867,.42498016,.41942459,.31005952,.43572089,.41118386,.4572553,.39128307,.40507936,.23789683,.3393783,.37992725,.28215608,.51390874,.44248018,.47157407,.27089947,.40879628,.59160715,.50053573,.15642858,.16139551,.20112434,.25512567,.18050925,.32882935,.52809525,.52099866,.18258597,.29697752,.16943783,.45737433,.44761243,.23253968,.40719578,.2513029,.18098545,.32685184,.17433862,.30867726,.52771825,.31437832,.38822752,.46607143,.58935183,.44387567,.41707674,.39521164,.39578041,.5669114,.47622353,.50553572,.4755291,.56434524,.60367066,.3676984,.39480159,.55260581,.53476852,.47682539,.45712963,.5717262,.55236113,.3531217,.37632936,.51764548,.37697089,.38853836,.27461639,.54075396,.42632937,.43211639,.40117064,.36844575,.4598082,.29097223,.25015873,.48064154,.43415344,.54400134,.59184521,.3611111,0,215,Green
214,.45203704,.51101851,.47927248,.42488757,.53199732,.36515874,.34609127,.24800926,.39447752,.45554894,.39167991,.28120369,.29630291,.36851853,.44187832,.47200397,.35537037,.39564815,.34958333,.45701057,.37191138,.30291006,.45823413,.52940476,.37101191,.40764549,.37787038,.41279101,.47974867,.42498016,.41942459,.31005952,.43572089,.41118386,.4572553,.39128307,.40507936,.23789683,.3393783,.37992725,.28215608,.51390874,.44248018,.47157407,.27089947,.40879628,.59160715,.50053573,.15642858,.16139551,.20112434,.25512567,.18050925,.32882935,.52809525,.52099866,.18258597,.29697752,.16943783,.45737433,.44761243,.23253968,.40719578,.2513029,.18098545,.32685184,.17433862,.30867726,.52771825,.31437832,.38822752,.46607143,.58935183,.44387567,.41707674,.39521164,.39578041,.5669114,.47622353,.50553572,.4755291,.56434524,.60367066,.3676984,.39480159,.55260581,.53476852,.47682539,.45712963,.5717262,.55236113,.3531217,.37632936,.51764548,.37697089,.38853836,.27461639,.54075396,.42632937,.43211639,.40117064,.36844575,.4598082,.29097223,.25015873,.48064154,.43415344,.54400134,.59184521,.3611111,0,214,Green
216,.45203704,.51101851,.47927248,.42488757,.53199732,.36515874,.34609127,.24800926,.39447752,.45554894,.39167991,.28120369,.29630291,.36851853,.44187832,.47200397,.35537037,.39564815,.34958333,.45701057,.37191138,.30291006,.45823413,.52940476,.37101191,.40764549,.37787038,.41279101,.47974867,.42498016,.41942459,.31005952,.43572089,.41118386,.4572553,.39128307,.40507936,.23789683,.3393783,.37992725,.28215608,.51390874,.44248018,.47157407,.27089947,.40879628,.59160715,.50053573,.15642858,.16139551,.20112434,.25512567,.18050925,.32882935,.52809525,.52099866,.18258597,.29697752,.16943783,.45737433,.44761243,.23253968,.40719578,.2513029,.18098545,.32685184,.17433862,.30867726,.52771825,.31437832,.38822752,.46607143,.58935183,.44387567,.41707674,.39521164,.39578041,.5669114,.47622353,.50553572,.4755291,.56434524,.60367066,.3676984,.39480159,.55260581,.53476852,.47682539,.45712963,.5717262,.55236113,.3531217,.37632936,.51764548,.37697089,.38853836,.27461639,.54075396,.42632937,.43211639,.40117064,.36844575,.4598082,.29097223,.25015873,.48064154,.43415344,.54400134,.59184521,.3611111,0,216,Green
213,.45203704,.51101851,.47927248,.42488757,.53199732,.36515874,.34609127,.24800926,.39447752,.45554894,.39167991,.28120369,.29630291,.36851853,.44187832,.47200397,.35537037,.39564815,.34958333,.45701057,.37191138,.30291006,.45823413,.52940476,.37101191,.40764549,.37787038,.41279101,.47974867,.42498016,.41942459,.31005952,.43572089,.41118386,.4572553,.39128307,.40507936,.23789683,.3393783,.37992725,.28215608,.51390874,.44248018,.47157407,.27089947,.40879628,.59160715,.50053573,.15642858,.16139551,.20112434,.25512567,.18050925,.32882935,.52809525,.52099866,.18258597,.29697752,.16943783,.45737433,.44761243,.23253968,.40719578,.2513029,.18098545,.32685184,.17433862,.30867726,.52771825,.31437832,.38822752,.46607143,.58935183,.44387567,.41707674,.39521164,.39578041,.5669114,.47622353,.50553572,.4755291,.56434524,.60367066,.3676984,.39480159,.55260581,.53476852,.47682539,.45712963,.5717262,.55236113,.3531217,.37632936,.51764548,.37697089,.38853836,.27461639,.54075396,.42632937,.43211639,.40117064,.36844575,.4598082,.29097223,.25015873,.48064154,.43415344,.54400134,.59184521,.3611111,0,213,Green
218,.45857143,.49452379,.45500001,.44333333,.5209524,.25333333,.25,.14285715,.41095239,.45500001,.41666666,.26476192,.27047619,.37523809,.49428573,.44333333,.35166666,.31880951,.28523809,.36619049,.36309525,.28333333,.36880952,.5447619,.23523809,.33047619,.38404763,.42285714,.47023809,.41690475,.39547619,.26166666,.44619048,.28857142,.47880951,.41309524,.39023811,.22761904,.35499999,.20714286,.3311905,.57761908,.4504762,.48476189,.27690476,.39595237,.49904761,.51523811,.16761905,.15809524,.20714286,.58214283,.2954762,.4197619,.55428571,.28523809,.17785715,.32690477,.19261906,.32547617,.33500001,.23523809,.34952381,.2752381,.21095239,.32285714,.19333334,.32833335,.58119047,.28952381,.39238095,.52500004,.57404763,.39428571,.47666666,.44095236,.43333334,.6047619,.47714287,.49285713,.50785714,.57523811,.64333332,.39738095,.34119046,.55000001,.41857144,.50047618,.42809522,.58904761,.47428572,.34690475,.36214286,.5252381,.42238095,.37738094,.43071428,.58333331,.41357142,.38666666,.30499998,.40642858,.50833333,.26380953,.2742857,.47357142,.46261904,.56714284,.66047621,0,0,218,Neutral
867,.45857143,.49452379,.45500001,.44333333,.5209524,.25333333,.25,.14285715,.41095239,.45500001,.41666666,.26476192,.27047619,.37523809,.49428573,.44333333,.35166666,.31880951,.28523809,.36619049,.36309525,.28333333,.36880952,.5447619,.23523809,.33047619,.38404763,.42285714,.47023809,.41690475,.39547619,.26166666,.44619048,.28857142,.47880951,.41309524,.39023811,.22761904,.35499999,.20714286,.3311905,.57761908,.4504762,.48476189,.27690476,.39595237,.49904761,.51523811,.16761905,.15809524,.20714286,.58214283,.2954762,.4197619,.55428571,.28523809,.17785715,.32690477,.19261906,.32547617,.33500001,.23523809,.34952381,.2752381,.21095239,.32285714,.19333334,.32833335,.58119047,.28952381,.39238095,.52500004,.57404763,.39428571,.47666666,.44095236,.43333334,.6047619,.47714287,.49285713,.50785714,.57523811,.64333332,.39738095,.34119046,.55000001,.41857144,.50047618,.42809522,.58904761,.47428572,.34690475,.36214286,.5252381,.42238095,.37738094,.43071428,.58333331,.41357142,.38666666,.30499998,.40642858,.50833333,.26380953,.2742857,.47357142,.46261904,.56714284,.66047621,0,0,867,Neutral
226,.52642858,.57142854,.50857139,.5,.58000004,.24071428,.15142858,.14285715,.42857143,.55357146,.44642857,.23142858,.26857144,.40214285,.41928571,.58000004,.35714287,.67857146,.27642858,.6242857,.39285713,.22285715,.41000003,.53571427,.16928571,.40214285,.41142857,.44642857,.52642858,.45499998,.4285714,.22285715,.49142855,.43714285,.42857143,.44857144,.31285715,.18428572,.16857143,.24071428,.27714285,.46857142,.52857143,.2557143,.245,.40214288,.38499999,.54428571,.14428571,.14928572,.20357142,.54714286,.15714285,.4285714,.47142857,.47857141,.18857142,.32714286,.18428572,.44,.19857143,.35642856,.50857139,.25071427,.21428572,.38142857,.19214286,.67142856,.53285712,.40071428,.42785716,.41857141,.56,.61357141,.36214286,.39357144,.45357144,.5,.26285714,.46214288,.50857139,.6257143,.65785712,.40142858,.42785713,.66357142,.66714287,.48428571,.495,.64785719,.625,.38214284,.67357147,.50357139,.35357141,.35714287,.44928572,.57714283,.36357141,.29071426,.28142858,.44142857,.3757143,.25928572,.2557143,.38357142,.45142856,.59428573,.47500002,0,0,226,Neutral
225,.43168831,.52482688,.45545453,.42331168,.53443724,.30744588,.29668832,.15002164,.38432902,.44829005,.39935064,.26233768,.28084415,.34521645,.41530302,.46415585,.34417748,.38292208,.33025974,.42361471,.39664501,.2553896,.3895238,.53627706,.28880951,.4767316,.38777056,.43268397,.49761903,.41238096,.39084417,.2446104,.44575757,.33919913,.49140692,.39941558,.37608224,.39943722,.31662339,.46900433,.36225107,.48785713,.4333117,.35967532,.27069265,.38658008,.45426404,.53268397,.15805195,.21147186,.22166666,.41456711,.27508658,.41385281,.49805194,.36571428,.21811688,.29772729,.18688312,.40294373,.33313853,.25956708,.39989176,.29770562,.2378355,.3025541,.19010822,.31270564,.54067099,.30166668,.38642856,.46402597,.57954544,.43006495,.42123377,.39781386,.38673159,.61854976,.33917749,.49051946,.47865802,.52080089,.60917747,.36757576,.41852814,.54043293,.47432899,.49781385,.4390476,.51497835,.54097402,.38145024,.4227922,.53450215,.42415583,.41649351,.37571427,.55028141,.42025974,.37906927,.34902596,.35484847,.4535065,.33380952,.27525973,.40216452,.42441559,.54627705,.5886364,.030303031,.030303031,225,Both Green and Brown
223,.46428573,.52071428,.45809522,.41666666,.50928569,.30619046,.28261906,.16071428,.38428572,.44333333,.40523809,.25595239,.30047619,.34761906,.43166667,.44928572,.31238097,.34785715,.26190478,.41380954,.32714286,.25309524,.38666669,.53857142,.28547618,.47619048,.3604762,.40523809,.48214287,.39904761,.38095239,.24119048,.42571428,.35714287,.4854762,.37309524,.4140476,.51619047,.19928572,.48047617,.32642856,.47833332,.40452382,.25238097,.24928571,.4107143,.3302381,.51714289,.15476191,.34952381,.1902381,.29190475,.18047619,.34166667,.47642857,.37928569,.22761905,.31095237,.18761905,.30095237,.39952379,.26261905,.35333332,.24309523,.18952382,.24809524,.17,.27547619,.60880953,.34238094,.36238095,.43309525,.5795238,.48095238,.40809524,.45761904,.37452382,.61571425,.26404762,.52261901,.5,.51857144,.62047619,.37809524,.50595236,.60809523,.52261907,.52499998,.4447619,.58357143,.56976193,.38404763,.39738095,.55238098,.37857142,.46880952,.40142858,.61666667,.41738096,.3952381,.35380954,.38595238,.47785714,.30476189,.27357143,.47190475,.46095237,.58404762,.56380951,0,.33333334,223,Brown
229,.4614898,.52734691,.50574148,.42644897,.55196601,.16955443,.227483,.23940817,.38596597,.46926191,.3810136,.25206125,.262449,.35866326,.38717347,.46531972,.3362959,.23190136,.43387076,.36860204,.37407824,.56264281,.45445576,.5243299,.17039797,.37713265,.35211566,.42740816,.49366325,.47197959,.44621769,.37750679,.44008163,.34905443,.48842174,.41879591,.35972449,.15455443,.16222449,.16761565,.33994898,.65069729,.44116667,.39013946,.28791836,.3812755,.47597277,.50817007,.18893878,.14701702,.21163946,.27334353,.1659898,.23278572,.46242514,.21794897,.18501021,.27997279,.16997279,.2472415,.30825511,.28791156,.25161904,.25356802,.25729251,.34573129,.16710545,.20303062,.61488092,.30069727,.39771089,.39053741,.58927894,.25409526,.43638775,.48785377,.4779762,.54845238,.2650238,.51736391,.47531632,.51192856,.62785715,.37867686,.23918027,.57370406,.37464285,.50301021,.43293539,.61709183,.48421088,.340534,.19479252,.53539795,.33094218,.23260544,.22620748,.60611564,.45365986,.28405783,.20943198,.36936054,.41792515,.31736395,.27518708,.57890135,.4165068,.59622788,.69999999,0,0,229,Neutral
228,.44005954,.50404763,.46202379,.43505955,.49547619,.37113094,.37273809,.27083334,.3842262,.44148809,.3982738,.25928572,.28702381,.37797618,.32124999,.48708332,.35863096,.4167262,.27577379,.46779764,.37357143,.27136904,.40690476,.47470239,.34380952,.19982143,.4005357,.42928571,.47184524,.41464287,.40273809,.29392856,.435,.39214286,.45369047,.40428573,.36160713,.1732738,.27702379,.21178572,.56154764,.61988097,.47702381,.39720237,.2720238,.39470237,.54273808,.54910713,.40880954,.15291667,.20928572,.25619048,.22101191,.31654763,.38863096,.38625002,.17684524,.32851189,.22285715,.32535714,.39309523,.33345237,.34815475,.31309524,.25273809,.55196428,.21916667,.28220239,.47660714,.36863095,.42755952,.49005952,.59785712,.52130955,.47511905,.45434523,.42041665,.55220234,.38083333,.53613096,.47583333,.50208336,.59434527,.41130954,.45458335,.58589286,.54267859,.45839286,.50297618,.59684527,.54470241,.39797619,.33821428,.55178571,.38398811,.41095239,.41363096,.51583332,.44827381,.53011906,.41488096,.43589285,.51148808,.36422619,.30738097,.59160715,.44505954,.59755951,.6594643,0,0,228,Neutral
227,.5,.59857142,.52714288,.54499996,.56214285,.1607143,.17857143,.14285715,.45499998,.52642858,.43714285,.24071428,.26785713,.41142857,.35714287,.5714286,.39285713,.375,.375,.44642857,.40214285,.22357142,.35714287,.53571427,.15142858,.24071428,.43714285,.46428573,.57142854,.45499998,.44571429,.25,.47285715,.25857145,.46428573,.43785715,.39571428,.23642857,.24357143,.23714286,.39714286,.44857144,.54500002,.27785712,.25999999,.53499997,.32428572,.57928574,.15428571,.14428571,.21571428,.43571427,.18642858,.4392857,.45428571,.30285716,.21285716,.37142855,.18714286,.31785715,.3092857,.34,.58642858,.23928571,.20071429,.505,.22785714,.60214287,.52428573,.36785716,.50999999,.48500001,.61428571,.40428573,.46714288,.44428572,.44928569,.54500002,.24428572,.48928571,.44928572,.60500002,.6321429,.41142857,.35214287,.64428574,.54714286,.45285714,.46714288,.65357143,.60357141,.32499999,.42428571,.55857146,.39500001,.32785714,.50928569,.56428576,.38428569,.26571429,.25071427,.44714284,.40928572,.25785714,.34428573,.48928571,.56071424,.59857142,.51642859,0,.5,227,Brown
224,.48285714,.55428571,.44571429,.42857143,.5714286,.41142857,.39285713,.14285715,.42857143,.44571429,.44571429,.25,.32142857,.35714287,.42857143,.55428571,.37428573,.42857143,.35714287,.4642857,.37428573,.21428572,.44571429,.5714286,.39285713,.58857143,.39285713,.41142857,.48285714,.42857143,.44571429,.2857143,.44571429,.41142857,.55428571,.26857144,.41999999,.23142858,.19714285,.54428571,.27571428,.44428572,.34428573,.24428572,.16428572,.38,.34285715,.50285715,.17571428,.14428571,.21142857,.22714286,.14285715,.25999999,.48428571,.31285715,.14285715,.24857143,.15857142,.29142857,.42428571,.21142857,.27142859,.20857143,.17285714,.23,.14714286,.30142859,.5714286,.37142858,.36571428,.37142858,.59285712,.51571429,.45285714,.41285715,.36857143,.64142859,.41571429,.41857144,.48142856,.58285713,.57999998,.31999999,.51999998,.55142856,.60428572,.45285714,.52857143,.61000001,.6185714,.36428571,.35142857,.59714288,.39428571,.45285714,.23,.6185714,.41,.46000001,.33285713,.31857142,.43142858,.23714286,.2857143,.39285713,.49142858,.53428572,.59142858,1,0,224,Green
234,.41285715,.55160713,.41,.39285713,.4642857,.1607143,.15178572,.14285715,.27000001,.37946427,.3194643,.17607144,.17607144,.2882143,.27910715,.42857143,.30535713,.16964287,.20714286,.24767858,.34375,.18732142,.20964286,.54642856,.15642858,.1894643,.38214287,.40214285,.50196427,.30821428,.28964284,.18303572,.435,.16964287,.50267857,.35642856,.55107141,.14767858,.14928572,.14892858,.2869643,.50196433,.4955357,.16857143,.25821429,.28785715,.21464285,.58267856,.14285715,.14285715,.20446429,.24678573,.16,.53982145,.30625001,.17410715,.18214285,.25839287,.16214286,.15839286,.29803571,.23,.30625001,.21267858,.20089287,.26232144,.17160714,.22982141,.50839287,.30892858,.30285713,.50142854,.59767854,.28517857,.36982143,.35821429,.3157143,.63535714,.19160713,.5025,.35785717,.52232146,.62857145,.27410713,.29249999,.53999996,.32214284,.46678573,.34607142,.52482146,.47428572,.23928572,.21678571,.565,.50339288,.27982143,.39875001,.58875,.31178573,.24142857,.19071428,.36482143,.44517857,.22624999,.20232143,.32107142,.33017856,.56660712,.66982144,0,0,234,Neutral
235,.44333333,.52428567,.47928572,.42547619,.52999997,.30333334,.30952379,.16952381,.41047621,.46142855,.41666666,.26523811,.27690476,.38142857,.41666666,.46690476,.33666667,.3840476,.27428573,.41714284,.38738096,.2857143,.40761906,.51833332,.2857143,.4197619,.39880952,.43714288,.49714285,.43761906,.405,.26190478,.44333333,.33666667,.48238096,.40880951,.39809525,.37404761,.26142856,.39333335,.37523809,.47499999,.45476189,.32904762,.26880953,.42928571,.40571427,.50880957,.15761904,.22619048,.20380953,.40714285,.27857143,.46761906,.47952381,.3797619,.23928572,.35142857,.20809524,.34309524,.39714286,.34309524,.48071429,.2402381,.29857144,.3692857,.21404761,.33190477,.53571427,.34714285,.39285713,.48833331,.59190476,.47452381,.42690477,.45190474,.39095238,.58142859,.34333333,.50547618,.46333331,.52976191,.60380954,.36309525,.43714285,.60928571,.51547617,.48642859,.45119047,.57023805,.5511905,.36857143,.47190475,.52452379,.4447619,.42261904,.40809524,.56261903,.43047619,.37880951,.38571429,.40880951,.43690476,.31452382,.30309525,.4440476,.48166668,.57142854,.55880952,0,0,235,Neutral
233,.44642857,.44571429,.4642857,.42857143,.49071425,.41071427,.40142858,.24071428,.40214285,.45499998,.40214285,.26785713,.30285713,.38428572,.43785715,.51785713,.32142857,.46428573,.41071427,.52714288,.32142857,.49071428,.47285712,.4642857,.38428572,.27714288,.31214285,.40214285,.42857143,.43785715,.41928571,.31285715,.43714285,.43714285,.4285714,.40000001,.34071428,.20928571,.27928573,.36357144,.28857142,.53285718,.39071429,.50999999,.27571428,.42285714,.5064286,.45857143,.19428572,.17857143,.24928573,.23499998,.1842857,.23571429,.54857147,.58857143,.22642857,.3157143,.19285715,.39714283,.51428568,.24785715,.35071427,.28857142,.19357143,.26499999,.20928572,.28571427,.50642854,.32357144,.43357143,.33499998,.58785713,.62785715,.44428569,.43214285,.43071428,.51642859,.49857146,.44214284,.47071427,.49142855,.60785711,.40857142,.51571429,.54428571,.58142853,.47499999,.49571428,.59714288,.55428576,.36785716,.36357144,.52142859,.34785712,.45714286,.22357142,.52928573,.39428571,.4342857,.49357143,.33214286,.44714287,.28642857,.245,.51642859,.45714283,.55285716,.59000003,0,0,233,Neutral
243,.46428573,.56285715,.47285712,.52714288,.50857139,.14285715,.14285715,.14285715,.4642857,.5,.44642857,.38428572,.39285713,.51785713,.41071427,.53571427,.49071425,.22285715,.3214286,.25928572,.5,.23214287,.31214285,.47285712,.14285715,.14285715,.49071428,.52714288,.55357146,.43714285,.43714285,.24142858,.5,.17857143,.47285712,.59928572,.41285715,.15214285,.17214286,.16428572,.35571426,.43642858,.63357145,.20571429,.46928573,.4757143,.21571429,.54499996,.17071429,.23214287,.30857143,.20857143,.15928572,.32714283,.45785713,.21142858,.19571428,.49071431,.17857143,.17071429,.3757143,.29428571,.36571428,.51785713,.21071428,.27928573,.24857143,.26357144,.5,.43000001,.59214288,.53071427,.59928572,.36357144,.54785717,.48499998,.53142858,.46357143,.18357143,.53999996,.37785715,.4942857,.58428574,.57500005,.3692857,.57214284,.36428571,.45714286,.49142855,.59428573,.49357143,.39428574,.28785715,.52214289,.45357144,.35571429,.49857143,.47428572,.44857144,.25142857,.22428572,.54714286,.51642859,.5,.44999999,.42071429,.59285712,.47642857,.53500003,0,0,243,Neutral
253,.42857143,.55428571,.41142857,.42857143,.53571427,.14285715,.14285715,.14285715,.37428573,.42857143,.39285713,.17857143,.16,.2857143,.42857143,.41142857,.4642857,.25,.26857144,.25,.51714283,.25,.16,.5714286,.14285715,.16,.48285714,.44571429,.55428571,.39285713,.39285713,.25,.5,.14285715,.51714283,.48428571,.36571428,.14428571,.16857143,.16428572,.43857142,.41428572,.67000002,.14857143,.38428572,.44142857,.15285714,.58571428,.14714286,.15571429,.15000001,.25857142,.23142858,.5057143,.51142859,.14714286,.22285715,.40428573,.17285714,.14428571,.32428572,.34142858,.35285714,.66000003,.22571428,.34999999,.22428571,.4942857,.46571428,.29285714,.29428571,.4642857,.47,.20857143,.33428571,.4757143,.37285715,.44857141,.20285714,.60285717,.35142857,.49571428,.57428569,.3157143,.23857144,.44428572,.29571429,.43142858,.44714287,.4942857,.4342857,.29714286,.28428572,.52571428,.47285715,.23714286,.48714286,.47999999,.37428573,.20857143,.17428571,.43142858,.46000001,.57285714,.22857143,.44714287,.30857143,.47142857,.55428571,0,0,253,Neutral
255,.45857143,.55857146,.45571429,.42857143,.56285715,.14285715,.14285715,.14285715,.38428572,.50857145,.37571427,.34,.26857144,.35285714,.47714287,.45142856,.4642857,.15142857,.25428572,.23714286,.52285713,.25857142,.19714285,.55428571,.14285715,.18714286,.44142857,.48285714,.55428571,.43285716,.41571429,.21857142,.43714285,.14285715,.47285715,.4342857,.43285716,.16571428,.19428572,.16714285,.32142857,.4642857,.56714284,.17142858,.57857144,.35285714,.27714285,.55714285,.16142857,.16285715,.20428571,.24142857,.22857143,.40571427,.54000002,.19428572,.16428572,.31857142,.21571429,.19714285,.27142859,.33142856,.26142856,.52999997,.23428571,.31999999,.19142857,.23714286,.58428574,.29571429,.38,.57714283,.55857146,.20571429,.34999999,.46857142,.38428572,.49285713,.17142858,.59714288,.43571427,.5657143,.62142855,.33571428,.17714286,.52142859,.24571429,.50999999,.46142858,.58428574,.45142856,.38142857,.20857143,.52714288,.42285714,.20857143,.39714286,.58142859,.43714285,.18571429,.16428572,.44285715,.42571428,.53857142,.25714287,.44428572,.36000001,.56285715,.62714285,0,0,255,Neutral
256,.41142857,.53571427,.42857143,.44571429,.4642857,.14285715,.14285715,.14285715,.32142857,.4642857,.37428573,.2857143,.2857143,.34,.39285713,.42857143,.53571427,.2857143,.30285713,.2857143,.5714286,.26857144,.23142858,.48285714,.14285715,.14285715,.55428571,.55428571,.58857143,.42857143,.30285713,.26857144,.42857143,.14285715,.44571429,.44714287,.47857141,.14428571,.16,.14428571,.54857141,.47,.64714283,.25285715,.37714285,.38428572,.25285715,.5657143,.26857144,.14428571,.21571429,.27142859,.19714285,.32714286,.50857145,.18000001,.16571428,.35714287,.23142858,.17714286,.38,.30714285,.26285714,.69428569,.22142857,.35857144,.17714286,.24857143,.42571428,.33714285,.36714286,.67428571,.56857145,.20999999,.36285713,.49285713,.39428571,.47428572,.17857143,.64571428,.39428571,.43571427,.60571426,.32857144,.23285714,.45857143,.25142857,.42571428,.46714285,.56714284,.44857141,.30857143,.36142856,.59857142,.5057143,.29857144,.61000001,.49571428,.46142858,.2,.15142857,.58571428,.47857141,.70571429,.25999999,.61571431,.33714285,.52857143,.58857143,0,0,256,Neutral
258,.51714283,.55428571,.51714283,.5,.5714286,.14285715,.23142858,.14285715,.48285714,.53571427,.42857143,.32142857,.34,.41142857,.42857143,.42857143,.53571427,.26857144,.37428573,.30285713,.60714287,.30285713,.32142857,.5714286,.14285715,.32142857,.51714283,.5714286,.5714286,.51714283,.51714283,.39285713,.51714283,.30285713,.53571427,.40714285,.38,.16,.16714285,.27714285,.31142858,.54857141,.57999998,.39142856,.37857142,.30714285,.52285713,.52285713,.14285715,.18571429,.24142857,.30285713,.15714286,.28857142,.49857143,.41571429,.17142858,.34,.17428571,.28,.38285714,.21428572,.24714285,.61285716,.24571429,.38142857,.2,.28142858,.56857145,.34571427,.40428573,.6785714,.62,.2742857,.39428571,.55285716,.44571429,.51999998,.34999999,.63714284,.5642857,.48714286,.57857144,.36142856,.2857143,.52857143,.38142857,.50857145,.51999998,.59714288,.42428571,.36000001,.32285714,.56999999,.39285713,.28999999,.37142858,.51142859,.48571429,.23571429,.25142857,.54571426,.52142859,.67571431,.32714286,.5657143,.40857142,.56,.66285712,0,0,258,Neutral
254,.48151785,.56132442,.44587797,.45157737,.54357141,.14285715,.14535715,.14285715,.36586308,.48662204,.35264879,.300372,.26169643,.36160713,.44745535,.43032739,.46441963,.23956846,.25840774,.25647321,.45940477,.22485119,.29623511,.53991073,.14285715,.18879464,.45369047,.48217261,.55522323,.37825894,.35828871,.2122619,.44938987,.21901786,.49098215,.49580356,.47744048,.17497024,.40697917,.17852679,.39486608,.48699403,.59150296,.28251487,.48784226,.41549107,.22861607,.5845089,.17693453,.15854166,.24629465,.35299107,.2063244,.5248512,.50550592,.24166667,.16172619,.34857142,.22425595,.17818452,.25434524,.3689881,.34427083,.4864881,.29891369,.31916666,.21602678,.30706847,.56733632,.37157738,.41741073,.5632292,.54374999,.23815477,.41808036,.45754465,.41095239,.54364586,.21205357,.58549106,.41255951,.55519342,.63802087,.38278273,.2469494,.52633929,.37959823,.50215775,.48136905,.58889878,.4375149,.37154761,.35842264,.56141371,.50611609,.29169643,.48638391,.55796129,.45622024,.22825892,.18328869,.50879467,.47946429,.45799106,.32074404,.48212796,.4154613,.58683038,.60443449,.041666668,0,254,Green
284,.41036734,.56232655,.42055103,.45273468,.48481631,.14285715,.1612449,.14457144,.35683674,.42383674,.3242653,.28359184,.25134695,.30595919,.33757144,.41742858,.49028572,.22132653,.26853061,.21838775,.55185717,.21065307,.21689796,.49797961,.14285715,.17628571,.4867551,.51502043,.58100003,.33381632,.32326531,.23269388,.40257144,.16595919,.45463264,.40357143,.36953062,.16340816,.21773469,.18487754,.39851022,.41767347,.60071427,.27410203,.36036736,.3217347,.24826531,.55787754,.20322448,.19461225,.21114285,.24159184,.17706123,.28363264,.41838774,.2122449,.1599796,.28195918,.19128571,.18036735,.29865307,.34279591,.2494898,.60873473,.25510204,.34669387,.17842858,.32218367,.42202041,.35459182,.37942857,.57061225,.53157145,.25144899,.37657145,.43873471,.3814694,.48181632,.21844898,.57759184,.36867347,.40846938,.58057141,.33297959,.29465306,.4759796,.28295919,.40665308,.41889796,.52846938,.40597957,.32916325,.33393878,.50240815,.41014287,.32391837,.45300001,.47187755,.38659185,.20014286,.18038777,.4787347,.40412247,.60912246,.2565102,.49426532,.36295918,.51663268,.55014288,.2,.028571431,284,Green
259,.41036734,.56232655,.42055103,.45273468,.48481631,.14285715,.1612449,.14457144,.35683674,.42383674,.3242653,.28359184,.25134695,.30595919,.33757144,.41742858,.49028572,.22132653,.26853061,.21838775,.55185717,.21065307,.21689796,.49797961,.14285715,.17628571,.4867551,.51502043,.58100003,.33381632,.32326531,.23269388,.40257144,.16595919,.45463264,.40357143,.36953062,.16340816,.21773469,.18487754,.39851022,.41767347,.60071427,.27410203,.36036736,.3217347,.24826531,.55787754,.20322448,.19461225,.21114285,.24159184,.17706123,.28363264,.41838774,.2122449,.1599796,.28195918,.19128571,.18036735,.29865307,.34279591,.2494898,.60873473,.25510204,.34669387,.17842858,.32218367,.42202041,.35459182,.37942857,.57061225,.53157145,.25144899,.37657145,.43873471,.3814694,.48181632,.21844898,.57759184,.36867347,.40846938,.58057141,.33297959,.29465306,.4759796,.28295919,.40665308,.41889796,.52846938,.40597957,.32916325,.33393878,.50240815,.41014287,.32391837,.45300001,.47187755,.38659185,.20014286,.18038777,.4787347,.40412247,.60912246,.2565102,.49426532,.36295918,.51663268,.55014288,.2,.028571431,259,Green
267,.41723216,.55053568,.41133928,.43071428,.46446428,.20071429,.21071428,.14714286,.38589287,.43062499,.34339285,.27419645,.27883929,.32830358,.37008929,.43321431,.454375,.27169645,.20580357,.30535716,.50374997,.21169643,.25758928,.49803573,.205,.14892858,.52241069,.4875893,.53928572,.32285714,.3038393,.24455358,.43357143,.23178571,.44330359,.43080357,.43955356,.16026786,.17848215,.18660715,.35544643,.39785713,.61428571,.23696429,.34339285,.35285714,.23401786,.53258932,.18946429,.17321429,.23883928,.24705358,.17392857,.28669643,.42982143,.29348212,.19133928,.3038393,.20339286,.18392856,.33892858,.30000001,.32419643,.57133931,.221875,.31866071,.19053571,.34705356,.4474107,.40035713,.38919643,.52749997,.55321431,.36401784,.40169641,.43276787,.41089284,.5066964,.25339285,.54723215,.39580357,.42446429,.58008927,.36464286,.41651785,.50999999,.39794642,.4499107,.48339286,.54901785,.46214285,.37116072,.38589287,.49633929,.41008928,.37669644,.6108036,.51669645,.37410715,.30669641,.31482142,.4942857,.39732143,.58571428,.28142858,.45125002,.40866071,.50303572,.5763393,0,0,267,Neutral
266,.41723216,.55053568,.41133928,.43071428,.46446428,.20071429,.21071428,.14714286,.38589287,.43062499,.34339285,.27419645,.27883929,.32830358,.37008929,.43321431,.454375,.27169645,.20580357,.30535716,.50374997,.21169643,.25758928,.49803573,.205,.14892858,.52241069,.4875893,.53928572,.32285714,.3038393,.24455358,.43357143,.23178571,.44330359,.43080357,.43955356,.16026786,.17848215,.18660715,.35544643,.39785713,.61428571,.23696429,.34339285,.35285714,.23401786,.53258932,.18946429,.17321429,.23883928,.24705358,.17392857,.28669643,.42982143,.29348212,.19133928,.3038393,.20339286,.18392856,.33892858,.30000001,.32419643,.57133931,.221875,.31866071,.19053571,.34705356,.4474107,.40035713,.38919643,.52749997,.55321431,.36401784,.40169641,.43276787,.41089284,.5066964,.25339285,.54723215,.39580357,.42446429,.58008927,.36464286,.41651785,.50999999,.39794642,.4499107,.48339286,.54901785,.46214285,.37116072,.38589287,.49633929,.41008928,.37669644,.6108036,.51669645,.37410715,.30669641,.31482142,.4942857,.39732143,.58571428,.28142858,.45125002,.40866071,.50303572,.5763393,0,0,266,Neutral
278,.37428573,.48285714,.37428573,.4642857,.41142857,.14285715,.14285715,.14285715,.34,.42857143,.32142857,.23142858,.25,.26857144,.26857144,.39285713,.4642857,.19714285,.25,.19714285,.5714286,.23142858,.16,.42857143,.14285715,.14285715,.51714283,.53571427,.5714286,.2857143,.30285713,.25,.39285713,.14285715,.41142857,.42857143,.4342857,.14857143,.15428571,.17285714,.33285713,.32714286,.6257143,.15428571,.31,.37428573,.17285714,.47,.15428571,.19714285,.19714285,.19,.14857143,.22,.32142857,.14857143,.14285715,.35714287,.19714285,.14857143,.23142858,.34571427,.22,.59571427,.23857144,.3157143,.18428572,.29142857,.26857144,.36285713,.52142859,.54714286,.47142857,.20285714,.37857142,.42857143,.50999999,.41714287,.16,.60857141,.29714286,.31,.52999997,.48428571,.34,.37428573,.22571428,.36714286,.35142857,.39285713,.38142857,.32142857,.30428571,.52142859,.4342857,.31142858,.63714284,.40428573,.37285715,.18428572,.16,.44,.47142857,.65428573,.35428572,.41142857,.48428571,.42857143,.50285715,0,0,278,Neutral
257,.41036734,.56232655,.42055103,.45273468,.48481631,.14285715,.1612449,.14457144,.35683674,.42383674,.3242653,.28359184,.25134695,.30595919,.33757144,.41742858,.49028572,.22132653,.26853061,.21838775,.55185717,.21065307,.21689796,.49797961,.14285715,.17628571,.4867551,.51502043,.58100003,.33381632,.32326531,.23269388,.40257144,.16595919,.45463264,.40357143,.36953062,.16340816,.21773469,.18487754,.39851022,.41767347,.60071427,.27410203,.36036736,.3217347,.24826531,.55787754,.20322448,.19461225,.21114285,.24159184,.17706123,.28363264,.41838774,.2122449,.1599796,.28195918,.19128571,.18036735,.29865307,.34279591,.2494898,.60873473,.25510204,.34669387,.17842858,.32218367,.42202041,.35459182,.37942857,.57061225,.53157145,.25144899,.37657145,.43873471,.3814694,.48181632,.21844898,.57759184,.36867347,.40846938,.58057141,.33297959,.29465306,.4759796,.28295919,.40665308,.41889796,.52846938,.40597957,.32916325,.33393878,.50240815,.41014287,.32391837,.45300001,.47187755,.38659185,.20014286,.18038777,.4787347,.40412247,.60912246,.2565102,.49426532,.36295918,.51663268,.55014288,.2,.028571431,257,Green
269,.41723216,.55053568,.41133928,.43071428,.46446428,.20071429,.21071428,.14714286,.38589287,.43062499,.34339285,.27419645,.27883929,.32830358,.37008929,.43321431,.454375,.27169645,.20580357,.30535716,.50374997,.21169643,.25758928,.49803573,.205,.14892858,.52241069,.4875893,.53928572,.32285714,.3038393,.24455358,.43357143,.23178571,.44330359,.43080357,.43955356,.16026786,.17848215,.18660715,.35544643,.39785713,.61428571,.23696429,.34339285,.35285714,.23401786,.53258932,.18946429,.17321429,.23883928,.24705358,.17392857,.28669643,.42982143,.29348212,.19133928,.3038393,.20339286,.18392856,.33892858,.30000001,.32419643,.57133931,.221875,.31866071,.19053571,.34705356,.4474107,.40035713,.38919643,.52749997,.55321431,.36401784,.40169641,.43276787,.41089284,.5066964,.25339285,.54723215,.39580357,.42446429,.58008927,.36464286,.41651785,.50999999,.39794642,.4499107,.48339286,.54901785,.46214285,.37116072,.38589287,.49633929,.41008928,.37669644,.6108036,.51669645,.37410715,.30669641,.31482142,.4942857,.39732143,.58571428,.28142858,.45125002,.40866071,.50303572,.5763393,0,0,269,Neutral
264,.41723216,.55053568,.41133928,.43071428,.46446428,.20071429,.21071428,.14714286,.38589287,.43062499,.34339285,.27419645,.27883929,.32830358,.37008929,.43321431,.454375,.27169645,.20580357,.30535716,.50374997,.21169643,.25758928,.49803573,.205,.14892858,.52241069,.4875893,.53928572,.32285714,.3038393,.24455358,.43357143,.23178571,.44330359,.43080357,.43955356,.16026786,.17848215,.18660715,.35544643,.39785713,.61428571,.23696429,.34339285,.35285714,.23401786,.53258932,.18946429,.17321429,.23883928,.24705358,.17392857,.28669643,.42982143,.29348212,.19133928,.3038393,.20339286,.18392856,.33892858,.30000001,.32419643,.57133931,.221875,.31866071,.19053571,.34705356,.4474107,.40035713,.38919643,.52749997,.55321431,.36401784,.40169641,.43276787,.41089284,.5066964,.25339285,.54723215,.39580357,.42446429,.58008927,.36464286,.41651785,.50999999,.39794642,.4499107,.48339286,.54901785,.46214285,.37116072,.38589287,.49633929,.41008928,.37669644,.6108036,.51669645,.37410715,.30669641,.31482142,.4942857,.39732143,.58571428,.28142858,.45125002,.40866071,.50303572,.5763393,0,0,264,Neutral
268,.41723216,.55053568,.41133928,.43071428,.46446428,.20071429,.21071428,.14714286,.38589287,.43062499,.34339285,.27419645,.27883929,.32830358,.37008929,.43321431,.454375,.27169645,.20580357,.30535716,.50374997,.21169643,.25758928,.49803573,.205,.14892858,.52241069,.4875893,.53928572,.32285714,.3038393,.24455358,.43357143,.23178571,.44330359,.43080357,.43955356,.16026786,.17848215,.18660715,.35544643,.39785713,.61428571,.23696429,.34339285,.35285714,.23401786,.53258932,.18946429,.17321429,.23883928,.24705358,.17392857,.28669643,.42982143,.29348212,.19133928,.3038393,.20339286,.18392856,.33892858,.30000001,.32419643,.57133931,.221875,.31866071,.19053571,.34705356,.4474107,.40035713,.38919643,.52749997,.55321431,.36401784,.40169641,.43276787,.41089284,.5066964,.25339285,.54723215,.39580357,.42446429,.58008927,.36464286,.41651785,.50999999,.39794642,.4499107,.48339286,.54901785,.46214285,.37116072,.38589287,.49633929,.41008928,.37669644,.6108036,.51669645,.37410715,.30669641,.31482142,.4942857,.39732143,.58571428,.28142858,.45125002,.40866071,.50303572,.5763393,0,0,268,Neutral
275,.41723216,.55053568,.41133928,.43071428,.46446428,.20071429,.21071428,.14714286,.38589287,.43062499,.34339285,.27419645,.27883929,.32830358,.37008929,.43321431,.454375,.27169645,.20580357,.30535716,.50374997,.21169643,.25758928,.49803573,.205,.14892858,.52241069,.4875893,.53928572,.32285714,.3038393,.24455358,.43357143,.23178571,.44330359,.43080357,.43955356,.16026786,.17848215,.18660715,.35544643,.39785713,.61428571,.23696429,.34339285,.35285714,.23401786,.53258932,.18946429,.17321429,.23883928,.24705358,.17392857,.28669643,.42982143,.29348212,.19133928,.3038393,.20339286,.18392856,.33892858,.30000001,.32419643,.57133931,.221875,.31866071,.19053571,.34705356,.4474107,.40035713,.38919643,.52749997,.55321431,.36401784,.40169641,.43276787,.41089284,.5066964,.25339285,.54723215,.39580357,.42446429,.58008927,.36464286,.41651785,.50999999,.39794642,.4499107,.48339286,.54901785,.46214285,.37116072,.38589287,.49633929,.41008928,.37669644,.6108036,.51669645,.37410715,.30669641,.31482142,.4942857,.39732143,.58571428,.28142858,.45125002,.40866071,.50303572,.5763393,0,0,275,Neutral
265,.41723216,.55053568,.41133928,.43071428,.46446428,.20071429,.21071428,.14714286,.38589287,.43062499,.34339285,.27419645,.27883929,.32830358,.37008929,.43321431,.454375,.27169645,.20580357,.30535716,.50374997,.21169643,.25758928,.49803573,.205,.14892858,.52241069,.4875893,.53928572,.32285714,.3038393,.24455358,.43357143,.23178571,.44330359,.43080357,.43955356,.16026786,.17848215,.18660715,.35544643,.39785713,.61428571,.23696429,.34339285,.35285714,.23401786,.53258932,.18946429,.17321429,.23883928,.24705358,.17392857,.28669643,.42982143,.29348212,.19133928,.3038393,.20339286,.18392856,.33892858,.30000001,.32419643,.57133931,.221875,.31866071,.19053571,.34705356,.4474107,.40035713,.38919643,.52749997,.55321431,.36401784,.40169641,.43276787,.41089284,.5066964,.25339285,.54723215,.39580357,.42446429,.58008927,.36464286,.41651785,.50999999,.39794642,.4499107,.48339286,.54901785,.46214285,.37116072,.38589287,.49633929,.41008928,.37669644,.6108036,.51669645,.37410715,.30669641,.31482142,.4942857,.39732143,.58571428,.28142858,.45125002,.40866071,.50303572,.5763393,0,0,265,Neutral
285,.41036734,.56232655,.42055103,.45273468,.48481631,.14285715,.1612449,.14457144,.35683674,.42383674,.3242653,.28359184,.25134695,.30595919,.33757144,.41742858,.49028572,.22132653,.26853061,.21838775,.55185717,.21065307,.21689796,.49797961,.14285715,.17628571,.4867551,.51502043,.58100003,.33381632,.32326531,.23269388,.40257144,.16595919,.45463264,.40357143,.36953062,.16340816,.21773469,.18487754,.39851022,.41767347,.60071427,.27410203,.36036736,.3217347,.24826531,.55787754,.20322448,.19461225,.21114285,.24159184,.17706123,.28363264,.41838774,.2122449,.1599796,.28195918,.19128571,.18036735,.29865307,.34279591,.2494898,.60873473,.25510204,.34669387,.17842858,.32218367,.42202041,.35459182,.37942857,.57061225,.53157145,.25144899,.37657145,.43873471,.3814694,.48181632,.21844898,.57759184,.36867347,.40846938,.58057141,.33297959,.29465306,.4759796,.28295919,.40665308,.41889796,.52846938,.40597957,.32916325,.33393878,.50240815,.41014287,.32391837,.45300001,.47187755,.38659185,.20014286,.18038777,.4787347,.40412247,.60912246,.2565102,.49426532,.36295918,.51663268,.55014288,.2,.028571431,285,Green
276,.3157143,.45238096,.35142857,.41714287,.41714287,.17238095,.17238095,.14285715,.36285716,.41095239,.29714286,.24380952,.22,.30952382,.44666666,.41714287,.36857143,.26190478,.16,.29238096,.36857143,.17238095,.27952382,.42857143,.19047619,.14285715,.44619048,.43428573,.47,.2857143,.2857143,.14285715,.39333335,.22,.38095239,.34190476,.40571427,.16142857,.16428572,.18904762,.29142857,.37523809,.61619043,.17190476,.32904762,.32142857,.18476191,.44571429,.15428571,.17571428,.21809524,.18380952,.16190477,.32904762,.50666666,.20809524,.1847619,.27904761,.19380952,.1652381,.24571428,.28857142,.35809523,.33714285,.2252381,.29380953,.19238095,.20190476,.36380953,.44952381,.4204762,.45619047,.56142855,.39095238,.41238096,.31,.41761905,.46333334,.2742857,.54095238,.36714286,.51238096,.56952381,.37523809,.42095238,.50952381,.40238094,.40380952,.46047619,.49380952,.46476191,.34,.24857143,.43571427,.40190476,.41809523,.62904763,.51142859,.33666667,.29095238,.28380951,.47857144,.35666665,.37857142,.25857145,.32142857,.47142857,.48523811,.49904764,0,0,276,Neutral
277,.37428573,.48285714,.37428573,.4642857,.41142857,.14285715,.14285715,.14285715,.34,.42857143,.32142857,.23142858,.25,.26857144,.26857144,.39285713,.4642857,.19714285,.25,.19714285,.5714286,.23142858,.16,.42857143,.14285715,.14285715,.51714283,.53571427,.5714286,.2857143,.30285713,.25,.39285713,.14285715,.41142857,.42857143,.4342857,.14857143,.15428571,.17285714,.33285713,.32714286,.6257143,.15428571,.31,.37428573,.17285714,.47,.15428571,.19714285,.19714285,.19,.14857143,.22,.32142857,.14857143,.14285715,.35714287,.19714285,.14857143,.23142858,.34571427,.22,.59571427,.23857144,.3157143,.18428572,.29142857,.26857144,.36285713,.52142859,.54714286,.47142857,.20285714,.37857142,.42857143,.50999999,.41714287,.16,.60857141,.29714286,.31,.52999997,.48428571,.34,.37428573,.22571428,.36714286,.35142857,.39285713,.38142857,.32142857,.30428571,.52142859,.4342857,.31142858,.63714284,.40428573,.37285715,.18428572,.16,.44,.47142857,.65428573,.35428572,.41142857,.48428571,.42857143,.50285715,0,0,277,Neutral
263,.41723216,.55053568,.41133928,.43071428,.46446428,.20071429,.21071428,.14714286,.38589287,.43062499,.34339285,.27419645,.27883929,.32830358,.37008929,.43321431,.454375,.27169645,.20580357,.30535716,.50374997,.21169643,.25758928,.49803573,.205,.14892858,.52241069,.4875893,.53928572,.32285714,.3038393,.24455358,.43357143,.23178571,.44330359,.43080357,.43955356,.16026786,.17848215,.18660715,.35544643,.39785713,.61428571,.23696429,.34339285,.35285714,.23401786,.53258932,.18946429,.17321429,.23883928,.24705358,.17392857,.28669643,.42982143,.29348212,.19133928,.3038393,.20339286,.18392856,.33892858,.30000001,.32419643,.57133931,.221875,.31866071,.19053571,.34705356,.4474107,.40035713,.38919643,.52749997,.55321431,.36401784,.40169641,.43276787,.41089284,.5066964,.25339285,.54723215,.39580357,.42446429,.58008927,.36464286,.41651785,.50999999,.39794642,.4499107,.48339286,.54901785,.46214285,.37116072,.38589287,.49633929,.41008928,.37669644,.6108036,.51669645,.37410715,.30669641,.31482142,.4942857,.39732143,.58571428,.28142858,.45125002,.40866071,.50303572,.5763393,0,0,263,Neutral
274,.41723216,.55053568,.41133928,.43071428,.46446428,.20071429,.21071428,.14714286,.38589287,.43062499,.34339285,.27419645,.27883929,.32830358,.37008929,.43321431,.454375,.27169645,.20580357,.30535716,.50374997,.21169643,.25758928,.49803573,.205,.14892858,.52241069,.4875893,.53928572,.32285714,.3038393,.24455358,.43357143,.23178571,.44330359,.43080357,.43955356,.16026786,.17848215,.18660715,.35544643,.39785713,.61428571,.23696429,.34339285,.35285714,.23401786,.53258932,.18946429,.17321429,.23883928,.24705358,.17392857,.28669643,.42982143,.29348212,.19133928,.3038393,.20339286,.18392856,.33892858,.30000001,.32419643,.57133931,.221875,.31866071,.19053571,.34705356,.4474107,.40035713,.38919643,.52749997,.55321431,.36401784,.40169641,.43276787,.41089284,.5066964,.25339285,.54723215,.39580357,.42446429,.58008927,.36464286,.41651785,.50999999,.39794642,.4499107,.48339286,.54901785,.46214285,.37116072,.38589287,.49633929,.41008928,.37669644,.6108036,.51669645,.37410715,.30669641,.31482142,.4942857,.39732143,.58571428,.28142858,.45125002,.40866071,.50303572,.5763393,0,0,274,Neutral
283,.34,.47357142,.34857142,.40142858,.40142858,.14285715,.14285715,.14285715,.25928572,.36571428,.27642858,.18714286,.18714286,.27714285,.24071428,.34857142,.31285715,.19642857,.24142858,.22285715,.39285713,.15142858,.23142856,.41071427,.14285715,.14285715,.36642855,.42000002,.47357142,.27642858,.24071428,.24142858,.39285713,.21428573,.35714287,.28857142,.28357142,.19785714,.15071428,.18714285,.30214286,.29071426,.48142856,.22142857,.20071429,.26214287,.17071429,.44142857,.25,.30785716,.19214286,.17857143,.16785714,.20500001,.23999999,.19285715,.17571428,.24000001,.16857143,.15857142,.20142856,.28785715,.32214287,.35357141,.24285714,.25071427,.16642857,.27857143,.29000002,.32428572,.28357142,.41000003,.44499999,.27428573,.33071429,.30214286,.34928572,.36500001,.22357142,.52142859,.285,.28714287,.45714289,.28,.38357145,.38357145,.33642855,.33928573,.3807143,.38214284,.3157143,.23857144,.20428571,.41142857,.30571428,.54000002,.52071428,.315,.30357143,.21142857,.19357142,.28642857,.38928571,.46714285,.24785715,.48785716,.32857144,.36071429,.24285713,0,.5,283,Brown
308,.53571427,.5714286,.48285714,.5714286,.55428571,.14285715,.14285715,.14285715,.53571427,.53571427,.51714283,.35714287,.39285713,.53571427,.39285713,.5714286,.51714283,.16,.34,.32142857,.51714283,.26857144,.41142857,.5714286,.14285715,.14285715,.51714283,.5714286,.5714286,.42857143,.44571429,.21428572,.53571427,.2857143,.53571427,.63999999,.52857143,.15571429,.17571428,.15571429,.33285713,.46857142,.60428572,.20142858,.44285715,.42285714,.24142857,.52999997,.14857143,.16428572,.18571429,.19571428,.14714286,.37142858,.41571429,.20714286,.21142857,.45285714,.2,.19571428,.33285713,.28999999,.36428571,.33000001,.21285714,.31714284,.23142858,.23999999,.56857145,.45571429,.56714284,.51285714,.60000002,.33285713,.51428574,.50142854,.52285713,.56857145,.2,.52857143,.42285714,.5642857,.61285716,.53285712,.38285714,.5642857,.42571428,.49142858,.52714288,.60142857,.53571427,.52714288,.27714285,.52999997,.49714285,.38857144,.43571427,.60000002,.49571428,.26428571,.25,.55142856,.47714287,.34428573,.53571427,.50714284,.51857144,.52142859,.63857144,0,0,308,Neutral
309,.53571427,.5714286,.48285714,.5714286,.55428571,.14285715,.14285715,.14285715,.53571427,.53571427,.51714283,.35714287,.39285713,.53571427,.39285713,.5714286,.51714283,.16,.34,.32142857,.51714283,.26857144,.41142857,.5714286,.14285715,.14285715,.51714283,.5714286,.5714286,.42857143,.44571429,.21428572,.53571427,.2857143,.53571427,.63999999,.52857143,.15571429,.17571428,.15571429,.33285713,.46857142,.60428572,.20142858,.44285715,.42285714,.24142857,.52999997,.14857143,.16428572,.18571429,.19571428,.14714286,.37142858,.41571429,.20714286,.21142857,.45285714,.2,.19571428,.33285713,.28999999,.36428571,.33000001,.21285714,.31714284,.23142858,.23999999,.56857145,.45571429,.56714284,.51285714,.60000002,.33285713,.51428574,.50142854,.52285713,.56857145,.2,.52857143,.42285714,.5642857,.61285716,.53285712,.38285714,.5642857,.42571428,.49142858,.52714288,.60142857,.53571427,.52714288,.27714285,.52999997,.49714285,.38857144,.43571427,.60000002,.49571428,.26428571,.25,.55142856,.47714287,.34428573,.53571427,.50714284,.51857144,.52142859,.63857144,0,0,309,Neutral
304,.53571427,.5714286,.48285714,.5714286,.55428571,.14285715,.14285715,.14285715,.53571427,.53571427,.51714283,.35714287,.39285713,.53571427,.39285713,.5714286,.51714283,.16,.34,.32142857,.51714283,.26857144,.41142857,.5714286,.14285715,.14285715,.51714283,.5714286,.5714286,.42857143,.44571429,.21428572,.53571427,.2857143,.53571427,.63999999,.52857143,.15571429,.17571428,.15571429,.33285713,.46857142,.60428572,.20142858,.44285715,.42285714,.24142857,.52999997,.14857143,.16428572,.18571429,.19571428,.14714286,.37142858,.41571429,.20714286,.21142857,.45285714,.2,.19571428,.33285713,.28999999,.36428571,.33000001,.21285714,.31714284,.23142858,.23999999,.56857145,.45571429,.56714284,.51285714,.60000002,.33285713,.51428574,.50142854,.52285713,.56857145,.2,.52857143,.42285714,.5642857,.61285716,.53285712,.38285714,.5642857,.42571428,.49142858,.52714288,.60142857,.53571427,.52714288,.27714285,.52999997,.49714285,.38857144,.43571427,.60000002,.49571428,.26428571,.25,.55142856,.47714287,.34428573,.53571427,.50714284,.51857144,.52142859,.63857144,0,0,304,Neutral
305,.53571427,.5714286,.48285714,.5714286,.55428571,.14285715,.14285715,.14285715,.53571427,.53571427,.51714283,.35714287,.39285713,.53571427,.39285713,.5714286,.51714283,.16,.34,.32142857,.51714283,.26857144,.41142857,.5714286,.14285715,.14285715,.51714283,.5714286,.5714286,.42857143,.44571429,.21428572,.53571427,.2857143,.53571427,.63999999,.52857143,.15571429,.17571428,.15571429,.33285713,.46857142,.60428572,.20142858,.44285715,.42285714,.24142857,.52999997,.14857143,.16428572,.18571429,.19571428,.14714286,.37142858,.41571429,.20714286,.21142857,.45285714,.2,.19571428,.33285713,.28999999,.36428571,.33000001,.21285714,.31714284,.23142858,.23999999,.56857145,.45571429,.56714284,.51285714,.60000002,.33285713,.51428574,.50142854,.52285713,.56857145,.2,.52857143,.42285714,.5642857,.61285716,.53285712,.38285714,.5642857,.42571428,.49142858,.52714288,.60142857,.53571427,.52714288,.27714285,.52999997,.49714285,.38857144,.43571427,.60000002,.49571428,.26428571,.25,.55142856,.47714287,.34428573,.53571427,.50714284,.51857144,.52142859,.63857144,0,0,305,Neutral
303,.53571427,.5714286,.48285714,.5714286,.55428571,.14285715,.14285715,.14285715,.53571427,.53571427,.51714283,.35714287,.39285713,.53571427,.39285713,.5714286,.51714283,.16,.34,.32142857,.51714283,.26857144,.41142857,.5714286,.14285715,.14285715,.51714283,.5714286,.5714286,.42857143,.44571429,.21428572,.53571427,.2857143,.53571427,.63999999,.52857143,.15571429,.17571428,.15571429,.33285713,.46857142,.60428572,.20142858,.44285715,.42285714,.24142857,.52999997,.14857143,.16428572,.18571429,.19571428,.14714286,.37142858,.41571429,.20714286,.21142857,.45285714,.2,.19571428,.33285713,.28999999,.36428571,.33000001,.21285714,.31714284,.23142858,.23999999,.56857145,.45571429,.56714284,.51285714,.60000002,.33285713,.51428574,.50142854,.52285713,.56857145,.2,.52857143,.42285714,.5642857,.61285716,.53285712,.38285714,.5642857,.42571428,.49142858,.52714288,.60142857,.53571427,.52714288,.27714285,.52999997,.49714285,.38857144,.43571427,.60000002,.49571428,.26428571,.25,.55142856,.47714287,.34428573,.53571427,.50714284,.51857144,.52142859,.63857144,0,0,303,Neutral
323,.42857143,.51714283,.35714287,.44571429,.4642857,.14285715,.14285715,.14285715,.39285713,.34,.34,.25,.21428572,.32142857,.30285713,.39285713,.34,.14285715,.16,.19714285,.35714287,.19714285,.25,.4642857,.14285715,.14285715,.5,.44571429,.51714283,.34,.32142857,.19714285,.41142857,.19714285,.4642857,.38714287,.60000002,.16857143,.16142857,.17571428,.35857144,.47857141,.58857143,.15285714,.28428572,.30000001,.16142857,.55857146,.14714286,.14285715,.19428572,.20714286,.15285714,.28285715,.33857143,.19142857,.31285715,.35571429,.22285715,.16571428,.24571429,.26142856,.37142858,.23571429,.23999999,.37,.26142856,.21428572,.34,.54714286,.38428572,.56142855,.60000002,.26285714,.34571427,.24714285,.42428571,.5714286,.17428571,.58428574,.31428573,.47714287,.6257143,.30285713,.39571428,.53714287,.29428571,.45285714,.45142856,.47857141,.49571428,.23571429,.18000001,.52428573,.64999998,.26428571,.64142859,.56714284,.24571429,.25857142,.15142857,.34714285,.40857142,.30142859,.21571429,.39571428,.41428572,.54428571,.66857141,0,0,323,Neutral
319,.42857143,.51714283,.35714287,.44571429,.4642857,.14285715,.14285715,.14285715,.39285713,.34,.34,.25,.21428572,.32142857,.30285713,.39285713,.34,.14285715,.16,.19714285,.35714287,.19714285,.25,.4642857,.14285715,.14285715,.5,.44571429,.51714283,.34,.32142857,.19714285,.41142857,.19714285,.4642857,.38714287,.60000002,.16857143,.16142857,.17571428,.35857144,.47857141,.58857143,.15285714,.28428572,.30000001,.16142857,.55857146,.14714286,.14285715,.19428572,.20714286,.15285714,.28285715,.33857143,.19142857,.31285715,.35571429,.22285715,.16571428,.24571429,.26142856,.37142858,.23571429,.23999999,.37,.26142856,.21428572,.34,.54714286,.38428572,.56142855,.60000002,.26285714,.34571427,.24714285,.42428571,.5714286,.17428571,.58428574,.31428573,.47714287,.6257143,.30285713,.39571428,.53714287,.29428571,.45285714,.45142856,.47857141,.49571428,.23571429,.18000001,.52428573,.64999998,.26428571,.64142859,.56714284,.24571429,.25857142,.15142857,.34714285,.40857142,.30142859,.21571429,.39571428,.41428572,.54428571,.66857141,0,0,319,Neutral
316,.41666666,.57714289,.4252381,.43714285,.47285715,.14285715,.14285715,.14285715,.3604762,.42809525,.36904761,.20571429,.18714286,.35428572,.35142857,.43714285,.39619046,.15476191,.20285715,.22285715,.41380954,.22333334,.17809524,.5057143,.14285715,.14857143,.44047618,.47333333,.56,.32761905,.30619049,.16666667,.44380951,.14285715,.46142858,.43666667,.53095239,.14285715,.16571429,.15190476,.33380952,.48523808,.63428569,.16619048,.43285716,.37666667,.18809524,.5404762,.15857144,.15714286,.23428571,.20142856,.14857143,.41428572,.49238095,.18142857,.18571429,.32666665,.18761905,.14952381,.25238094,.31952381,.3547619,.41380954,.22619048,.29714286,.23571429,.23238096,.49904764,.44619048,.45904762,.5657143,.62142855,.25952381,.44714284,.44809523,.47095239,.53523809,.19095238,.59523809,.35523811,.55428571,.63285714,.41714287,.2452381,.48857144,.28952381,.45190474,.44047618,.5657143,.4309524,.37,.21904762,.54666668,.49476191,.30428571,.5447619,.56619048,.36142859,.21142857,.1952381,.54095238,.39333335,.3952381,.34333333,.36857143,.49285713,.54904759,.61952382,0,0,316,Neutral
313,.39285713,.55821431,.42000002,.45071429,.44607145,.14285715,.14714286,.14285715,.32571429,.41964287,.33464286,.21892858,.23178571,.34357142,.31678572,.43714285,.34428573,.16964287,.21857142,.26357144,.35714287,.22357143,.25857142,.54500002,.14714286,.16071428,.48642856,.4375,.55821431,.3125,.30785716,.19642857,.46857142,.14285715,.51785713,.43892857,.61571431,.18571429,.17035714,.18357143,.34892857,.47928572,.52249998,.18928571,.34178573,.31642857,.18392858,.58714288,.17035714,.17857143,.245,.21785715,.19107142,.36357144,.3725,.20178571,.29642856,.3725,.22357142,.16714285,.23178571,.28642857,.32785714,.25392857,.26107141,.3142857,.22821429,.26785713,.43535715,.47214288,.35571429,.53642857,.60464287,.29035714,.42142856,.3782143,.37,.53821427,.1875,.57428575,.30964285,.50964284,.60500002,.3157143,.32142857,.49964285,.28214285,.41928571,.39464286,.50214285,.4432143,.36250001,.21357143,.58607143,.59178573,.29464287,.45464286,.54678571,.32142857,.24357143,.19428572,.43607143,.50749999,.28464285,.27785715,.42607141,.35321429,.52142859,.6217857,0,0,313,Neutral
317,.39285713,.48285714,.42857143,.44571429,.41142857,.14285715,.14285715,.14285715,.41142857,.42857143,.37428573,.23142858,.19714285,.42857143,.37428573,.42857143,.41142857,.16,.14285715,.30285713,.41142857,.25,.2857143,.42857143,.14285715,.14285715,.51714283,.53571427,.53571427,.32142857,.32142857,.26857144,.42857143,.19714285,.41142857,.45428571,.51999998,.18142857,.20999999,.27142859,.35142857,.47857141,.62142855,.20142858,.40285715,.36142856,.28857142,.59857142,.17714286,.26857144,.28999999,.27000001,.19571428,.33000001,.43571427,.28999999,.24571429,.36428571,.23,.22857143,.29428571,.30857143,.52428573,.41,.2557143,.37,.24142857,.30714285,.45857143,.45428571,.43714285,.47142857,.60571426,.28428572,.47142857,.37571427,.42857143,.49571428,.20285714,.55857146,.33571428,.44428572,.63857144,.41714287,.37571427,.56285715,.36571428,.40000001,.44714287,.61285716,.45142856,.36857143,.24571429,.48142856,.48857144,.36714286,.63,.53571427,.38571429,.24285714,.22571428,.58285713,.36714286,.47285715,.31714284,.41,.45571429,.51571429,.64999998,0,0,317,Neutral
314,.39285713,.55821431,.42000002,.45071429,.44607145,.14285715,.14714286,.14285715,.32571429,.41964287,.33464286,.21892858,.23178571,.34357142,.31678572,.43714285,.34428573,.16964287,.21857142,.26357144,.35714287,.22357143,.25857142,.54500002,.14714286,.16071428,.48642856,.4375,.55821431,.3125,.30785716,.19642857,.46857142,.14285715,.51785713,.43892857,.61571431,.18571429,.17035714,.18357143,.34892857,.47928572,.52249998,.18928571,.34178573,.31642857,.18392858,.58714288,.17035714,.17857143,.245,.21785715,.19107142,.36357144,.3725,.20178571,.29642856,.3725,.22357142,.16714285,.23178571,.28642857,.32785714,.25392857,.26107141,.3142857,.22821429,.26785713,.43535715,.47214288,.35571429,.53642857,.60464287,.29035714,.42142856,.3782143,.37,.53821427,.1875,.57428575,.30964285,.50964284,.60500002,.3157143,.32142857,.49964285,.28214285,.41928571,.39464286,.50214285,.4432143,.36250001,.21357143,.58607143,.59178573,.29464287,.45464286,.54678571,.32142857,.24357143,.19428572,.43607143,.50749999,.28464285,.27785715,.42607141,.35321429,.52142859,.6217857,0,0,314,Neutral
318,.43714285,.58000004,.42857143,.44571429,.46428573,.14285715,.15142858,.14285715,.39285713,.46428573,.36571431,.25,.22357142,.29500002,.39285713,.42857143,.42857143,.22285715,.25,.27642858,.49071425,.25928572,.22357143,.53571427,.14285715,.1607143,.58000004,.52642858,.5714286,.36642855,.33071429,.23214287,.43714285,.17,.44571429,.35857141,.41071427,.16785714,.14357144,.18071428,.40214285,.50785714,.64928567,.16142857,.3214286,.37,.245,.55500001,.2,.1492857,.36785716,.49071431,.23642857,.30357143,.34857142,.17785713,.17357144,.30214286,.23285715,.15571427,.26714283,.34214285,.40214288,.46928573,.23571429,.375,.22714286,.47428572,.49214286,.435,.36285716,.59571433,.57357144,.31357142,.40214285,.3157143,.32857144,.53928572,.20214286,.58714283,.43857145,.5,.65785718,.36857143,.39000002,.51499999,.41714287,.5,.45357144,.56785715,.47500002,.32499999,.25928572,.48142856,.49928573,.38999999,.62785715,.54571426,.39142859,.22928572,.2257143,.53571427,.3757143,.45928574,.26785713,.405,.42785716,.56285715,.67357147,0,0,318,Neutral
315,.32142857,.4642857,.2857143,.37428573,.39285713,.23142858,.16,.14285715,.25,.35714287,.26857144,.19714285,.23142858,.26857144,.37428573,.42857143,.2857143,.23142858,.23142858,.25,.30285713,.25,.34,.5,.14285715,.14285715,.41142857,.37428573,.42857143,.32142857,.26857144,.25,.42857143,.21428572,.4642857,.34571427,.68714285,.14428571,.14285715,.14285715,.30142859,.50142854,.59857142,.14428571,.24428572,.24714285,.14285715,.60857141,.14285715,.14285715,.2,.19857143,.14571428,.36857143,.31142858,.17,.18428572,.22285715,.14285715,.14285715,.18714286,.29571429,.24857143,.20714286,.17142858,.25857142,.16428572,.14857143,.40857142,.44571429,.32714286,.50428569,.56999999,.34571427,.30428571,.33285713,.33428571,.55571431,.23142858,.5642857,.38285714,.46571428,.54428571,.28999999,.34,.46571428,.40142858,.35571429,.31857142,.45857143,.38714287,.37571427,.20428571,.56142855,.55857146,.30000001,.44142857,.52857143,.31142858,.22285715,.21285714,.44142857,.37857142,.23,.24142857,.38999999,.35285714,.44999999,.59285712,0,0,315,Neutral
327,.44571429,.5714286,.41142857,.4642857,.4642857,.14285715,.14285715,.14285715,.32142857,.42857143,.34,.2857143,.30285713,.26857144,.42857143,.4642857,.42857143,.23142858,.26857144,.25,.4642857,.21428572,.32142857,.55428571,.14285715,.16,.51714283,.48285714,.55428571,.34,.34,.17857143,.42857143,.19714285,.44571429,.41,.56142855,.15428571,.24857143,.18857142,.37714285,.51285714,.6185714,.25428572,.42285714,.33857143,.33714285,.52142859,.15000001,.21571429,.2,.33428571,.15571429,.31428573,.39142856,.29857144,.15714286,.33571428,.22857143,.20571429,.44,.25999999,.36285713,.44428572,.19428572,.44142857,.16571428,.42142856,.48857144,.37,.37857142,.5714286,.65571427,.27285713,.47285715,.4757143,.46857142,.54428571,.30000001,.52714288,.49857143,.56857145,.62857145,.35285714,.29571429,.53285712,.46714285,.45857143,.51714283,.55142856,.5714286,.43285716,.26857144,.56999999,.58285713,.37571427,.47142857,.54285717,.40857142,.32714286,.33428571,.5642857,.47714287,.51714283,.32714286,.48142856,.37428573,.53857142,.61285716,0,0,327,Neutral
329,.36642855,.4642857,.38428572,.42857143,.42857143,.20500001,.15142858,.14285715,.38357145,.40214285,.39285713,.26857144,.2857143,.35714287,.29428571,.41142857,.26785713,.19642857,.19571429,.25928572,.30285713,.22285715,.25,.47357142,.16928571,.1607143,.46428573,.42000002,.44642857,.2857143,.2857143,.19714285,.40214285,.20500001,.42000002,.31642857,.50428569,.16071428,.16071428,.19642857,.3685714,.44785714,.56,.20999999,.25357142,.44214284,.19857143,.52857143,.23142856,.14285715,.23142856,.32428572,.30214286,.24285714,.35142857,.18571427,.22999999,.23999999,.26857144,.17571428,.25999999,.40071428,.39357144,.28642857,.32214284,.29071429,.22428572,.19642857,.36571431,.44785714,.34785712,.39499998,.58000004,.28785715,.39571428,.3507143,.32999998,.50428569,.16142857,.56857145,.31285715,.39285713,.58642852,.29000002,.53999996,.47714287,.33642858,.41500002,.41500002,.45785713,.51357144,.39999998,.16571429,.48214287,.45357144,.42142856,.52357143,.51642859,.27642858,.26428571,.17428571,.39857143,.42071429,.24285716,.23357144,.4407143,.34428573,.53857148,.63857144,0,0,329,Neutral
326,.44571429,.5714286,.41142857,.4642857,.4642857,.14285715,.14285715,.14285715,.32142857,.42857143,.34,.2857143,.30285713,.26857144,.42857143,.4642857,.42857143,.23142858,.26857144,.25,.4642857,.21428572,.32142857,.55428571,.14285715,.16,.51714283,.48285714,.55428571,.34,.34,.17857143,.42857143,.19714285,.44571429,.41,.56142855,.15428571,.24857143,.18857142,.37714285,.51285714,.6185714,.25428572,.42285714,.33857143,.33714285,.52142859,.15000001,.21571429,.2,.33428571,.15571429,.31428573,.39142856,.29857144,.15714286,.33571428,.22857143,.20571429,.44,.25999999,.36285713,.44428572,.19428572,.44142857,.16571428,.42142856,.48857144,.37,.37857142,.5714286,.65571427,.27285713,.47285715,.4757143,.46857142,.54428571,.30000001,.52714288,.49857143,.56857145,.62857145,.35285714,.29571429,.53285712,.46714285,.45857143,.51714283,.55142856,.5714286,.43285716,.26857144,.56999999,.58285713,.37571427,.47142857,.54285717,.40857142,.32714286,.33428571,.5642857,.47714287,.51714283,.32714286,.48142856,.37428573,.53857142,.61285716,0,0,326,Neutral
328,.42857143,.5714286,.42857143,.42857143,.48285714,.14285715,.14285715,.14285715,.35714287,.42857143,.35714287,.23142858,.23142858,.34,.2857143,.48285714,.37428573,.17857143,.25,.25,.41142857,.25,.17857143,.5714286,.14285715,.16,.42857143,.48285714,.53571427,.32142857,.32142857,.23142858,.44571429,.14285715,.5,.49571428,.58714288,.14285715,.15000001,.14714286,.31999999,.41,.53428572,.16285715,.31428573,.37857142,.15571429,.49142858,.14428571,.14714286,.19571428,.17428571,.14857143,.3157143,.34857142,.14428571,.14857143,.63,.18571429,.14285715,.19,.22285715,.33428571,.19428572,.21142857,.27000001,.23142858,.19428572,.5,.47,.40428573,.5714286,.66428572,.28999999,.42142856,.44142857,.39857143,.62142855,.18142857,.64999998,.37714285,.58571428,.63285714,.34999999,.29285714,.58142859,.32428572,.50285715,.43285716,.5657143,.58142859,.40714285,.20428571,.67000002,.62142855,.30857143,.41857144,.63857144,.40857142,.22857143,.18857142,.49000001,.47714287,.36142856,.45714286,.38857144,.42285714,.55428571,.66285712,0,0,328,Neutral
325,.42205358,.54924107,.41642857,.42209822,.47776785,.14397323,.14357144,.14285715,.36053574,.42821428,.36638394,.2597768,.24245536,.35459822,.3888393,.43888393,.39964285,.1671875,.23455358,.25642857,.37848216,.25611609,.19379464,.52499998,.14415179,.15044643,.44995534,.44861609,.54513395,.37169641,.33745536,.16928571,.46964288,.15522322,.4563393,.34227678,.48495537,.15200894,.1590625,.15915179,.34464288,.47120535,.573125,.18526787,.4115625,.33812499,.21138392,.56901789,.15598214,.15700893,.2819643,.22428572,.19053571,.37455356,.46375,.17441964,.17388391,.32276785,.18651786,.16361606,.24642856,.28799105,.32946429,.36776787,.21598214,.315,.20727679,.24397321,.47089285,.35924107,.34544641,.55517852,.52558035,.23236609,.33540177,.3470982,.35464287,.48366073,.16946429,.55741072,.37227678,.5252232,.61852682,.29379463,.26491073,.49843752,.2878125,.42500001,.3625893,.52477682,.43022323,.28593749,.18370536,.50727677,.46883929,.26901788,.39910716,.57379466,.33267856,.18955356,.174375,.42669642,.34375,.34830356,.22361606,.34415179,.37267858,.51580358,.61750001,.03125,0,325,Green
338,.39285713,.53571427,.39285713,.37428573,.44571429,.14285715,.14285715,.14285715,.32142857,.41142857,.34,.19714285,.14285715,.2857143,.42857143,.42857143,.2857143,.17857143,.19714285,.23142858,.30285713,.23142858,.21428572,.53571427,.14285715,.17857143,.37428573,.39285713,.4642857,.32142857,.30285713,.16,.42857143,.14285715,.44571429,.33428571,.58999997,.14571428,.16428572,.15000001,.3157143,.44428572,.51571429,.15000001,.41714287,.35142857,.17571428,.55714285,.14571428,.14285715,.18142857,.19428572,.14714286,.34,.52857143,.18000001,.14714286,.45714286,.20142858,.15571429,.23428571,.2742857,.36857143,.20714286,.25,.24428572,.19428572,.22142857,.51571429,.36428571,.30714285,.41857144,.57714283,.24857143,.35428572,.35142857,.31142858,.59857142,.18000001,.53857142,.34999999,.57857144,.65571427,.2742857,.22857143,.53142858,.33571428,.43571427,.39857143,.48142856,.51857144,.34,.18714286,.54714286,.59857142,.23857144,.27714285,.63285714,.30000001,.20999999,.16,.38285714,.38285714,.24142857,.25285715,.37428573,.32142857,.4942857,.60000002,0,0,338,Neutral
337,.39285713,.4642857,.41142857,.41142857,.4642857,.14285715,.14285715,.14285715,.30285713,.39285713,.2857143,.2857143,.25,.30285713,.48285714,.42857143,.32142857,.16,.19714285,.23142858,.32142857,.19714285,.16,.4642857,.14285715,.16,.41142857,.39285713,.44571429,.30285713,.30285713,.16,.42857143,.14285715,.44571429,.41,.55571431,.14285715,.15714286,.15857142,.24857143,.45285714,.59714288,.15714286,.47857141,.38,.15714286,.47999999,.14285715,.17,.16285715,.22428571,.14285715,.29285714,.54571426,.21142857,.17,.30714285,.16285715,.16,.23999999,.25428572,.24428572,.26428571,.19857143,.28714284,.17428571,.18000001,.44714287,.30857143,.31285715,.50999999,.54571426,.27000001,.36714286,.36714286,.34,.57857144,.15571429,.56714284,.35428572,.47714287,.60857141,.27285713,.2557143,.52857143,.23857144,.39285713,.31857142,.49714285,.4757143,.38999999,.18142857,.52999997,.52571428,.23571429,.44,.53142858,.35285714,.16714285,.16142857,.43000001,.37714285,.22857143,.30000001,.34714285,.34428573,.49142858,.63714284,0,0,337,Neutral
335,.39285713,.44571429,.37428573,.39285713,.42857143,.14285715,.16,.14285715,.2857143,.39285713,.30285713,.21428572,.2857143,.30285713,.2857143,.42857143,.34,.26857144,.26857144,.21428572,.32142857,.21428572,.2857143,.53571427,.14285715,.14285715,.42857143,.42857143,.42857143,.30285713,.30285713,.21428572,.42857143,.17857143,.42857143,.39571428,.5657143,.25,.26857144,.24285714,.38285714,.5,.49714285,.25142857,.38857144,.35285714,.21571429,.52714288,.23571429,.26714286,.27000001,.28,.22142857,.38142857,.42428571,.24285714,.29142857,.40000001,.24285714,.25285715,.35428572,.3157143,.33285713,.29857144,.25428572,.34571427,.28,.31428573,.41571429,.40571427,.32571429,.39285713,.52571428,.35142857,.32857144,.33857143,.33571428,.49000001,.25,.52571428,.36285713,.44285715,.53285712,.28714284,.4342857,.45428571,.36714286,.32142857,.37,.44714287,.40714285,.29428571,.28714284,.54000002,.5057143,.36714286,.33857143,.5057143,.2857143,.25285715,.23999999,.38999999,.37857142,.27000001,.26285714,.35714287,.33571428,.47142857,.55428571,0,0,335,Neutral
336,.42205358,.54924107,.41642857,.42209822,.47776785,.14397323,.14357144,.14285715,.36053574,.42821428,.36638394,.2597768,.24245536,.35459822,.3888393,.43888393,.39964285,.1671875,.23455358,.25642857,.37848216,.25611609,.19379464,.52499998,.14415179,.15044643,.44995534,.44861609,.54513395,.37169641,.33745536,.16928571,.46964288,.15522322,.4563393,.34227678,.48495537,.15200894,.1590625,.15915179,.34464288,.47120535,.573125,.18526787,.4115625,.33812499,.21138392,.56901789,.15598214,.15700893,.2819643,.22428572,.19053571,.37455356,.46375,.17441964,.17388391,.32276785,.18651786,.16361606,.24642856,.28799105,.32946429,.36776787,.21598214,.315,.20727679,.24397321,.47089285,.35924107,.34544641,.55517852,.52558035,.23236609,.33540177,.3470982,.35464287,.48366073,.16946429,.55741072,.37227678,.5252232,.61852682,.29379463,.26491073,.49843752,.2878125,.42500001,.3625893,.52477682,.43022323,.28593749,.18370536,.50727677,.46883929,.26901788,.39910716,.57379466,.33267856,.18955356,.174375,.42669642,.34375,.34830356,.22361606,.34415179,.37267858,.51580358,.61750001,.03125,0,336,Green
346,.30285713,.41142857,.35714287,.42857143,.42857143,.23142858,.16,.14285715,.32142857,.41142857,.30285713,.14285715,.14285715,.30285713,.2857143,.44571429,.25,.39285713,.21428572,.41142857,.2857143,.23142858,.32142857,.42857143,.19714285,.14285715,.35714287,.39285713,.42857143,.30285713,.26857144,.14285715,.41142857,.30285713,.32142857,.31,.32142857,.15857142,.15571429,.15857142,.23999999,.27571428,.34285715,.15428571,.22714286,.25428572,.18142857,.4342857,.14285715,.16142857,.16,.20714286,.15571429,.22285715,.24857143,.19428572,.16714285,.24428572,.17571428,.15714286,.35142857,.20714286,.29571429,.16857143,.20428571,.23571429,.18714286,.29571429,.37142858,.37,.40857142,.2557143,.53428572,.43857142,.37142858,.29428571,.31857142,.37714285,.22857143,.47142857,.30857143,.37857142,.50285715,.25714287,.54142857,.45428571,.37,.36285713,.39428571,.41571429,.42857143,.19428572,.31999999,.36857143,.26714286,.54142857,.25714287,.44,.36714286,.28285715,.28142858,.31428573,.27714285,.19142857,.20714286,.29857144,.38857144,.42142856,.42571428,0,0,346,Neutral
306,.35714287,.56285715,.38357145,.39285713,.42000002,.14285715,.14285715,.14285715,.29428571,.3757143,.30285713,.18714285,.18714285,.26785713,.25928572,.39285713,.30357143,.19571429,.21428572,.27642858,.33071429,.22285715,.24071428,.42857143,.14285715,.14285715,.48214287,.48214287,.5714286,.29428571,.26857144,.17857143,.35714287,.18714286,.38428572,.37714285,.43285716,.15285715,.14928572,.14642857,.41071427,.36857143,.61642855,.15642858,.24142857,.29428571,.18357143,.565,.14642857,.14785714,.24071428,.25785714,.16071428,.24285714,.28071427,.17,.18928571,.24714285,.16285715,.15071428,.20071429,.23071429,.30857143,.26999998,.17857143,.48214287,.18000001,.28928572,.43785715,.47357142,.3757143,.51142859,.59428573,.25714284,.33714285,.34642857,.44428572,.53571427,.18785715,.54785717,.34642857,.43571427,.57928574,.29357141,.30642858,.45500001,.34999999,.44499999,.39214283,.47571427,.45285714,.25714284,.18857142,.44285715,.33142859,.29857141,.46857142,.51642859,.34571427,.23071429,.20714286,.50857145,.34642857,.26999998,.28,.36214286,.35214287,.51285714,.63428569,0,0,306,Neutral
344,.40142858,.5,.40142858,.40142858,.44571429,.15142857,.14285715,.14285715,.2857143,.39285713,.30285713,.16,.14285715,.29428571,.38428572,.41999999,.33857143,.19714285,.15142857,.25,.34857142,.2857143,.23142858,.47285715,.17,.14285715,.42857143,.41999999,.48142856,.29428571,.2857143,.17,.41999999,.17,.39285713,.34857142,.53857142,.17428571,.16428572,.16428572,.27571428,.43000001,.53428572,.15857142,.42285714,.24857143,.18285714,.47142857,.14285715,.16428572,.17,.19857143,.14571428,.32428572,.44,.19142857,.22,.26571429,.15714286,.16571428,.24857143,.20571429,.31285715,.28,.19142857,.28857142,.17,.18285714,.47142857,.38999999,.32571429,.57857144,.59285712,.27714285,.34428573,.28857142,.36428571,.51857144,.14714286,.51714283,.30285713,.49857143,.58999997,.2557143,.28999999,.52142859,.30142859,.44999999,.40571427,.52142859,.44,.23285714,.18428572,.48428571,.58714288,.25857142,.55571431,.59714288,.34999999,.20571429,.16571428,.46142858,.27714285,.24714285,.17571428,.33571428,.34428573,.47,.61285716,0,0,344,Neutral
345,.39285713,.42857143,.41142857,.39285713,.42857143,.39285713,.35714287,.16,.30285713,.42857143,.2857143,.30285713,.32142857,.35714287,.35714287,.42857143,.32142857,.4642857,.23142858,.44571429,.32142857,.25,.39285713,.44571429,.37428573,.14285715,.39285713,.41142857,.42857143,.37428573,.30285713,.25,.42857143,.39285713,.41142857,.31285715,.38142857,.14285715,.17571428,.14285715,.33000001,.43285716,.53571427,.31285715,.24571429,.27142859,.22142857,.55285716,.22571428,.14285715,.17285714,.17857143,.16142857,.21285714,.41714287,.32857144,.14714286,.24142857,.20428571,.22571428,.48857144,.27000001,.26142856,.23142858,.21428572,.30571428,.17857143,.18714286,.36857143,.33571428,.36857143,.41714287,.4942857,.48714286,.4642857,.36285713,.37285715,.39714286,.25285715,.46285716,.39714286,.35571429,.53142858,.35571429,.45142856,.41999999,.39571428,.34142858,.45285714,.43714285,.44285715,.40285715,.26571429,.50714284,.42857143,.41142857,.39714286,.47,.3157143,.39857143,.33571428,.38857144,.39285713,.30714285,.2742857,.46571428,.38142857,.4642857,.56999999,0,0,345,Neutral
343,.40142858,.5,.40142858,.40142858,.44571429,.15142857,.14285715,.14285715,.2857143,.39285713,.30285713,.16,.14285715,.29428571,.38428572,.41999999,.33857143,.19714285,.15142857,.25,.34857142,.2857143,.23142858,.47285715,.17,.14285715,.42857143,.41999999,.48142856,.29428571,.2857143,.17,.41999999,.17,.39285713,.34857142,.53857142,.17428571,.16428572,.16428572,.27571428,.43000001,.53428572,.15857142,.42285714,.24857143,.18285714,.47142857,.14285715,.16428572,.17,.19857143,.14571428,.32428572,.44,.19142857,.22,.26571429,.15714286,.16571428,.24857143,.20571429,.31285715,.28,.19142857,.28857142,.17,.18285714,.47142857,.38999999,.32571429,.57857144,.59285712,.27714285,.34428573,.28857142,.36428571,.51857144,.14714286,.51714283,.30285713,.49857143,.58999997,.2557143,.28999999,.52142859,.30142859,.44999999,.40571427,.52142859,.44,.23285714,.18428572,.48428571,.58714288,.25857142,.55571431,.59714288,.34999999,.20571429,.16571428,.46142858,.27714285,.24714285,.17571428,.33571428,.34428573,.47,.61285716,0,0,343,Neutral
347,.39285713,.42857143,.41142857,.39285713,.42857143,.39285713,.35714287,.16,.30285713,.42857143,.2857143,.30285713,.32142857,.35714287,.35714287,.42857143,.32142857,.4642857,.23142858,.44571429,.32142857,.25,.39285713,.44571429,.37428573,.14285715,.39285713,.41142857,.42857143,.37428573,.30285713,.25,.42857143,.39285713,.41142857,.31285715,.38142857,.14285715,.17571428,.14285715,.33000001,.43285716,.53571427,.31285715,.24571429,.27142859,.22142857,.55285716,.22571428,.14285715,.17285714,.17857143,.16142857,.21285714,.41714287,.32857144,.14714286,.24142857,.20428571,.22571428,.48857144,.27000001,.26142856,.23142858,.21428572,.30571428,.17857143,.18714286,.36857143,.33571428,.36857143,.41714287,.4942857,.48714286,.4642857,.36285713,.37285715,.39714286,.25285715,.46285716,.39714286,.35571429,.53142858,.35571429,.45142856,.41999999,.39571428,.34142858,.45285714,.43714285,.44285715,.40285715,.26571429,.50714284,.42857143,.41142857,.39714286,.47,.3157143,.39857143,.33571428,.38857144,.39285713,.30714285,.2742857,.46571428,.38142857,.4642857,.56999999,0,0,347,Neutral
339,.40142858,.5,.40142858,.40142858,.44571429,.15142857,.14285715,.14285715,.2857143,.39285713,.30285713,.16,.14285715,.29428571,.38428572,.41999999,.33857143,.19714285,.15142857,.25,.34857142,.2857143,.23142858,.47285715,.17,.14285715,.42857143,.41999999,.48142856,.29428571,.2857143,.17,.41999999,.17,.39285713,.34857142,.53857142,.17428571,.16428572,.16428572,.27571428,.43000001,.53428572,.15857142,.42285714,.24857143,.18285714,.47142857,.14285715,.16428572,.17,.19857143,.14571428,.32428572,.44,.19142857,.22,.26571429,.15714286,.16571428,.24857143,.20571429,.31285715,.28,.19142857,.28857142,.17,.18285714,.47142857,.38999999,.32571429,.57857144,.59285712,.27714285,.34428573,.28857142,.36428571,.51857144,.14714286,.51714283,.30285713,.49857143,.58999997,.2557143,.28999999,.52142859,.30142859,.44999999,.40571427,.52142859,.44,.23285714,.18428572,.48428571,.58714288,.25857142,.55571431,.59714288,.34999999,.20571429,.16571428,.46142858,.27714285,.24714285,.17571428,.33571428,.34428573,.47,.61285716,0,0,339,Neutral
353,.35714287,.56285715,.38357145,.39285713,.42000002,.14285715,.14285715,.14285715,.29428571,.3757143,.30285713,.18714285,.18714285,.26785713,.25928572,.39285713,.30357143,.19571429,.21428572,.27642858,.33071429,.22285715,.24071428,.42857143,.14285715,.14285715,.48214287,.48214287,.5714286,.29428571,.26857144,.17857143,.35714287,.18714286,.38428572,.37714285,.43285716,.15285715,.14928572,.14642857,.41071427,.36857143,.61642855,.15642858,.24142857,.29428571,.18357143,.565,.14642857,.14785714,.24071428,.25785714,.16071428,.24285714,.28071427,.17,.18928571,.24714285,.16285715,.15071428,.20071429,.23071429,.30857143,.26999998,.17857143,.48214287,.18000001,.28928572,.43785715,.47357142,.3757143,.51142859,.59428573,.25714284,.33714285,.34642857,.44428572,.53571427,.18785715,.54785717,.34642857,.43571427,.57928574,.29357141,.30642858,.45500001,.34999999,.44499999,.39214283,.47571427,.45285714,.25714284,.18857142,.44285715,.33142859,.29857141,.46857142,.51642859,.34571427,.23071429,.20714286,.50857145,.34642857,.26999998,.28,.36214286,.35214287,.51285714,.63428569,0,0,353,Neutral
348,.35714287,.56285715,.38357145,.39285713,.42000002,.14285715,.14285715,.14285715,.29428571,.3757143,.30285713,.18714285,.18714285,.26785713,.25928572,.39285713,.30357143,.19571429,.21428572,.27642858,.33071429,.22285715,.24071428,.42857143,.14285715,.14285715,.48214287,.48214287,.5714286,.29428571,.26857144,.17857143,.35714287,.18714286,.38428572,.37714285,.43285716,.15285715,.14928572,.14642857,.41071427,.36857143,.61642855,.15642858,.24142857,.29428571,.18357143,.565,.14642857,.14785714,.24071428,.25785714,.16071428,.24285714,.28071427,.17,.18928571,.24714285,.16285715,.15071428,.20071429,.23071429,.30857143,.26999998,.17857143,.48214287,.18000001,.28928572,.43785715,.47357142,.3757143,.51142859,.59428573,.25714284,.33714285,.34642857,.44428572,.53571427,.18785715,.54785717,.34642857,.43571427,.57928574,.29357141,.30642858,.45500001,.34999999,.44499999,.39214283,.47571427,.45285714,.25714284,.18857142,.44285715,.33142859,.29857141,.46857142,.51642859,.34571427,.23071429,.20714286,.50857145,.34642857,.26999998,.28,.36214286,.35214287,.51285714,.63428569,0,0,348,Neutral
354,.37428573,.48285714,.39285713,.39285713,.42857143,.14285715,.14285715,.14285715,.2857143,.41142857,.30285713,.26857144,.26857144,.30285713,.39285713,.42857143,.32142857,.25,.21428572,.2857143,.37428573,.23142858,.2857143,.44571429,.14285715,.14285715,.44571429,.42857143,.4642857,.2857143,.2857143,.21428572,.42857143,.26857144,.41142857,.41999999,.43142858,.16,.19142857,.20571429,.30857143,.42857143,.5657143,.22857143,.33285713,.38,.26285714,.48571429,.15857142,.16714285,.20571429,.25,.16857143,.28999999,.47857141,.31428573,.20428571,.34142858,.21857142,.21571429,.40285715,.33857143,.41714287,.43285716,.26571429,.30285713,.22142857,.42857143,.42571428,.36142856,.37142858,.51571429,.54714286,.36428571,.39571428,.32285714,.39571428,.49571428,.22428571,.51285714,.41857144,.54857141,.56857145,.33000001,.53142858,.5642857,.38571429,.48714286,.45142856,.48571429,.46142858,.34,.31714284,.46857142,.41428572,.47428572,.5714286,.52142859,.40571427,.26857144,.25142857,.43571427,.34428573,.47142857,.28999999,.36428571,.42714286,.51571429,.52285713,0,0,354,Neutral
355,.2857143,.42857143,.32142857,.39285713,.42857143,.14285715,.14285715,.14285715,.16,.37428573,.25,.16,.19714285,.14285715,.23142858,.37428573,.2857143,.32142857,.25,.32142857,.2857143,.14285715,.25,.37428573,.14285715,.14285715,.37428573,.42857143,.42857143,.2857143,.2857143,.14285715,.41142857,.16,.30285713,.40857142,.35285714,.14714286,.16571428,.20714286,.2857143,.29428571,.60714287,.2,.22428571,.37857142,.18285714,.4642857,.14428571,.14857143,.22857143,.32428572,.16142857,.30571428,.33571428,.23,.17714286,.31142858,.17428571,.17285714,.38999999,.30428571,.45857143,.44999999,.21428572,.25857142,.19571428,.42285714,.23857144,.27000001,.26857144,.47857141,.41571429,.21285714,.21428572,.23,.21571429,.38142857,.17571428,.42142856,.29571429,.33428571,.49714285,.22142857,.56285715,.41428572,.32285714,.27714285,.31428573,.37142858,.38571429,.19428572,.60142857,.36428571,.31714284,.58285713,.4942857,.34428573,.25428572,.2,.23,.33428571,.22571428,.30428571,.17857143,.24571429,.30857143,.35428572,.24857143,0,0,355,Neutral
356,.32142857,.41142857,.32142857,.41142857,.42857143,.26857144,.23142858,.14285715,.2857143,.41142857,.30285713,.25,.25,.26857144,.32142857,.42857143,.25,.41142857,.16,.41142857,.26857144,.21428572,.34,.42857143,.25,.16,.37428573,.39285713,.42857143,.30285713,.2857143,.17857143,.42857143,.30285713,.41142857,.34571427,.36142856,.14428571,.16142857,.15571429,.25999999,.2857143,.55000001,.18142857,.25999999,.36285713,.19,.47999999,.14714286,.14428571,.23285714,.20857143,.14571428,.36428571,.42428571,.16142857,.15857142,.2,.15857142,.15571429,.22571428,.21142857,.32428572,.23857144,.17,.23571429,.15142857,.29428571,.34142858,.44428572,.35571429,.29857144,.51285714,.50142854,.41142857,.32142857,.33000001,.37428573,.30571428,.46142858,.41571429,.39857143,.51142859,.34428573,.52857143,.49142858,.48428571,.34142858,.43285716,.43714285,.4342857,.30428571,.37714285,.41,.40857142,.53428572,.2742857,.47,.37428573,.31428573,.38428572,.41,.24285714,.30714285,.23,.39714286,.40428573,.40571427,.47,0,0,356,Neutral
359,.44642857,.58928573,.44571429,.53571427,.49071428,.14285715,.14285715,.14285715,.41071427,.45499998,.39285713,.26785713,.27714288,.35714287,.31214285,.51857144,.40142858,.20500001,.27642858,.33000001,.41928571,.22357142,.2857143,.52642858,.14285715,.18714285,.47285715,.5,.58928573,.40214285,.34785712,.25,.48214287,.25,.44571429,.49214286,.56214285,.17071429,.20500001,.21071428,.38714287,.46999997,.62714285,.21214285,.25285715,.41428572,.21928571,.53785717,.15000001,.15928572,.26499999,.40428573,.16857143,.44214287,.3214286,.23142856,.23571429,.42285714,.23285714,.20357142,.25857145,.42571431,.59500003,.22499999,.29285714,.44571429,.27214286,.44214284,.47357142,.46000001,.45357144,.58285713,.61285716,.3157143,.4757143,.41714287,.40214285,.59928572,.205,.54857147,.40357143,.48928571,.67142856,.42428571,.2742857,.61071432,.39142859,.48142856,.45071429,.60428572,.53214288,.35214287,.26214284,.53785717,.4407143,.28214288,.57928574,.52928567,.36000001,.29357141,.25285715,.52785712,.41714287,.29857141,.32785714,.43214285,.52428573,.53714287,.63285714,.5,0,359,Green
357,.37428573,.4642857,.37428573,.39285713,.42857143,.25,.16,.14285715,.26857144,.41142857,.30285713,.23142858,.23142858,.26857144,.35714287,.39285713,.30285713,.37428573,.19714285,.35714287,.34,.14285715,.26857144,.42857143,.16,.16,.42857143,.39285713,.4642857,.2857143,.2857143,.19714285,.4642857,.26857144,.42857143,.26571429,.32571429,.15571429,.15857142,.22857143,.22857143,.26571429,.54428571,.16285715,.20428571,.22857143,.14285715,.49857143,.14285715,.18142857,.14428571,.31857142,.14285715,.30142859,.26571429,.20857143,.27857143,.21142857,.15571429,.17428571,.23428571,.19428572,.34285715,.22714286,.14285715,.25,.15571429,.54285717,.36571428,.37,.20142858,.40428573,.51999998,.38285714,.19142857,.20142858,.19857143,.56999999,.18000001,.47857141,.33142856,.42857143,.59428573,.20142858,.51571429,.4642857,.28714284,.33428571,.35142857,.38,.43000001,.29714286,.56857145,.38571429,.26428571,.44714287,.38571429,.38285714,.23428571,.24857143,.26714286,.32714286,.33142856,.19285715,.2557143,.29857144,.25142857,.36285713,.25999999,0,0,357,Neutral
307,.37964284,.46392858,.42428571,.43785715,.44642857,.16500001,.18285716,.14714286,.36607143,.41535714,.31642857,.27285713,.30357143,.32071429,.34821427,.4464286,.39285713,.23642859,.22785714,.31714284,.40642858,.21857142,.27642858,.46392858,.1607143,.14285715,.41500002,.42428571,.48214287,.33892858,.32999998,.23714286,.4464286,.25,.41500002,.47928572,.49392855,.19678572,.23857144,.21214285,.345,.41642857,.48571429,.20535713,.38785714,.42464286,.28321427,.50357145,.17714286,.21392858,.25535715,.41678572,.19714285,.35892856,.44107142,.32714286,.18964285,.34464285,.17464286,.19107142,.43000001,.26499999,.46107143,.35428572,.23178571,.38357145,.22,.52107143,.41107142,.34714288,.37964287,.45000002,.5682143,.4025,.41500002,.38571429,.36714286,.54892862,.26678571,.49321428,.41928571,.48250002,.60678571,.3782143,.48000002,.4982143,.42714286,.45071429,.46999997,.51535714,.44107145,.35857144,.41714287,.50821429,.42214286,.46142858,.40071428,.49035716,.36642855,.28750002,.3132143,.46178573,.44678572,.39142859,.31107146,.41214284,.42464286,.48821428,.495,.5,0,307,Green
368,.39285713,.42857143,.41142857,.42857143,.48285714,.25,.25,.14285715,.35714287,.41142857,.39285713,.23142858,.23142858,.34,.41142857,.44571429,.35714287,.2857143,.17857143,.37428573,.41142857,.25,.42857143,.4642857,.23142858,.21428572,.42857143,.42857143,.44571429,.34,.32142857,.19714285,.41142857,.25,.41142857,.44,.43857142,.17714286,.23142858,.32285714,.26571429,.40142858,.40857142,.18571429,.36000001,.35285714,.28142858,.44999999,.19285715,.34999999,.28857142,.21714285,.15428571,.25285715,.52857143,.30285713,.20714286,.31714284,.20571429,.20571429,.58714288,.19,.37714285,.23714286,.19857143,.27285713,.19,.28285715,.50999999,.39285713,.50999999,.44857141,.62857145,.53714287,.53285712,.41999999,.49142858,.62285715,.32714286,.50142854,.55285716,.55285716,.58714288,.45714286,.54000002,.55428571,.55571431,.49142858,.55857146,.53857142,.61285716,.40000001,.41142857,.57857144,.44285715,.48142856,.35571429,.60428572,.40000001,.40428573,.38857144,.43571427,.45571429,.33857143,.36714286,.39714286,.51714283,.57999998,.55571431,0,0,368,Neutral
366,.39285713,.42857143,.41142857,.37428573,.42857143,.2857143,.23142858,.16,.35714287,.37428573,.34,.26857144,.26857144,.30285713,.34,.41142857,.34,.41142857,.21428572,.41142857,.35714287,.26857144,.34,.42857143,.2857143,.16,.42857143,.39285713,.42857143,.2857143,.2857143,.21428572,.42857143,.35714287,.37428573,.36857143,.35857144,.25,.33428571,.28857142,.26285714,.40714285,.52999997,.30142859,.23999999,.31428573,.30142859,.47857141,.15000001,.18714286,.24857143,.24428572,.14428571,.31285715,.43857142,.41714287,.19857143,.27857143,.16857143,.31285715,.27857143,.20999999,.49571428,.20285714,.15714286,.29857144,.17,.33428571,.41142857,.36428571,.31999999,.52857143,.55000001,.36428571,.34571427,.31285715,.38,.62,.2742857,.49857143,.45142856,.43571427,.58428574,.28714284,.5,.49285713,.54285717,.38571429,.39428571,.49142858,.47999999,.24857143,.57571429,.44,.34857142,.56285715,.48857144,.53142858,.31285715,.31857142,.32285714,.39285713,.42142856,.26428571,.23428571,.36571428,.38857144,.44714287,.48714286,0,0,366,Neutral
365,.3992857,.48214287,.435,.41500002,.4642857,.15142858,.14500001,.14285715,.3107143,.43714285,.29500002,.25928572,.29714286,.31928572,.37071431,.44214284,.36428571,.21857142,.24142858,.22785714,.37285715,.19,.25428569,.48000002,.14285715,.14500001,.40428573,.44642857,.50428569,.28999999,.27642858,.18357143,.42428571,.18071428,.44,.43785715,.45214283,.15071428,.19928572,.20714286,.28714287,.37857142,.5057143,.21357143,.31285715,.38,.215,.45285714,.15285714,.20642857,.205,.19571429,.15214285,.2557143,.435,.25142857,.21642858,.27785712,.19142857,.16428572,.39785713,.27357143,.36428571,.30357143,.21857142,.25285715,.17214286,.37214285,.40642858,.36571428,.3742857,.44499999,.57285714,.32642859,.37714285,.33428574,.38142857,.46357143,.21071428,.51285714,.38357145,.39500001,.59928572,.34714285,.40785715,.47428572,.35214287,.36857143,.40928572,.49071428,.44499999,.38,.28357142,.49571428,.44285715,.42000002,.37071431,.51357138,.32071429,.24214286,.21071428,.41285712,.35142857,.33642858,.22499999,.36500001,.3992857,.49000001,.56857145,0,0,365,Neutral
364,.37964284,.46392858,.42428571,.43785715,.44642857,.16500001,.18285716,.14714286,.36607143,.41535714,.31642857,.27285713,.30357143,.32071429,.34821427,.4464286,.39285713,.23642859,.22785714,.31714284,.40642858,.21857142,.27642858,.46392858,.1607143,.14285715,.41500002,.42428571,.48214287,.33892858,.32999998,.23714286,.4464286,.25,.41500002,.47928572,.49392855,.19678572,.23857144,.21214285,.345,.41642857,.48571429,.20535713,.38785714,.42464286,.28321427,.50357145,.17714286,.21392858,.25535715,.41678572,.19714285,.35892856,.44107142,.32714286,.18964285,.34464285,.17464286,.19107142,.43000001,.26499999,.46107143,.35428572,.23178571,.38357145,.22,.52107143,.41107142,.34714288,.37964287,.45000002,.5682143,.4025,.41500002,.38571429,.36714286,.54892862,.26678571,.49321428,.41928571,.48250002,.60678571,.3782143,.48000002,.4982143,.42714286,.45071429,.46999997,.51535714,.44107145,.35857144,.41714287,.50821429,.42214286,.46142858,.40071428,.49035716,.36642855,.28750002,.3132143,.46178573,.44678572,.39142859,.31107146,.41214284,.42464286,.48821428,.495,.5,0,364,Green
378,.41142857,.55428571,.41142857,.41142857,.44571429,.14285715,.14285715,.14285715,.34,.41142857,.30285713,.21428572,.21428572,.30285713,.37428573,.42857143,.42857143,.14285715,.16,.26857144,.48285714,.17857143,.23142858,.44571429,.14285715,.14285715,.42857143,.48285714,.55428571,.32142857,.2857143,.14285715,.42857143,.21428572,.4642857,.43857142,.43857142,.14285715,.16285715,.14285715,.31857142,.44571429,.53857142,.16142857,.46571428,.31999999,.18142857,.58428574,.14285715,.15142857,.29142857,.18000001,.14571428,.4642857,.47285715,.15428571,.15714286,.24857143,.15428571,.14285715,.33571428,.26428571,.22428571,.30571428,.22714286,.27285713,.16,.15428571,.40000001,.33142856,.35714287,.44714287,.55714285,.20428571,.32857144,.39571428,.40428573,.56,.16571428,.51142859,.37285715,.41571429,.52142859,.41142857,.28285715,.47142857,.36571428,.39142856,.40714285,.48857144,.45428571,.33000001,.15000001,.5642857,.49571428,.30571428,.35714287,.43571427,.31999999,.17285714,.16428572,.52285713,.37428573,.26571429,.22142857,.34428573,.42571428,.44285715,.59428573,0,0,378,Neutral
363,.43857145,.55714285,.48535717,.51214284,.51999998,.14285715,.15607142,.14285715,.38357145,.49214289,.39571428,.38142857,.41964287,.43107146,.40428573,.52285713,.45392856,.23357143,.32464287,.32749999,.45714286,.2257143,.30464286,.55821431,.14428571,.18000001,.42571428,.45714286,.54142857,.45571429,.4432143,.25857145,.51928574,.25607145,.50928569,.57107145,.41535711,.18107143,.24964285,.23178571,.31357145,.42321426,.51499999,.29714286,.42107144,.41857141,.33964285,.52535713,.15964286,.25714284,.255,.30285716,.17892857,.34821427,.51678574,.33142859,.18035714,.42857143,.20571429,.22999999,.55500001,.33500001,.38499999,.3692857,.24321428,.28892857,.2225,.46428567,.5560714,.37285715,.47357142,.48535714,.61821425,.34357142,.49642855,.49714285,.51821429,.50428569,.34392858,.54642856,.49964285,.50392854,.62035716,.50464284,.35678571,.55392861,.46464285,.46714285,.51571429,.60249996,.54750001,.51642859,.3367857,.57892859,.45178571,.34178573,.30642855,.54500002,.46071428,.26107144,.28999999,.505,.53678572,.42107141,.41750002,.52178574,.49892858,.51749998,.59571433,.5,0,363,Green
377,.42857143,.58857143,.4642857,.42857143,.53571427,.14285715,.14285715,.14285715,.34,.4642857,.39285713,.19714285,.14285715,.37428573,.2857143,.42857143,.42857143,.14285715,.16,.19714285,.42857143,.19714285,.14285715,.55428571,.14285715,.19714285,.53571427,.53571427,.64285713,.32142857,.30285713,.16,.42857143,.14285715,.53571427,.42428571,.51714283,.16714285,.17428571,.15714286,.34285715,.42857143,.64142859,.16571428,.30142859,.39714286,.18714286,.60142857,.17285714,.17,.36285713,.22714286,.17571428,.40571427,.41142857,.17428571,.23428571,.39285713,.2742857,.16571428,.2557143,.43000001,.37,.20857143,.37,.31142858,.36000001,.29285714,.51857144,.47714287,.34571427,.59571427,.5657143,.23285714,.3157143,.34714285,.37714285,.54857141,.17428571,.58285713,.28714284,.57285714,.64571428,.30428571,.27857143,.50142854,.27285713,.51714283,.38999999,.50857145,.44428572,.29428571,.24142857,.59857142,.49571428,.24285714,.59714288,.56714284,.31999999,.18142857,.16428572,.47142857,.46571428,.29428571,.26571429,.36000001,.36285713,.54000002,.61714286,0,0,377,Neutral
376,.45571429,.57142854,.45571429,.42000002,.49071428,.14285715,.14285715,.14285715,.39285713,.44714284,.37428573,.23142856,.16928571,.29428571,.36571431,.42857143,.41142857,.14285715,.25857145,.26857144,.43714285,.23214287,.22357142,.51857144,.14285715,.15142858,.48214287,.45571429,.56285715,.33928573,.32999998,.23214287,.44642857,.17857143,.45499998,.36785716,.51571429,.14428571,.16928571,.15214285,.34571427,.47928572,.63214284,.19,.35357141,.34214285,.19714285,.55785716,.14285715,.15000001,.21285716,.25785714,.14357144,.37071431,.4407143,.16928571,.14428571,.27000001,.17214286,.14571428,.27785712,.20428571,.23285714,.36285716,.18714285,.34071428,.15071428,.18714285,.52357143,.35357141,.40285712,.55857146,.59285712,.27857143,.33357143,.37071428,.40214285,.48285717,.18428572,.58000004,.33214286,.51571429,.62714285,.33642858,.25785714,.53642857,.38,.51714289,.41142857,.57285714,.44499999,.32714283,.17285714,.55000001,.49000001,.24642858,.56357145,.58499998,.32857144,.25928572,.20857143,.50857145,.37142858,.41857141,.24642858,.45071429,.36285716,.56714284,.65499997,.5,0,376,Green
379,.39285713,.53571427,.37428573,.42857143,.42857143,.14285715,.14285715,.14285715,.39285713,.39285713,.30285713,.23142858,.26857144,.30285713,.30285713,.41142857,.37428573,.19714285,.16,.30285713,.37428573,.17857143,.25,.53571427,.14285715,.14285715,.42857143,.42857143,.51714283,.2857143,.2857143,.19714285,.42857143,.21428572,.44571429,.43000001,.59857142,.14714286,.16571428,.19285715,.33285713,.41285715,.49142858,.21285714,.34857142,.32142857,.21857142,.54428571,.17857143,.16571428,.20428571,.23428571,.17142858,.29714286,.38714287,.20571429,.19,.33285713,.23999999,.18857142,.2557143,.29571429,.34857142,.29285714,.24857143,.27857143,.21285714,.22857143,.41,.37285715,.31999999,.49571428,.57571429,.29714286,.35285714,.30000001,.33142856,.5057143,.18714286,.50428569,.34571427,.46000001,.55571431,.28285715,.29714286,.47285715,.35857144,.33857143,.36285713,.44142857,.43142858,.32857144,.26285714,.49142858,.53142858,.31,.42142856,.50428569,.23999999,.22857143,.22285715,.35857144,.43857142,.21571429,.29428571,.37285715,.36000001,.45142856,.60714287,0,0,379,Neutral
373,.43857145,.55714285,.48535717,.51214284,.51999998,.14285715,.15607142,.14285715,.38357145,.49214289,.39571428,.38142857,.41964287,.43107146,.40428573,.52285713,.45392856,.23357143,.32464287,.32749999,.45714286,.2257143,.30464286,.55821431,.14428571,.18000001,.42571428,.45714286,.54142857,.45571429,.4432143,.25857145,.51928574,.25607145,.50928569,.57107145,.41535711,.18107143,.24964285,.23178571,.31357145,.42321426,.51499999,.29714286,.42107144,.41857141,.33964285,.52535713,.15964286,.25714284,.255,.30285716,.17892857,.34821427,.51678574,.33142859,.18035714,.42857143,.20571429,.22999999,.55500001,.33500001,.38499999,.3692857,.24321428,.28892857,.2225,.46428567,.5560714,.37285715,.47357142,.48535714,.61821425,.34357142,.49642855,.49714285,.51821429,.50428569,.34392858,.54642856,.49964285,.50392854,.62035716,.50464284,.35678571,.55392861,.46464285,.46714285,.51571429,.60249996,.54750001,.51642859,.3367857,.57892859,.45178571,.34178573,.30642855,.54500002,.46071428,.26107144,.28999999,.505,.53678572,.42107141,.41750002,.52178574,.49892858,.51749998,.59571433,.5,0,373,Green
375,.42857143,.52666664,.42571428,.40761906,.50333333,.16666667,.16666667,.14285715,.32428572,.44619048,.32142857,.27666667,.22333333,.32190475,.39857143,.40190476,.42285717,.20809524,.21761905,.28,.39619046,.2052381,.28,.5209524,.17238095,.17238095,.43428573,.43142858,.52952379,.34238094,.32761905,.18761905,.43761903,.22904761,.50904763,.38142857,.49333334,.18857144,.24238095,.18428572,.33952379,.44333333,.61476189,.21952382,.32809523,.36761904,.22952381,.55904764,.14952381,.14666666,.23857144,.21809523,.16095237,.40333334,.42238095,.30857143,.24619047,.28190476,.18190476,.21047619,.31238094,.29095238,.27809525,.26523808,.20857143,.29761904,.22285715,.28190476,.51666665,.41714287,.31523809,.58380949,.61380953,.26809525,.33809525,.39190477,.37904763,.6104762,.21142857,.53380954,.42809522,.55809522,.61666667,.30238095,.23952381,.56238097,.41666666,.49285716,.45857143,.60428572,.48095238,.36095238,.31857142,.55952382,.47380954,.28238094,.50476187,.57761908,.36761904,.23571429,.16142857,.5642857,.41047621,.3352381,.23714286,.40571427,.39428571,.5528571,.65476191,0,0,375,Neutral
374,.40444446,.5031746,.40063491,.42190474,.44857144,.17261904,.17238095,.14380953,.33595237,.41539681,.31523812,.24111111,.23944445,.30777776,.34833336,.43285716,.33380952,.23253968,.23031747,.27222222,.34190476,.22301587,.28333333,.5120635,.16944444,.18698412,.40309525,.4140476,.49095237,.30833334,.29841268,.19746032,.43833333,.19738096,.47714287,.41436508,.55341268,.14984128,.16571429,.15119047,.33039683,.43269843,.54206347,.20119047,.33007938,.3270635,.18968254,.58015871,.16571429,.15214285,.20468253,.21460317,.19468254,.41968256,.40857142,.19198413,.16444445,.31396824,.18460317,.15841269,.26857144,.25492063,.32666665,.23079365,.21896824,.27611113,.19293651,.21753968,.45198411,.35634923,.33396825,.48587298,.55246031,.30492064,.37365079,.33722222,.3418254,.52690476,.20412698,.51404762,.33571428,.49920633,.59936512,.31468254,.31460318,.48325396,.31515872,.42539683,.35555556,.49547619,.43730158,.31730157,.20539683,.50849205,.49738097,.28555554,.47095239,.54960316,.32571429,.23587301,.21373016,.40230161,.36642855,.2361111,.26603174,.37880951,.38111112,.50753969,.61619049,0,0,374,Neutral
385,.39285713,.48285714,.41142857,.39285713,.41142857,.14285715,.21428572,.14285715,.37428573,.37428573,.30285713,.26857144,.26857144,.37428573,.2857143,.4642857,.30285713,.14285715,.16,.2857143,.34,.25,.2857143,.51714283,.14285715,.14285715,.39285713,.37428573,.41142857,.2857143,.2857143,.19714285,.42857143,.14285715,.42857143,.38857144,.65142858,.15857142,.15857142,.15857142,.33857143,.40000001,.51285714,.20428571,.35285714,.38142857,.20428571,.68142855,.15857142,.15857142,.29142857,.21714285,.21714285,.50714284,.40857142,.21714285,.15857142,.28857142,.15857142,.18714286,.33142856,.24285714,.41428572,.28142858,.22571428,.28142858,.20571429,.27857143,.50714284,.34,.36428571,.46857142,.61000001,.34142858,.40000001,.38428572,.39571428,.63,.23714286,.50857145,.40285715,.58571428,.60714287,.40428573,.34571427,.49142858,.29571429,.44999999,.51571429,.60142857,.47714287,.27571428,.22142857,.55000001,.55857146,.36285713,.38285714,.64285713,.32285714,.23571429,.23571429,.34857142,.36857143,.26428571,.25,.41428572,.46857142,.58714288,.67285717,0,0,385,Neutral
389,.40444446,.5031746,.40063491,.42190474,.44857144,.17261904,.17238095,.14380953,.33595237,.41539681,.31523812,.24111111,.23944445,.30777776,.34833336,.43285716,.33380952,.23253968,.23031747,.27222222,.34190476,.22301587,.28333333,.5120635,.16944444,.18698412,.40309525,.4140476,.49095237,.30833334,.29841268,.19746032,.43833333,.19738096,.47714287,.41436508,.55341268,.14984128,.16571429,.15119047,.33039683,.43269843,.54206347,.20119047,.33007938,.3270635,.18968254,.58015871,.16571429,.15214285,.20468253,.21460317,.19468254,.41968256,.40857142,.19198413,.16444445,.31396824,.18460317,.15841269,.26857144,.25492063,.32666665,.23079365,.21896824,.27611113,.19293651,.21753968,.45198411,.35634923,.33396825,.48587298,.55246031,.30492064,.37365079,.33722222,.3418254,.52690476,.20412698,.51404762,.33571428,.49920633,.59936512,.31468254,.31460318,.48325396,.31515872,.42539683,.35555556,.49547619,.43730158,.31730157,.20539683,.50849205,.49738097,.28555554,.47095239,.54960316,.32571429,.23587301,.21373016,.40230161,.36642855,.2361111,.26603174,.37880951,.38111112,.50753969,.61619049,0,0,389,Neutral
384,.35714287,.44571429,.34,.32142857,.42857143,.14285715,.14285715,.14285715,.25,.35714287,.2857143,.14285715,.14285715,.23142858,.26857144,.41142857,.25,.14285715,.19714285,.14285715,.26857144,.17857143,.34,.60714287,.14285715,.16,.25,.32142857,.4642857,.2857143,.2857143,.14285715,.39285713,.14285715,.51714283,.34428573,.36571428,.14428571,.14428571,.14857143,.47999999,.43285716,.3157143,.31,.17857143,.27714285,.18428572,.70714283,.16428572,.14285715,.21285714,.2742857,.22285715,.25,.29285714,.17857143,.14428571,.15285714,.27857143,.14857143,.18714286,.25,.19142857,.20714286,.2557143,.21142857,.16142857,.16857143,.44428572,.21285714,.18285714,.27571428,.46000001,.16571428,.22714286,.21571429,.27000001,.46571428,.18000001,.54428571,.24857143,.46571428,.62285715,.17857143,.23571429,.53714287,.19,.38142857,.25285715,.41285715,.33857143,.18142857,.14285715,.49285713,.25999999,.17,.2,.58428574,.19714285,.2857143,.14285715,.17,.36714286,.18285714,.17857143,.33000001,.18857142,.5057143,.58571428,0,0,384,Neutral
387,.49142858,.56214285,.5,.5,.49535716,.14285715,.15142858,.14285715,.53571427,.48678571,.53178573,.27714285,.30357143,.37928572,.36178571,.48642856,.38857144,.20535715,.29928571,.28999999,.39749998,.24535714,.28571427,.56285715,.14285715,.29464287,.49071431,.49535716,.54428571,.40607142,.40607142,.26821429,.47285715,.21857142,.51785713,.42464286,.40928569,.36500001,.19678572,.30714285,.46142858,.49714285,.43785715,.29500002,.26714286,.64857143,.28428572,.64249998,.26499999,.26285714,.27357143,.33285713,.33607143,.29357144,.48571429,.22785716,.23321429,.33928573,.34214285,.25464284,.26392856,.40964285,.38,.27464285,.39535716,.26678571,.30392855,.25107142,.51678574,.45535713,.5121429,.45035714,.64321429,.25035715,.45249999,.50964284,.46071428,.53107142,.25428572,.60214281,.40678573,.46571428,.58678567,.43464285,.29392859,.51428568,.34964287,.54857147,.495,.56214285,.50464284,.35464287,.28428572,.58249998,.44785714,.29464287,.44571429,.51249999,.47357142,.23678572,.19107142,.43071431,.50999999,.35642859,.25749999,.51999998,.63107145,.55821431,.61928576,.25,0,387,Green
467,.49142858,.56214285,.5,.5,.49535716,.14285715,.15142858,.14285715,.53571427,.48678571,.53178573,.27714285,.30357143,.37928572,.36178571,.48642856,.38857144,.20535715,.29928571,.28999999,.39749998,.24535714,.28571427,.56285715,.14285715,.29464287,.49071431,.49535716,.54428571,.40607142,.40607142,.26821429,.47285715,.21857142,.51785713,.42464286,.40928569,.36500001,.19678572,.30714285,.46142858,.49714285,.43785715,.29500002,.26714286,.64857143,.28428572,.64249998,.26499999,.26285714,.27357143,.33285713,.33607143,.29357144,.48571429,.22785716,.23321429,.33928573,.34214285,.25464284,.26392856,.40964285,.38,.27464285,.39535716,.26678571,.30392855,.25107142,.51678574,.45535713,.5121429,.45035714,.64321429,.25035715,.45249999,.50964284,.46071428,.53107142,.25428572,.60214281,.40678573,.46571428,.58678567,.43464285,.29392859,.51428568,.34964287,.54857147,.495,.56214285,.50464284,.35464287,.28428572,.58249998,.44785714,.29464287,.44571429,.51249999,.47357142,.23678572,.19107142,.43071431,.50999999,.35642859,.25749999,.51999998,.63107145,.55821431,.61928576,.25,0,467,Green
383,.40540814,.50520408,.41051018,.40928572,.45091838,.14346939,.14285715,.14285715,.37540817,.41632652,.31622449,.23173469,.21040817,.32489794,.42928571,.44285715,.35714287,.23969388,.17244898,.26663268,.38336736,.19265306,.25153062,.46316326,.14479592,.14663266,.43448979,.44285715,.48336732,.30500001,.32040817,.18214285,.43051022,.19193879,.43867347,.41051021,.45428568,.15214285,.16040817,.16683674,.28653061,.40193877,.55979592,.16244897,.43387756,.34142858,.19999999,.51795918,.15377551,.16316327,.21653062,.19336735,.1560204,.35091835,.49724489,.17867348,.18102041,.29969388,.17081633,.16061226,.26785713,.26795918,.38530612,.3530612,.20642857,.26112247,.19530612,.23183674,.49173468,.42510206,.35908163,.47489795,.58428574,.34734696,.38693878,.37551022,.38499999,.53571427,.23683673,.57163262,.40479594,.54867351,.58653057,.35204083,.3291837,.52499998,.37897959,.44438773,.45214283,.5353061,.49091834,.35459185,.22612245,.49989796,.45224491,.32734695,.53479594,.55755103,.34479591,.28561223,.21765307,.5090816,.41061223,.41969389,.27357143,.3757143,.37857145,.5219388,.61000001,0,0,383,Neutral
386,.51714283,.48285714,.51714283,.41142857,.53571427,.14285715,.14285715,.14285715,.39285713,.4642857,.41142857,.19714285,.19714285,.37428573,.6257143,.42857143,.37428573,.14285715,.26857144,.19714285,.39285713,.42857143,.32142857,.53571427,.14285715,.30285713,.41142857,.41142857,.48285714,.35714287,.35714287,.26857144,.4642857,.14285715,.5,.41714287,.42857143,.20428571,.24428572,.18571429,.34428573,.55000001,.48285714,.25714287,.39428571,.44999999,.33857143,.57857144,.14714286,.26428571,.21857142,.25,.22285715,.41285715,.56857145,.20714286,.18285714,.35714287,.20857143,.19,.32142857,.26857144,.35571429,.29714286,.29142857,.25857142,.20571429,.27571428,.63285714,.33428571,.44285715,.49714285,.6257143,.22285715,.43857142,.37428573,.44285715,.54285717,.19571428,.58571428,.43285716,.5057143,.64142859,.34428573,.20857143,.48142856,.19714285,.58285713,.29428571,.55000001,.33571428,.27142859,.16428572,.60285717,.43000001,.23571429,.38571429,.6242857,.42857143,.17428571,.16571428,.37571427,.41,.28142858,.26857144,.40142858,.41857144,.55285716,.68285716,0,0,386,Neutral
403,.37428573,.42857143,.34,.35714287,.39285713,.25,.25,.14285715,.34,.39285713,.32142857,.23142858,.23142858,.32142857,.23142858,.42857143,.32142857,.39285713,.23142858,.41142857,.32142857,.14285715,.32142857,.39285713,.25,.14285715,.34,.41142857,.41142857,.2857143,.2857143,.14285715,.41142857,.30285713,.30285713,.38428572,.27857143,.19142857,.16,.34428573,.28,.33142856,.45714286,.22,.27571428,.31999999,.28285715,.42428571,.17571428,.23571429,.28,.17714286,.15428571,.34,.40142858,.28999999,.18285714,.3157143,.20714286,.22285715,.44285715,.24428572,.41999999,.20428571,.28857142,.24142857,.20714286,.31142858,.28142858,.44285715,.38714287,.31142858,.49857143,.51714283,.41285715,.29857144,.42571428,.24428572,.2857143,.4757143,.37714285,.39142856,.43142858,.39571428,.53428572,.46285716,.47285715,.28428572,.39142856,.41285715,.45285714,.38857144,.29142857,.51999998,.28285715,.52142859,.36142856,.36428571,.36285713,.35714287,.36714286,.38285714,.41,.29285714,.32571429,.29571429,.43714285,.30000001,.28428572,0,0,403,Neutral
748,.37428573,.42857143,.34,.35714287,.39285713,.25,.25,.14285715,.34,.39285713,.32142857,.23142858,.23142858,.32142857,.23142858,.42857143,.32142857,.39285713,.23142858,.41142857,.32142857,.14285715,.32142857,.39285713,.25,.14285715,.34,.41142857,.41142857,.2857143,.2857143,.14285715,.41142857,.30285713,.30285713,.38428572,.27857143,.19142857,.16,.34428573,.28,.33142856,.45714286,.22,.27571428,.31999999,.28285715,.42428571,.17571428,.23571429,.28,.17714286,.15428571,.34,.40142858,.28999999,.18285714,.3157143,.20714286,.22285715,.44285715,.24428572,.41999999,.20428571,.28857142,.24142857,.20714286,.31142858,.28142858,.44285715,.38714287,.31142858,.49857143,.51714283,.41285715,.29857144,.42571428,.24428572,.2857143,.4757143,.37714285,.39142856,.43142858,.39571428,.53428572,.46285716,.47285715,.28428572,.39142856,.41285715,.45285714,.38857144,.29142857,.51999998,.28285715,.52142859,.36142856,.36428571,.36285713,.35714287,.36714286,.38285714,.41,.29285714,.32571429,.29571429,.43714285,.30000001,.28428572,0,0,748,Neutral
449,.30285713,.39285713,.30285713,.42857143,.39285713,.14285715,.17857143,.14285715,.30285713,.30285713,.30285713,.23142858,.26857144,.30285713,.26857144,.39285713,.30285713,.23142858,.16,.2857143,.30285713,.14285715,.2857143,.37428573,.14285715,.14285715,.44571429,.41142857,.39285713,.2857143,.2857143,.14285715,.42857143,.26857144,.30285713,.41571429,.24285714,.2,.21428572,.34999999,.29428571,.28714284,.57714283,.21428572,.26428571,.33571428,.22428571,.46000001,.16571428,.25142857,.27857143,.20857143,.19571428,.26857144,.26428571,.25285715,.23571429,.29285714,.23714286,.21857142,.3157143,.26714286,.45428571,.26571429,.23285714,.28999999,.23285714,.23142858,.31285715,.48571429,.36428571,.33142856,.47285715,.35142857,.38285714,.32428572,.35428572,.37142858,.20142858,.40428573,.29428571,.37428573,.47,.29714286,.45285714,.40428573,.40714285,.40000001,.35142857,.36000001,.40285715,.36571428,.21857142,.43714285,.22285715,.55000001,.47285715,.37857142,.27000001,.28857142,.32857144,.37571427,.37714285,.28142858,.25142857,.31285715,.36428571,.36571428,.24571429,0,0,449,Neutral
405,.30285713,.39285713,.30285713,.42857143,.39285713,.14285715,.17857143,.14285715,.30285713,.30285713,.30285713,.23142858,.26857144,.30285713,.26857144,.39285713,.30285713,.23142858,.16,.2857143,.30285713,.14285715,.2857143,.37428573,.14285715,.14285715,.44571429,.41142857,.39285713,.2857143,.2857143,.14285715,.42857143,.26857144,.30285713,.41571429,.24285714,.2,.21428572,.34999999,.29428571,.28714284,.57714283,.21428572,.26428571,.33571428,.22428571,.46000001,.16571428,.25142857,.27857143,.20857143,.19571428,.26857144,.26428571,.25285715,.23571429,.29285714,.23714286,.21857142,.3157143,.26714286,.45428571,.26571429,.23285714,.28999999,.23285714,.23142858,.31285715,.48571429,.36428571,.33142856,.47285715,.35142857,.38285714,.32428572,.35428572,.37142858,.20142858,.40428573,.29428571,.37428573,.47,.29714286,.45285714,.40428573,.40714285,.40000001,.35142857,.36000001,.40285715,.36571428,.21857142,.43714285,.22285715,.55000001,.47285715,.37857142,.27000001,.28857142,.32857144,.37571427,.37714285,.28142858,.25142857,.31285715,.36428571,.36571428,.24571429,0,0,405,Neutral
407,.30285713,.39285713,.30285713,.42857143,.39285713,.14285715,.17857143,.14285715,.30285713,.30285713,.30285713,.23142858,.26857144,.30285713,.26857144,.39285713,.30285713,.23142858,.16,.2857143,.30285713,.14285715,.2857143,.37428573,.14285715,.14285715,.44571429,.41142857,.39285713,.2857143,.2857143,.14285715,.42857143,.26857144,.30285713,.41571429,.24285714,.2,.21428572,.34999999,.29428571,.28714284,.57714283,.21428572,.26428571,.33571428,.22428571,.46000001,.16571428,.25142857,.27857143,.20857143,.19571428,.26857144,.26428571,.25285715,.23571429,.29285714,.23714286,.21857142,.3157143,.26714286,.45428571,.26571429,.23285714,.28999999,.23285714,.23142858,.31285715,.48571429,.36428571,.33142856,.47285715,.35142857,.38285714,.32428572,.35428572,.37142858,.20142858,.40428573,.29428571,.37428573,.47,.29714286,.45285714,.40428573,.40714285,.40000001,.35142857,.36000001,.40285715,.36571428,.21857142,.43714285,.22285715,.55000001,.47285715,.37857142,.27000001,.28857142,.32857144,.37571427,.37714285,.28142858,.25142857,.31285715,.36428571,.36571428,.24571429,0,0,407,Neutral
416,.46642858,.54678571,.5,.52035713,.55821431,.32821429,.3125,.14500001,.46642858,.52249998,.44857144,.27250001,.29714286,.4375,.35249999,.51571429,.41357142,.40607142,.29035714,.4375,.42642856,.21857142,.38392857,.48178571,.29285714,.33714285,.45107144,.45750001,.54000002,.41285715,.42214286,.2525,.46607143,.36178571,.46642858,.51928574,.44285715,.33357143,.50285715,.4132143,.41571429,.4382143,.58321428,.34321427,.3175,.55321431,.3725,.52857143,.16464286,.18464285,.24321428,.42964286,.26535714,.51571429,.42321429,.49714285,.37071428,.47857141,.26392856,.40535715,.28821427,.41642857,.61464286,.24714285,.32035714,.41499999,.32607141,.45928571,.47999999,.57178569,.52749997,.57499999,.61750001,.47892857,.53321427,.52749997,.55285716,.60071427,.36357141,.57499999,.49357143,.5567857,.61178571,.51285714,.55892861,.60750002,.60357141,.50678569,.52178574,.61535716,.60500002,.45678571,.60178572,.55178571,.45714286,.61642861,.61571431,.51642859,.47749999,.34999999,.47321427,.51392859,.50107145,.38714287,.41392857,.47071427,.55000001,.58964288,.49285716,0,0,416,Neutral
418,.50373018,.57904762,.50230157,.50063491,.5714286,.14285715,.15222223,.14285715,.46357143,.5049206,.44746029,.28325397,.30317459,.44134921,.33738095,.5120635,.45436507,.33476192,.2825397,.3586508,.48333332,.23261905,.28857142,.54730159,.14285715,.26658729,.45555556,.53777778,.56841272,.41968253,.40309525,.2415873,.48396826,.24634922,.51404762,.48063493,.46563491,.25150794,.19285715,.28928572,.39849207,.44968253,.53960317,.23023809,.28849208,.49071428,.25706348,.58214289,.17126983,.16055556,.3254762,.37095237,.27087301,.66960317,.37507936,.2557143,.28134921,.4188889,.30746031,.25126985,.27087301,.5209524,.64420635,.21404763,.42333332,.41365078,.33793652,.35857144,.57571429,.48373017,.4942857,.60253966,.64015871,.34380952,.49150795,.48111111,.49357143,.63126981,.27904761,.5866667,.46650794,.57682538,.66269839,.49873015,.36912698,.64222223,.45563492,.55603176,.54285711,.63928568,.57238096,.4065873,.51238096,.565,.51492065,.4602381,.58468252,.60571432,.47499999,.27619049,.26769841,.5642857,.49031746,.37730157,.37246031,.49277779,.5146032,.59714288,.61190474,0,0,418,Neutral
414,.50373018,.57904762,.50230157,.50063491,.5714286,.14285715,.15222223,.14285715,.46357143,.5049206,.44746029,.28325397,.30317459,.44134921,.33738095,.5120635,.45436507,.33476192,.2825397,.3586508,.48333332,.23261905,.28857142,.54730159,.14285715,.26658729,.45555556,.53777778,.56841272,.41968253,.40309525,.2415873,.48396826,.24634922,.51404762,.48063493,.46563491,.25150794,.19285715,.28928572,.39849207,.44968253,.53960317,.23023809,.28849208,.49071428,.25706348,.58214289,.17126983,.16055556,.3254762,.37095237,.27087301,.66960317,.37507936,.2557143,.28134921,.4188889,.30746031,.25126985,.27087301,.5209524,.64420635,.21404763,.42333332,.41365078,.33793652,.35857144,.57571429,.48373017,.4942857,.60253966,.64015871,.34380952,.49150795,.48111111,.49357143,.63126981,.27904761,.5866667,.46650794,.57682538,.66269839,.49873015,.36912698,.64222223,.45563492,.55603176,.54285711,.63928568,.57238096,.4065873,.51238096,.565,.51492065,.4602381,.58468252,.60571432,.47499999,.27619049,.26769841,.5642857,.49031746,.37730157,.37246031,.49277779,.5146032,.59714288,.61190474,0,0,414,Neutral
6,.50373018,.57904762,.50230157,.50063491,.5714286,.14285715,.15222223,.14285715,.46357143,.5049206,.44746029,.28325397,.30317459,.44134921,.33738095,.5120635,.45436507,.33476192,.2825397,.3586508,.48333332,.23261905,.28857142,.54730159,.14285715,.26658729,.45555556,.53777778,.56841272,.41968253,.40309525,.2415873,.48396826,.24634922,.51404762,.48063493,.46563491,.25150794,.19285715,.28928572,.39849207,.44968253,.53960317,.23023809,.28849208,.49071428,.25706348,.58214289,.17126983,.16055556,.3254762,.37095237,.27087301,.66960317,.37507936,.2557143,.28134921,.4188889,.30746031,.25126985,.27087301,.5209524,.64420635,.21404763,.42333332,.41365078,.33793652,.35857144,.57571429,.48373017,.4942857,.60253966,.64015871,.34380952,.49150795,.48111111,.49357143,.63126981,.27904761,.5866667,.46650794,.57682538,.66269839,.49873015,.36912698,.64222223,.45563492,.55603176,.54285711,.63928568,.57238096,.4065873,.51238096,.565,.51492065,.4602381,.58468252,.60571432,.47499999,.27619049,.26769841,.5642857,.49031746,.37730157,.37246031,.49277779,.5146032,.59714288,.61190474,0,0,6,Neutral
413,.46642858,.54678571,.5,.52035713,.55821431,.32821429,.3125,.14500001,.46642858,.52249998,.44857144,.27250001,.29714286,.4375,.35249999,.51571429,.41357142,.40607142,.29035714,.4375,.42642856,.21857142,.38392857,.48178571,.29285714,.33714285,.45107144,.45750001,.54000002,.41285715,.42214286,.2525,.46607143,.36178571,.46642858,.51928574,.44285715,.33357143,.50285715,.4132143,.41571429,.4382143,.58321428,.34321427,.3175,.55321431,.3725,.52857143,.16464286,.18464285,.24321428,.42964286,.26535714,.51571429,.42321429,.49714285,.37071428,.47857141,.26392856,.40535715,.28821427,.41642857,.61464286,.24714285,.32035714,.41499999,.32607141,.45928571,.47999999,.57178569,.52749997,.57499999,.61750001,.47892857,.53321427,.52749997,.55285716,.60071427,.36357141,.57499999,.49357143,.5567857,.61178571,.51285714,.55892861,.60750002,.60357141,.50678569,.52178574,.61535716,.60500002,.45678571,.60178572,.55178571,.45714286,.61642861,.61571431,.51642859,.47749999,.34999999,.47321427,.51392859,.50107145,.38714287,.41392857,.47071427,.55000001,.58964288,.49285716,0,0,413,Neutral
417,.46642858,.54678571,.5,.52035713,.55821431,.32821429,.3125,.14500001,.46642858,.52249998,.44857144,.27250001,.29714286,.4375,.35249999,.51571429,.41357142,.40607142,.29035714,.4375,.42642856,.21857142,.38392857,.48178571,.29285714,.33714285,.45107144,.45750001,.54000002,.41285715,.42214286,.2525,.46607143,.36178571,.46642858,.51928574,.44285715,.33357143,.50285715,.4132143,.41571429,.4382143,.58321428,.34321427,.3175,.55321431,.3725,.52857143,.16464286,.18464285,.24321428,.42964286,.26535714,.51571429,.42321429,.49714285,.37071428,.47857141,.26392856,.40535715,.28821427,.41642857,.61464286,.24714285,.32035714,.41499999,.32607141,.45928571,.47999999,.57178569,.52749997,.57499999,.61750001,.47892857,.53321427,.52749997,.55285716,.60071427,.36357141,.57499999,.49357143,.5567857,.61178571,.51285714,.55892861,.60750002,.60357141,.50678569,.52178574,.61535716,.60500002,.45678571,.60178572,.55178571,.45714286,.61642861,.61571431,.51642859,.47749999,.34999999,.47321427,.51392859,.50107145,.38714287,.41392857,.47071427,.55000001,.58964288,.49285716,0,0,417,Neutral
415,.51809525,.5714286,.51809525,.5657143,.5714286,.23523809,.20857143,.14285715,.49714285,.5057143,.48809522,.30952382,.33952382,.5447619,.35095239,.5714286,.46142855,.36285716,.35142857,.37190476,.49095237,.22904763,.34523809,.53285712,.21142857,.27095237,.45857143,.55380952,.56285715,.4552381,.45238096,.24666667,.51523811,.29809523,.50285715,.5780952,.49333334,.26095238,.29714286,.30952382,.41333333,.46761903,.54142857,.28333333,.32333332,.53476191,.28428572,.57285714,.16380952,.2147619,.28428572,.33333334,.23476191,.61428571,.39904761,.35238093,.32714286,.52238095,.32666665,.26904762,.30619049,.53523809,.66857141,.24333334,.42666668,.42619047,.40571427,.40285715,.50999999,.59476191,.59142858,.55666667,.64285713,.41523808,.59142858,.527619,.57904762,.64095235,.35142857,.5933333,.4909524,.58619046,.64095235,.62190479,.44952381,.61142856,.55714285,.54190475,.54952383,.6438095,.60571432,.48619047,.55380952,.59380955,.55095237,.55190474,.58571428,.57047617,.52904761,.33095238,.39714286,.61904764,.56523812,.43333334,.50047618,.49380952,.60285711,.57857144,.56142855,0,0,415,Neutral
425,.32142857,.41142857,.34,.39285713,.39285713,.14285715,.14285715,.14285715,.26857144,.39285713,.26857144,.19714285,.21428572,.23142858,.23142858,.41142857,.30285713,.14285715,.17857143,.23142858,.30285713,.14285715,.17857143,.32142857,.14285715,.14285715,.39285713,.42857143,.44571429,.26857144,.25,.14285715,.2857143,.19714285,.2857143,.28142858,.22857143,.14571428,.15857142,.14571428,.26714286,.19142857,.45285714,.16857143,.17285714,.2857143,.17714286,.44142857,.14285715,.14285715,.21285714,.2,.14285715,.34142858,.21571429,.16285715,.18285714,.28285715,.18000001,.15571429,.15428571,.34,.55285716,.15285714,.20571429,.20999999,.20285714,.28142858,.36714286,.49142858,.34857142,.37571427,.47,.28714284,.30571428,.34857142,.31285715,.36142856,.22285715,.40142858,.35857144,.40571427,.50285715,.23,.40142858,.41,.37714285,.34571427,.38999999,.41428572,.43857142,.25714287,.29285714,.38,.31285715,.48428571,.49142858,.38714287,.32714286,.19285715,.20999999,.43000001,.38428572,.25714287,.20999999,.33285713,.34999999,.39142856,.28285715,0,0,425,Neutral
426,.45238096,.51761901,.44047618,.42857143,.51190478,.14857143,.16047619,.14285715,.36333334,.45285714,.35714287,.22,.23238096,.32714286,.29142857,.51190478,.36952382,.29714286,.23238096,.31619048,.38714287,.19666667,.27380952,.48809522,.16047619,.20238096,.39857143,.45809525,.51761901,.33952382,.33952382,.20761906,.39333335,.23857144,.46380952,.42571428,.44142857,.18809524,.18190476,.19238095,.35428572,.45095238,.50523812,.21238095,.2742857,.41761905,.24428572,.56476188,.16761905,.1642857,.22285715,.26238096,.19857143,.44666666,.37333333,.24142857,.23761904,.33809525,.2557143,.18666667,.23285714,.42809525,.54285717,.26809523,.29952383,.37666667,.22571428,.25428572,.53333336,.37714285,.44095239,.50047618,.62761903,.28999999,.47285715,.47904763,.42809522,.65380955,.25190476,.52904761,.42809525,.5714286,.66142857,.43285713,.31285715,.62857145,.5,.5057143,.52809525,.61666667,.6047619,.35523811,.38523808,.53809524,.45333332,.38714287,.45333335,.57809526,.38666666,.29904762,.23809524,.47333333,.49476191,.26333332,.27380952,.46476191,.49571431,.5714286,.54285717,0,0,426,Neutral
427,.42382142,.48317856,.41535714,.43242857,.47842857,.19446428,.19703571,.14285715,.38785714,.4387143,.37992859,.219,.22996429,.33642858,.28392857,.48307142,.36010715,.27528572,.20510714,.3239643,.38721427,.19510715,.28350002,.43839285,.17585714,.18214285,.43346429,.46339285,.50042856,.32532144,.32578573,.18653572,.39721429,.26389286,.41157144,.43153572,.39735714,.27282143,.21567857,.26810715,.34235713,.39774999,.51746428,.21985714,.26946428,.43392858,.25296429,.53221428,.18264286,.19792858,.31375,.27046427,.19639285,.48653573,.34657145,.29574999,.32175002,.36717856,.26225001,.24564286,.28432143,.41528571,.57264286,.25521427,.3092857,.35360715,.31292859,.3079643,.47264284,.52878571,.44260713,.5115357,.58653569,.36860713,.42389286,.43403572,.44096428,.59592855,.27121428,.52610713,.41525,.54714286,.59500003,.43853572,.44346428,.57767856,.51839286,.45592856,.48289284,.57835716,.53935713,.39974999,.47707143,.51378572,.42607144,.51592857,.54374999,.53850001,.42057142,.31735715,.33189285,.49953571,.4605,.32871428,.32075,.44339284,.49578571,.55410713,.49085715,0,0,427,Neutral
423,.42857143,.52999997,.44666666,.49428573,.5057143,.14285715,.14285715,.14285715,.39857143,.45190477,.39238095,.20238096,.22666667,.41095239,.26761904,.53619051,.44619048,.26190478,.22571428,.31523809,.45857143,.19619048,.29190478,.48238096,.14285715,.19619048,.42285714,.5714286,.53619051,.36904761,.33333334,.21380953,.44047618,.23238096,.42238095,.49904761,.46523809,.17761904,.19380952,.20333333,.34999999,.44857141,.46047619,.19428572,.25666666,.44523808,.19428571,.54666668,.14571428,.22238095,.28285715,.20714286,.19619048,.58714288,.35523808,.22761904,.24190477,.4042857,.31380951,.16380952,.23857144,.5,.6590476,.19285715,.4057143,.3847619,.38047618,.3847619,.47380951,.55523807,.53571427,.48666668,.63380951,.33714285,.49238095,.39904761,.5014286,.6185714,.26476189,.53666663,.38904762,.56380951,.62619048,.51476192,.38619047,.58904761,.54238093,.48809522,.53333336,.60904765,.58333337,.35428572,.44428572,.52238095,.47190475,.52380955,.50904763,.53857142,.4552381,.2904762,.27666667,.62809527,.44238096,.35999998,.39714286,.41714284,.5333333,.56142855,.52142859,0,0,423,Neutral
424,.42857143,.52999997,.44666666,.49428573,.5057143,.14285715,.14285715,.14285715,.39857143,.45190477,.39238095,.20238096,.22666667,.41095239,.26761904,.53619051,.44619048,.26190478,.22571428,.31523809,.45857143,.19619048,.29190478,.48238096,.14285715,.19619048,.42285714,.5714286,.53619051,.36904761,.33333334,.21380953,.44047618,.23238096,.42238095,.49904761,.46523809,.17761904,.19380952,.20333333,.34999999,.44857141,.46047619,.19428572,.25666666,.44523808,.19428571,.54666668,.14571428,.22238095,.28285715,.20714286,.19619048,.58714288,.35523808,.22761904,.24190477,.4042857,.31380951,.16380952,.23857144,.5,.6590476,.19285715,.4057143,.3847619,.38047618,.3847619,.47380951,.55523807,.53571427,.48666668,.63380951,.33714285,.49238095,.39904761,.5014286,.6185714,.26476189,.53666663,.38904762,.56380951,.62619048,.51476192,.38619047,.58904761,.54238093,.48809522,.53333336,.60904765,.58333337,.35428572,.44428572,.52238095,.47190475,.52380955,.50904763,.53857142,.4552381,.2904762,.27666667,.62809527,.44238096,.35999998,.39714286,.41714284,.5333333,.56142855,.52142859,0,0,424,Neutral
436,.40248299,.44982994,.38064626,.44017008,.44037414,.16921769,.21659864,.14285715,.32969385,.41612244,.34534013,.31568027,.3487075,.38200679,.34778911,.43993199,.34778911,.31176871,.24816327,.36540815,.37534013,.1647279,.35925171,.41496599,.16081633,.17336735,.43037415,.42670068,.44343537,.31819728,.32193878,.22095238,.43462586,.2614966,.35704082,.46738097,.36812925,.23272109,.20112245,.30268708,.33190477,.34268707,.54513609,.24095239,.36469388,.38095239,.22581632,.4777211,.19370748,.50806123,.24557823,.20955783,.18792517,.29639456,.41465986,.27258503,.22714286,.35044217,.21758504,.22615646,.4392857,.29316327,.41452381,.38054422,.2422449,.2432653,.23493198,.30030611,.40653062,.41071427,.41823128,.39098638,.48214287,.40911564,.44238096,.40438774,.42336735,.39289117,.25125849,.46312925,.4380272,.46102041,.54115647,.39901361,.49221089,.49585032,.46329933,.37224489,.46585032,.49017006,.50578231,.43265307,.30901361,.50153059,.36819729,.48897958,.4581973,.45676872,.37091836,.26496598,.31051022,.42557824,.45972788,.37207481,.3429592,.47142857,.43931973,.46472788,.36105442,0,0,436,Neutral
433,.42857143,.53571427,.44571429,.55428571,.4642857,.16,.16,.14285715,.51714283,.44571429,.44571429,.44571429,.41142857,.51714283,.42857143,.55428571,.42857143,.2857143,.26857144,.30285713,.4642857,.19714285,.41142857,.48285714,.14285715,.14285715,.53571427,.48285714,.55428571,.42857143,.44571429,.23142858,.44571429,.2857143,.41142857,.51142859,.43571427,.19571428,.25285715,.32142857,.28428572,.41428572,.60571426,.24714285,.41857144,.48285714,.26142856,.50285715,.16,.57999998,.20142858,.23142858,.17857143,.32142857,.46571428,.33000001,.22857143,.50428569,.17142858,.20999999,.52285713,.32285714,.43142858,.43714285,.24857143,.24857143,.25428572,.30000001,.40857142,.46000001,.52999997,.48714286,.52999997,.48857144,.53571427,.41142857,.4942857,.4342857,.25285715,.50999999,.45571429,.52285713,.58857143,.55428571,.4642857,.54857141,.52714288,.38428572,.51571429,.55714285,.53142858,.45714286,.29285714,.47428572,.42142856,.48714286,.52714288,.44571429,.41999999,.27571428,.29857144,.47285715,.46857142,.50714284,.39714286,.40857142,.58285713,.48142856,.44571429,0,0,433,Neutral
404,.40248299,.44982994,.38064626,.44017008,.44037414,.16921769,.21659864,.14285715,.32969385,.41612244,.34534013,.31568027,.3487075,.38200679,.34778911,.43993199,.34778911,.31176871,.24816327,.36540815,.37534013,.1647279,.35925171,.41496599,.16081633,.17336735,.43037415,.42670068,.44343537,.31819728,.32193878,.22095238,.43462586,.2614966,.35704082,.46738097,.36812925,.23272109,.20112245,.30268708,.33190477,.34268707,.54513609,.24095239,.36469388,.38095239,.22581632,.4777211,.19370748,.50806123,.24557823,.20955783,.18792517,.29639456,.41465986,.27258503,.22714286,.35044217,.21758504,.22615646,.4392857,.29316327,.41452381,.38054422,.2422449,.2432653,.23493198,.30030611,.40653062,.41071427,.41823128,.39098638,.48214287,.40911564,.44238096,.40438774,.42336735,.39289117,.25125849,.46312925,.4380272,.46102041,.54115647,.39901361,.49221089,.49585032,.46329933,.37224489,.46585032,.49017006,.50578231,.43265307,.30901361,.50153059,.36819729,.48897958,.4581973,.45676872,.37091836,.26496598,.31051022,.42557824,.45972788,.37207481,.3429592,.47142857,.43931973,.46472788,.36105442,0,0,404,Neutral
439,.34,.42857143,.32142857,.42857143,.41142857,.14285715,.16,.14285715,.32142857,.37428573,.34,.19714285,.23142858,.32142857,.30285713,.41142857,.32142857,.2857143,.16,.2857143,.34,.14285715,.30285713,.37428573,.14285715,.14285715,.42857143,.42857143,.42857143,.30285713,.30285713,.16,.42857143,.26857144,.32142857,.45571429,.34142858,.24857143,.21857142,.33571428,.34285715,.26571429,.62714285,.23857144,.34999999,.37142858,.23,.41571429,.23571429,.41857144,.32428572,.23571429,.22428571,.26857144,.38142857,.30714285,.30142859,.36428571,.23285714,.25857142,.39714286,.3157143,.42714286,.38,.26714286,.32285714,.23714286,.31285715,.41571429,.47,.48285714,.35857144,.54714286,.41999999,.49857143,.42142856,.47142857,.37428573,.30285713,.52285713,.50428569,.51428574,.5,.40428573,.52428573,.49857143,.52285713,.40142858,.57714283,.47714287,.42428571,.38285714,.29571429,.4642857,.36571428,.48428571,.49571428,.47142857,.4342857,.28285715,.2857143,.44571429,.47142857,.40142858,.34999999,.47142857,.48714286,.49000001,.34714285,0,0,439,Neutral
435,.41142857,.53571427,.41142857,.44571429,.41142857,.14285715,.14285715,.14285715,.34,.41142857,.34,.21428572,.21428572,.30285713,.30285713,.42857143,.37428573,.23142858,.14285715,.26857144,.41142857,.16,.2857143,.39285713,.14285715,.14285715,.51714283,.5,.51714283,.2857143,.2857143,.16,.39285713,.23142858,.2857143,.41571429,.27142859,.18714286,.19571428,.20857143,.26142856,.35571429,.6242857,.23571429,.29285714,.35142857,.20857143,.53571427,.18142857,.4642857,.30428571,.21142857,.16285715,.25999999,.38428572,.19285715,.20285714,.37285715,.19714285,.18571429,.32428572,.36000001,.30571428,.49571428,.26285714,.23285714,.20142858,.25285715,.36285713,.4942857,.40000001,.35714287,.55571431,.41285715,.45428571,.33285713,.41142857,.34285715,.22571428,.53285712,.41,.47285715,.57999998,.38285714,.4942857,.4942857,.44571429,.33142856,.47,.43857142,.5057143,.36000001,.23571429,.41714287,.35428572,.48714286,.57285714,.40571427,.35142857,.21285714,.22142857,.51857144,.34714285,.45857143,.31285715,.39428571,.46857142,.38999999,.38571429,0,0,435,Neutral
434,.39928573,.51571429,.38642859,.435,.42607144,.19142857,.18285716,.14285715,.39071429,.39357144,.3732143,.29250002,.30857146,.33678573,.32785714,.42642856,.37535715,.26750001,.1492857,.30357146,.41714287,.16285715,.31678569,.41964287,.17857143,.14285715,.49535713,.45071429,.45285714,.29464287,.29250002,.19642857,.40392858,.27928573,.3725,.41571429,.31392857,.19071428,.20821428,.24642856,.32392856,.35571429,.6160714,.21928571,.32749999,.39714286,.23464286,.50214285,.21142858,.41499999,.26285714,.23928572,.20857143,.33892858,.41214287,.22928572,.21285714,.3757143,.20214286,.20785715,.34357142,.30714285,.41428572,.45785713,.30107144,.29750001,.23714286,.22821429,.3482143,.45178574,.4425,.43464285,.50821429,.39285713,.44857141,.36000001,.42964286,.41178572,.22035715,.53107142,.45428571,.43142855,.52535713,.45928571,.48785716,.48785716,.48285714,.34285715,.48500001,.46964285,.46035713,.4617857,.25678572,.46214288,.33857143,.45499998,.57107139,.40464285,.36678571,.285,.30000001,.45178571,.38178572,.45714286,.34857142,.41678572,.49857143,.40392858,.36357144,0,0,434,Neutral
445,.44571429,.55428571,.42857143,.41142857,.42857143,.26857144,.2857143,.14285715,.44571429,.41142857,.35714287,.25,.30285713,.32142857,.30285713,.44571429,.35714287,.30285713,.25,.37428573,.35714287,.19714285,.35714287,.4642857,.26857144,.2857143,.44571429,.44571429,.48285714,.34,.30285713,.25,.39285713,.2857143,.42857143,.49571428,.49285713,.34,.18714286,.2742857,.29428571,.47428572,.64857143,.23857144,.33571428,.36857143,.26142856,.53714287,.15000001,.15714286,.24571429,.16142857,.15000001,.28857142,.30857143,.25285715,.63,.41857144,.19857143,.19142857,.43714285,.38714287,.29714286,.47285715,.24714285,.29571429,.33142856,.24285714,.45714286,.64142859,.50999999,.42571428,.58571428,.40571427,.48571429,.45142856,.47428572,.54428571,.34142858,.53571427,.46857142,.50999999,.64999998,.44857141,.50999999,.6242857,.59714288,.47714287,.55857146,.57428569,.57428569,.39857143,.31285715,.56,.42142856,.44571429,.59571427,.5057143,.45571429,.39285713,.38857144,.46571428,.5714286,.43571427,.35285714,.45285714,.5057143,.55000001,.63571429,0,0,445,Neutral
448,.41142857,.44571429,.44571429,.4642857,.44571429,.30285713,.2857143,.14285715,.44571429,.42857143,.44571429,.34,.39285713,.48285714,.30285713,.4642857,.42857143,.2857143,.26857144,.32142857,.41142857,.14285715,.42857143,.42857143,.26857144,.14285715,.44571429,.44571429,.4642857,.34,.37428573,.19714285,.4642857,.30285713,.41142857,.52714288,.44428572,.25999999,.23714286,.30000001,.26285714,.34,.63,.23571429,.38857144,.47857141,.31428573,.56142855,.20571429,.26142856,.31,.19142857,.17714286,.28142858,.35857144,.2557143,.26428571,.45571429,.19142857,.21285714,.40142858,.34999999,.47,.2742857,.23428571,.26714286,.25714287,.22428571,.46285716,.58999997,.59857142,.34714285,.64999998,.46285716,.63428569,.47999999,.58428574,.49571428,.37571427,.57999998,.49142858,.53857142,.60000002,.6242857,.51999998,.55000001,.6242857,.54285717,.50714284,.58714288,.53285712,.57714283,.36571428,.55571431,.54857141,.50142854,.52714288,.51571429,.51285714,.43571427,.39714286,.54000002,.55857146,.47428572,.52428573,.46857142,.61000001,.53428572,.53428572,0,0,448,Neutral
444,.31214285,.44178569,.30321428,.41535714,.39750001,.18714285,.18285716,.14285715,.30785716,.37964284,.29464287,.24571429,.25035715,.3125,.2857143,.39285713,.32142857,.27214286,.16928571,.30321428,.31678572,.16035715,.29857144,.36214286,.17857143,.14285715,.41071427,.41535714,.42892855,.29000002,.28142858,.1825,.37964284,.2589286,.29928571,.4432143,.29107144,.20142856,.18714286,.27250001,.3117857,.31392857,.55535716,.20785715,.29035714,.35928571,.21892858,.5014286,.17357144,.44857144,.26035714,.20571429,.1675,.29571429,.35071427,.24285714,.24321428,.33571428,.19357143,.21178572,.32357144,.315,.39214286,.37071428,.24571429,.28749999,.21857142,.28714284,.3742857,.47714287,.40607142,.37892857,.54107141,.38214284,.42678571,.37714285,.42571428,.34357142,.24285714,.50642854,.38428572,.40892857,.54642856,.37714285,.4642857,.53000003,.4407143,.32607144,.4382143,.47750002,.45035714,.36892858,.25464284,.45107144,.29357141,.45571429,.53178573,.42464286,.35321429,.27285713,.31321427,.45428571,.37607142,.3775,.30000001,.38928571,.43107143,.41035715,.38571429,0,0,444,Neutral
438,.31214285,.44178569,.30321428,.41535714,.39750001,.18714285,.18285716,.14285715,.30785716,.37964284,.29464287,.24571429,.25035715,.3125,.2857143,.39285713,.32142857,.27214286,.16928571,.30321428,.31678572,.16035715,.29857144,.36214286,.17857143,.14285715,.41071427,.41535714,.42892855,.29000002,.28142858,.1825,.37964284,.2589286,.29928571,.4432143,.29107144,.20142856,.18714286,.27250001,.3117857,.31392857,.55535716,.20785715,.29035714,.35928571,.21892858,.5014286,.17357144,.44857144,.26035714,.20571429,.1675,.29571429,.35071427,.24285714,.24321428,.33571428,.19357143,.21178572,.32357144,.315,.39214286,.37071428,.24571429,.28749999,.21857142,.28714284,.3742857,.47714287,.40607142,.37892857,.54107141,.38214284,.42678571,.37714285,.42571428,.34357142,.24285714,.50642854,.38428572,.40892857,.54642856,.37714285,.4642857,.53000003,.4407143,.32607144,.4382143,.47750002,.45035714,.36892858,.25464284,.45107144,.29357141,.45571429,.53178573,.42464286,.35321429,.27285713,.31321427,.45428571,.37607142,.3775,.30000001,.38928571,.43107143,.41035715,.38571429,0,0,438,Neutral
443,.31214285,.44178569,.30321428,.41535714,.39750001,.18714285,.18285716,.14285715,.30785716,.37964284,.29464287,.24571429,.25035715,.3125,.2857143,.39285713,.32142857,.27214286,.16928571,.30321428,.31678572,.16035715,.29857144,.36214286,.17857143,.14285715,.41071427,.41535714,.42892855,.29000002,.28142858,.1825,.37964284,.2589286,.29928571,.4432143,.29107144,.20142856,.18714286,.27250001,.3117857,.31392857,.55535716,.20785715,.29035714,.35928571,.21892858,.5014286,.17357144,.44857144,.26035714,.20571429,.1675,.29571429,.35071427,.24285714,.24321428,.33571428,.19357143,.21178572,.32357144,.315,.39214286,.37071428,.24571429,.28749999,.21857142,.28714284,.3742857,.47714287,.40607142,.37892857,.54107141,.38214284,.42678571,.37714285,.42571428,.34357142,.24285714,.50642854,.38428572,.40892857,.54642856,.37714285,.4642857,.53000003,.4407143,.32607144,.4382143,.47750002,.45035714,.36892858,.25464284,.45107144,.29357141,.45571429,.53178573,.42464286,.35321429,.27285713,.31321427,.45428571,.37607142,.3775,.30000001,.38928571,.43107143,.41035715,.38571429,0,0,443,Neutral
447,.42075631,.51827729,.40844539,.4364706,.4552941,.20689076,.19684875,.15436976,.39369747,.42436975,.38184875,.22701681,.26042017,.30941176,.3087815,.45991597,.32579833,.26882353,.2079832,.32563025,.35920167,.18168068,.30920169,.45983192,.19008404,.26781514,.48260504,.48991597,.48151261,.31663865,.3097479,.22210084,.42386556,.27008402,.44163865,.37542018,.42063025,.32857144,.1912605,.26936975,.31197479,.39756301,.58613443,.2107563,.26655462,.4229832,.22063026,.53718489,.1822689,.19579832,.25668067,.20848739,.18109244,.32655463,.32815126,.26058823,.42726889,.30504203,.25983194,.23105042,.26168066,.41760504,.39836136,.27252102,.31126049,.30025211,.38693276,.25827733,.43567225,.63819331,.43210083,.42029411,.60651261,.37882352,.44100839,.40298319,.45327732,.5894118,.26369748,.55907565,.40773109,.54714286,.61533612,.37542015,.49483192,.567563,.49626049,.47823527,.48105043,.5444538,.54012609,.35310924,.3090336,.534958,.40386555,.54050422,.50373948,.50873947,.38512605,.28869748,.28466386,.45428571,.45281512,.31247899,.29016808,.44403362,.48294118,.53445381,.48672268,0,0,447,Neutral
446,.42075631,.51827729,.40844539,.4364706,.4552941,.20689076,.19684875,.15436976,.39369747,.42436975,.38184875,.22701681,.26042017,.30941176,.3087815,.45991597,.32579833,.26882353,.2079832,.32563025,.35920167,.18168068,.30920169,.45983192,.19008404,.26781514,.48260504,.48991597,.48151261,.31663865,.3097479,.22210084,.42386556,.27008402,.44163865,.37542018,.42063025,.32857144,.1912605,.26936975,.31197479,.39756301,.58613443,.2107563,.26655462,.4229832,.22063026,.53718489,.1822689,.19579832,.25668067,.20848739,.18109244,.32655463,.32815126,.26058823,.42726889,.30504203,.25983194,.23105042,.26168066,.41760504,.39836136,.27252102,.31126049,.30025211,.38693276,.25827733,.43567225,.63819331,.43210083,.42029411,.60651261,.37882352,.44100839,.40298319,.45327732,.5894118,.26369748,.55907565,.40773109,.54714286,.61533612,.37542015,.49483192,.567563,.49626049,.47823527,.48105043,.5444538,.54012609,.35310924,.3090336,.534958,.40386555,.54050422,.50373948,.50873947,.38512605,.28869748,.28466386,.45428571,.45281512,.31247899,.29016808,.44403362,.48294118,.53445381,.48672268,0,0,446,Neutral
458,.41057143,.47857141,.37142858,.41085714,.41428572,.15371428,.22857143,.14285715,.35685715,.4037143,.35371429,.22857143,.25028571,.31085715,.26800001,.41057143,.35714287,.18571429,.27828571,.27142859,.37485716,.16085714,.25714287,.4177143,.14285715,.18914287,.45342857,.42485714,.48914284,.29285714,.28942859,.22885714,.40028572,.20742857,.35742858,.39771429,.30571428,.25428572,.16685714,.37371427,.29028571,.25800002,.58828568,.27714285,.26114285,.3762857,.22257143,.48571429,.24085714,.16657142,.204,.17228572,.18314286,.24399999,.29342857,.23942856,.23685713,.3182857,.18828571,.20314285,.31800002,.33285713,.32857144,.42885715,.25742859,.21800001,.22342856,.24628571,.33142859,.49971429,.38942856,.39285713,.43942857,.33114287,.412,.33171427,.37599999,.37114286,.24285714,.51800001,.37457144,.35114285,.49200001,.35714287,.42542857,.45685714,.37228569,.39714286,.382,.458,.42971429,.32085714,.23942858,.45657143,.32257143,.46114287,.54114288,.31799999,.40628573,.24542856,.23942856,.45114285,.42057142,.44742858,.29714286,.50542855,.40514287,.49542856,.32600001,0,0,458,Neutral
459,.34104308,.47369614,.34467119,.42555556,.40761906,.20235828,.1760771,.14795919,.32725623,.36963719,.28437641,.20124717,.22165534,.31712019,.29575965,.43820861,.34489796,.2692517,.19782314,.30027211,.35904762,.16820861,.27401361,.39947847,.20446712,.15494332,.43272108,.44068027,.47408164,.26548752,.27702948,.17213152,.37739229,.25229025,.3537415,.39637187,.31428573,.16557823,.19598639,.19145124,.32566893,.37111109,.54950112,.23009071,.28986394,.34020409,.24766439,.46848071,.22938776,.20768708,.23294784,.20206349,.19387755,.26492062,.42557824,.29208618,.19646259,.30297053,.20090704,.18759637,.28544217,.31269842,.3764399,.33848074,.24764173,.26428571,.20961452,.23612244,.31219953,.39643991,.37632653,.3812018,.52160996,.35811791,.39537415,.28911564,.38421768,.3502948,.21814059,.49680272,.29988661,.38224491,.53170067,.34895691,.41428572,.46544218,.4105669,.35666665,.4131746,.45027211,.41870749,.31165531,.21832199,.38648525,.31886622,.41594103,.51789117,.41267574,.31090704,.27342403,.26780045,.41117913,.35605443,.30387756,.26458049,.37850338,.41142857,.4105669,.38666666,0,0,459,Neutral
486,.36904761,.42285714,.39857143,.41666666,.44047618,.36904761,.34523809,.16047619,.35142857,.39285713,.31523809,.22619048,.25047618,.35095239,.28,.40476191,.31,.47,.18476191,.44619048,.32190478,.14285715,.33952382,.37476191,.32142857,.2557143,.37523809,.38666669,.42857143,.29761904,.2857143,.22,.40428573,.33904761,.32142857,.40380952,.31809524,.39333335,.23904762,.35761905,.26571429,.28476191,.49428573,.27952382,.28333333,.36761907,.28952381,.45285714,.17428571,.18761905,.20761904,.28952381,.18380952,.3409524,.37523809,.44095239,.19428571,.29142857,.17476191,.2857143,.40523809,.22190477,.41761905,.30809525,.19428572,.24809524,.18380953,.38285714,.36476192,.44,.42809522,.36714286,.47238097,.53095239,.41142857,.40190476,.37047619,.38142857,.24142857,.47047618,.4252381,.49380952,.56142861,.35142857,.56761903,.53571427,.57523811,.3595238,.44904763,.52428573,.51857144,.34761906,.58142859,.47047621,.29714286,.56476188,.42904761,.41190478,.31952381,.25714287,.49000001,.37952381,.45238096,.35809523,.25952381,.45428571,.43476191,.50142854,.23809524,0,0,486,Neutral
485,.44571429,.55428571,.44571429,.53571427,.53571427,.32142857,.32142857,.19714285,.4642857,.4642857,.44571429,.32142857,.41142857,.55428571,.41142857,.5714286,.41142857,.42857143,.30285713,.42857143,.44571429,.23142858,.44571429,.44571429,.30285713,.23142858,.44571429,.4642857,.53571427,.41142857,.41142857,.26857144,.5714286,.32142857,.42857143,.55000001,.4342857,.42428571,.45571429,.46285716,.30142859,.42714286,.5714286,.43714285,.33857143,.47,.38428572,.56,.18428572,.19142857,.32714286,.38999999,.20714286,.39571428,.52999997,.49285713,.23857144,.50142854,.22285715,.32428572,.38857144,.40714285,.52857143,.30714285,.29857144,.31428573,.27857143,.38142857,.41285715,.39142856,.55285716,.51999998,.61714286,.51285714,.62285715,.50142854,.56714284,.5714286,.44,.54571426,.50428569,.59571427,.60857141,.59285712,.5642857,.59428573,.58285713,.51285714,.54714286,.6185714,.59428573,.55142856,.61714286,.58285713,.43142858,.5657143,.53714287,.53142858,.50714284,.43571427,.5057143,.5,.63428569,.39857143,.51428574,.52142859,.54571426,.56714284,.41857144,0,0,485,Neutral
455,.44571429,.53571427,.4642857,.44571429,.53571427,.32142857,.30285713,.14285715,.41142857,.44571429,.39285713,.30285713,.30285713,.42857143,.37428573,.51714283,.44571429,.42857143,.26857144,.42857143,.44571429,.14285715,.37428573,.42857143,.32142857,.2857143,.4642857,.48285714,.51714283,.41142857,.37428573,.23142858,.5,.35714287,.51714283,.34714285,.34714285,.41999999,.34571427,.42285714,.24285714,.28142858,.54571426,.24857143,.31285715,.32714286,.24857143,.44,.15285714,.2742857,.23428571,.33285713,.18285714,.41285715,.36428571,.37428573,.17142858,.29428571,.18428572,.27857143,.32857144,.27285713,.44428572,.41,.20428571,.23571429,.16142857,.31,.40857142,.35714287,.36142856,.55285716,.5714286,.39142856,.35428572,.44142857,.39285713,.51999998,.24571429,.52714288,.45428571,.50428569,.61428571,.37142858,.50428569,.61285716,.59285712,.39714286,.44571429,.57857144,.54142857,.39142856,.60000002,.51285714,.38571429,.53571427,.55571431,.47428572,.35857144,.26571429,.38999999,.4642857,.50428569,.4642857,.28142858,.47999999,.41857144,.53428572,.35714287,0,0,455,Neutral
453,.36285716,.44047618,.32976189,.40761906,.41666666,.26785713,.25928572,.14285715,.30952382,.33904761,.29500002,.18428572,.21428572,.31238097,.20238096,.38976192,.30380952,.30047619,.20285714,.32095236,.31523812,.14285715,.30047619,.3604762,.26785713,.16666667,.38976192,.41095239,.40119046,.28285715,.25285715,.15761906,.40428573,.2947619,.32714286,.36142856,.24785712,.22333333,.25999999,.32595238,.25809523,.25952381,.49095237,.22,.22952381,.28857142,.22547619,.4357143,.17404762,.23619047,.25690478,.20642856,.19166666,.28595239,.28190476,.32071429,.19833332,.27119046,.20166667,.23333332,.29023808,.23190475,.43166667,.22880952,.20904762,.25904763,.22,.26833332,.30404761,.38428572,.34,.36071429,.46166667,.37809524,.34380952,.34761906,.36833334,.35142857,.20119047,.43523809,.34476191,.40357143,.47119045,.28857142,.48809522,.42761904,.46952379,.30809522,.34714288,.43261904,.43357143,.3157143,.33261907,.44595239,.26523811,.51714283,.43333334,.33357143,.29904762,.23619047,.3092857,.36285713,.405,.27761906,.22785714,.35309523,.33428571,.39476192,.26619047,0,0,453,Neutral
457,.35714287,.48285714,.32142857,.35714287,.41142857,.2857143,.26857144,.14285715,.23142858,.42857143,.26857144,.25,.2857143,.2857143,.26857144,.41142857,.2857143,.26857144,.30285713,.2857143,.32142857,.14285715,.26857144,.39285713,.26857144,.17857143,.44571429,.44571429,.44571429,.25,.23142858,.21428572,.37428573,.2857143,.2857143,.45142856,.34285715,.20857143,.14285715,.33000001,.32857144,.31,.6314286,.33857143,.43285716,.36571428,.23,.44857141,.18142857,.20714286,.23999999,.18142857,.15285714,.32428572,.40285715,.30142859,.17857143,.31999999,.16571428,.17571428,.38714287,.42857143,.34142858,.37857142,.15714286,.26571429,.24428572,.28,.34857142,.4942857,.28,.43714285,.33571428,.41857144,.35857144,.36571428,.31714284,.24428572,.17857143,.53571427,.37,.45714286,.43142858,.27000001,.49285713,.37714285,.44714287,.32428572,.45857143,.48428571,.37285715,.30142859,.21285714,.36000001,.23857144,.55000001,.66714287,.39285713,.34428573,.36857143,.38285714,.39857143,.43285716,.32428572,.24857143,.55428571,.29714286,.46714285,.20428571,0,0,457,Neutral
468,.42857143,.52714288,.45928571,.50428569,.495,.14285715,.14285715,.14285715,.42892855,.46392858,.41964287,.25428569,.27678573,.37535715,.27642858,.53571427,.46821427,.22321428,.24535716,.27250001,.46928573,.17,.27678573,.43714285,.14285715,.20107143,.51321423,.54464287,.51785713,.36642855,.37964284,.25928572,.49071425,.23214287,.43285716,.47,.39678571,.22464284,.19499999,.22928572,.35821429,.35464287,.55500001,.23678571,.29928571,.52285713,.23071429,.53750002,.25357145,.31857145,.23607144,.24785715,.22392857,.35392857,.32535714,.21142858,.36892858,.40642858,.30535716,.19892856,.2525,.45142856,.49928573,.24035713,.42107144,.31714284,.39142859,.31857142,.36785716,.65821427,.4725,.43714285,.57285714,.25392857,.48642856,.44642857,.47571427,.48499998,.20750001,.56571424,.34785715,.45607144,.54464287,.40964288,.39214286,.51964283,.45357144,.3807143,.42142856,.55857146,.50107145,.38392857,.3117857,.55428571,.40464285,.4732143,.41142857,.4367857,.38214284,.22,.21250001,.50285715,.49392855,.3125,.30500001,.49642855,.47964287,.46571428,.38499999,0,0,468,Neutral
462,.37428573,.44571429,.35714287,.42857143,.39285713,.14285715,.14285715,.14285715,.23142858,.34,.23142858,.14285715,.14285715,.34,.26857144,.39285713,.41142857,.23142858,.17857143,.2857143,.41142857,.19714285,.2857143,.39285713,.14285715,.14285715,.4642857,.48285714,.4642857,.2857143,.2857143,.14285715,.35714287,.26857144,.32142857,.37857142,.31857142,.17714286,.16428572,.17714286,.43857142,.35285714,.60714287,.17428571,.33857143,.34428573,.22285715,.48428571,.23857144,.29857144,.18428572,.26285714,.2742857,.23857144,.33142856,.22142857,.16714285,.27714285,.21571429,.19857143,.22428571,.31142858,.46285716,.41428572,.22714286,.28,.17,.23428571,.29142857,.44428572,.35285714,.42857143,.45285714,.40857142,.36000001,.26285714,.36714286,.39285713,.18285714,.45285714,.3157143,.33142856,.50999999,.33000001,.34428573,.46571428,.36285713,.33142856,.35428572,.42285714,.38,.31428573,.17857143,.32857144,.33142856,.36571428,.56857145,.33142856,.29428571,.28857142,.25999999,.44428572,.34285715,.41285715,.24857143,.32428572,.40285715,.41285715,.38571429,0,0,462,Neutral
773,.39965609,.51214945,.41627645,.47705024,.45337301,.16844577,.17322752,.14285715,.39502975,.42752975,.36682209,.23851852,.26631945,.35823083,.2848016,.47289681,.40061176,.24710648,.24708003,.29073742,.41904101,.17978175,.27084988,.42537037,.15819445,.20165674,.51215273,.51233137,.52214944,.33611771,.33413029,.23406085,.44039682,.23562832,.40332672,.43208334,.39792657,.2407705,.18914682,.23650132,.37098214,.36586311,.59570104,.21619378,.30837962,.44597882,.21780424,.53077048,.2575992,.24785054,.24072421,.28307539,.25485119,.34018847,.33717263,.22529101,.29252976,.34566799,.29895172,.20206018,.26223215,.40884259,.44761905,.33349538,.35004961,.30911374,.31940478,.34519181,.37628308,.57821095,.45000991,.49900794,.54919976,.33013558,.45955688,.41089946,.43876323,.48191798,.21262898,.56188488,.36743388,.44803903,.57942128,.40085649,.42484787,.51816469,.42835319,.40849206,.44639549,.53386247,.48073083,.37963295,.34073082,.50917327,.41625991,.45728505,.53197753,.44080356,.38732141,.24853836,.25400463,.46958333,.47760251,.37858135,.30681878,.47952381,.47291335,.48768517,.43099868,0,0,773,Neutral
466,.42857143,.52714288,.45928571,.50428569,.495,.14285715,.14285715,.14285715,.42892855,.46392858,.41964287,.25428569,.27678573,.37535715,.27642858,.53571427,.46821427,.22321428,.24535716,.27250001,.46928573,.17,.27678573,.43714285,.14285715,.20107143,.51321423,.54464287,.51785713,.36642855,.37964284,.25928572,.49071425,.23214287,.43285716,.47,.39678571,.22464284,.19499999,.22928572,.35821429,.35464287,.55500001,.23678571,.29928571,.52285713,.23071429,.53750002,.25357145,.31857145,.23607144,.24785715,.22392857,.35392857,.32535714,.21142858,.36892858,.40642858,.30535716,.19892856,.2525,.45142856,.49928573,.24035713,.42107144,.31714284,.39142859,.31857142,.36785716,.65821427,.4725,.43714285,.57285714,.25392857,.48642856,.44642857,.47571427,.48499998,.20750001,.56571424,.34785715,.45607144,.54464287,.40964288,.39214286,.51964283,.45357144,.3807143,.42142856,.55857146,.50107145,.38392857,.3117857,.55428571,.40464285,.4732143,.41142857,.4367857,.38214284,.22,.21250001,.50285715,.49392855,.3125,.30500001,.49642855,.47964287,.46571428,.38499999,0,0,466,Neutral
175,.43714285,.51785713,.42857143,.5,.44642857,.19642857,.21428572,.14285715,.55357146,.42857143,.45499998,.22285715,.31214285,.39285713,.27642858,.5,.35714287,.24071428,.31285715,.26785713,.43714285,.18785715,.26857144,.42857143,.1607143,.23142858,.56285715,.51785713,.53571427,.3757143,.35714287,.25928572,.43785715,.26857144,.41928571,.38214284,.38428569,.28357142,.17428571,.20571429,.35571426,.3807143,.54642856,.24857143,.27285713,.50285715,.20357142,.56214285,.29142857,.19642857,.20285714,.22857143,.22357142,.3742857,.35714287,.25428572,.315,.3214286,.2792857,.22142857,.26642856,.44785714,.42928571,.345,.33642858,.28142858,.36428571,.29214287,.42785713,.54357141,.54928571,.49571431,.55071431,.35142857,.49571428,.49357143,.44928572,.51071429,.21142858,.60500002,.35499999,.46142858,.60071433,.4407143,.47,.45571429,.40428573,.48785716,.47642857,.53000003,.48571426,.43857145,.27214286,.55214286,.44214284,.57714283,.58642858,.44214287,.45857143,.28642857,.28642857,.47071427,.56214285,.45214283,.39285713,.59500003,.55428571,.56142855,.45571429,0,0,175,Neutral
461,.36642855,.50928569,.3742857,.47285712,.43785715,.14285715,.17857143,.14285715,.3757143,.41928571,.36642855,.25,.26785713,.33928573,.33928573,.42000002,.3742857,.23142856,.26785713,.28571427,.43714285,.18714286,.20500001,.44642857,.14285715,.1607143,.49071428,.48214287,.55428571,.31214285,.31285715,.23142858,.43714285,.14285715,.38357145,.435,.41142857,.22071429,.20785713,.16928571,.40428573,.34142858,.63357145,.215,.31142858,.40285712,.17857143,.51499999,.36571431,.19071428,.30500001,.47714287,.45714286,.26857144,.31214285,.21357143,.19357143,.31928572,.30571431,.17571428,.26214287,.30571431,.37714285,.47500002,.36071429,.26499999,.21642858,.44428569,.32499999,.38785714,.38428572,.57214284,.51428568,.26857144,.38857144,.35642856,.36357144,.36285713,.185,.58357143,.36642858,.33928573,.6192857,.35714287,.29285714,.52928573,.31714284,.40214285,.42285717,.45999998,.42928571,.3157143,.28785715,.40571427,.37857142,.29428571,.60642862,.41928571,.33428574,.21642858,.21571428,.36642855,.40857142,.40499997,.22285715,.44499999,.39571428,.44499999,.41785714,0,0,461,Neutral
406,.42857143,.52714288,.45928571,.50428569,.495,.14285715,.14285715,.14285715,.42892855,.46392858,.41964287,.25428569,.27678573,.37535715,.27642858,.53571427,.46821427,.22321428,.24535716,.27250001,.46928573,.17,.27678573,.43714285,.14285715,.20107143,.51321423,.54464287,.51785713,.36642855,.37964284,.25928572,.49071425,.23214287,.43285716,.47,.39678571,.22464284,.19499999,.22928572,.35821429,.35464287,.55500001,.23678571,.29928571,.52285713,.23071429,.53750002,.25357145,.31857145,.23607144,.24785715,.22392857,.35392857,.32535714,.21142858,.36892858,.40642858,.30535716,.19892856,.2525,.45142856,.49928573,.24035713,.42107144,.31714284,.39142859,.31857142,.36785716,.65821427,.4725,.43714285,.57285714,.25392857,.48642856,.44642857,.47571427,.48499998,.20750001,.56571424,.34785715,.45607144,.54464287,.40964288,.39214286,.51964283,.45357144,.3807143,.42142856,.55857146,.50107145,.38392857,.3117857,.55428571,.40464285,.4732143,.41142857,.4367857,.38214284,.22,.21250001,.50285715,.49392855,.3125,.30500001,.49642855,.47964287,.46571428,.38499999,0,0,406,Neutral
469,.38345239,.50538689,.39860117,.45744047,.43589285,.20907739,.20809524,.14285715,.38424107,.42870536,.33409226,.25904763,.29683036,.35221726,.2819643,.45803571,.35043156,.29108632,.27489585,.34135416,.35139883,.17401786,.3032887,.41452381,.18080357,.26691964,.4902232,.49709821,.52360117,.32467261,.30912203,.24505952,.42392856,.26497024,.40711311,.43258929,.4190625,.32293156,.19080357,.34782737,.34281251,.3572768,.61422622,.20126487,.31735119,.41440475,.23154762,.50578868,.20205358,.18068452,.22236608,.24348214,.20129465,.40995535,.3478125,.24238095,.31441963,.31943452,.36903274,.22266369,.29736608,.45907736,.41964287,.31483632,.35254464,.32494047,.36482143,.35693452,.42220238,.63462794,.42950892,.54267859,.55389881,.40400296,.47979167,.4447619,.43550596,.56470239,.25093749,.56669641,.4220238,.53421128,.6075744,.40617561,.52967262,.55156249,.48294643,.44785714,.49985117,.57809526,.52811015,.41924107,.48418155,.54377979,.46227679,.49974701,.57925594,.50522321,.40866071,.26520833,.30284226,.47848216,.49296129,.38343748,.3113988,.48678571,.4818601,.52458334,.46270832,0,0,469,Neutral
454,.38345239,.50538689,.39860117,.45744047,.43589285,.20907739,.20809524,.14285715,.38424107,.42870536,.33409226,.25904763,.29683036,.35221726,.2819643,.45803571,.35043156,.29108632,.27489585,.34135416,.35139883,.17401786,.3032887,.41452381,.18080357,.26691964,.4902232,.49709821,.52360117,.32467261,.30912203,.24505952,.42392856,.26497024,.40711311,.43258929,.4190625,.32293156,.19080357,.34782737,.34281251,.3572768,.61422622,.20126487,.31735119,.41440475,.23154762,.50578868,.20205358,.18068452,.22236608,.24348214,.20129465,.40995535,.3478125,.24238095,.31441963,.31943452,.36903274,.22266369,.29736608,.45907736,.41964287,.31483632,.35254464,.32494047,.36482143,.35693452,.42220238,.63462794,.42950892,.54267859,.55389881,.40400296,.47979167,.4447619,.43550596,.56470239,.25093749,.56669641,.4220238,.53421128,.6075744,.40617561,.52967262,.55156249,.48294643,.44785714,.49985117,.57809526,.52811015,.41924107,.48418155,.54377979,.46227679,.49974701,.57925594,.50522321,.40866071,.26520833,.30284226,.47848216,.49296129,.38343748,.3113988,.48678571,.4818601,.52458334,.46270832,0,0,454,Neutral
464,.36642855,.54428571,.41142857,.46428573,.44642857,.18714286,.17857143,.14285715,.33928573,.41071427,.32142857,.25,.25,.32142857,.2857143,.42000002,.35714287,.26857144,.17857143,.27714285,.375,.18785715,.24142858,.42000002,.18714286,.14285715,.57142854,.5,.54428571,.30285713,.29428571,.20500001,.41142857,.21428573,.39285713,.41785714,.43857142,.16571429,.18928573,.19285715,.38,.4392857,.68071425,.19499999,.31999999,.36642855,.2,.59142858,.25785714,.22785714,.32142857,.34857142,.26428571,.29857141,.36214286,.21928573,.22142857,.33499998,.23571429,.18071428,.255,.34214288,.42214286,.41642857,.25785714,.35428572,.22,.46642858,.39428574,.58428574,.48714286,.59785712,.59857142,.37285712,.47285718,.35642856,.47071427,.48642856,.21000001,.58500004,.38214287,.46357143,.63571429,.43857142,.48071426,.55071425,.44428572,.41714287,.5,.56,.47214288,.35785714,.42428571,.54571426,.45571429,.45928571,.63357139,.45357144,.435,.255,.28071427,.47928572,.51714289,.43285716,.35928571,.48857141,.5007143,.52357143,.53928572,0,0,464,Neutral
473,.47,.51142859,.48857144,.5,.55428571,.30428571,.3157143,.15428571,.45857143,.53571427,.4342857,.41142857,.40428573,.5,.38714287,.54142857,.4642857,.41,.33857143,.44714287,.4642857,.23285714,.42285714,.4942857,.29714286,.41142857,.41,.4757143,.55285716,.44,.45142856,.25,.51857144,.34,.45285714,.58999997,.38714287,.54571426,.39857143,.44285715,.30857143,.36571428,.46000001,.38142857,.47,.46000001,.41428572,.48428571,.15857142,.48142856,.24285714,.33857143,.20857143,.41,.51857144,.4642857,.23285714,.48428571,.25285715,.31285715,.55714285,.35428572,.40857142,.47,.26142856,.26714286,.22571428,.42428571,.52857143,.38571429,.48857144,.52999997,.58428574,.49285713,.55000001,.52999997,.46285716,.52571428,.31285715,.54000002,.50428569,.5057143,.55571431,.51142859,.49571428,.54571426,.53428572,.47999999,.48142856,.63285714,.53142858,.55000001,.52571428,.60571426,.47142857,.47857141,.41714287,.48714286,.40714285,.39714286,.45714286,.49714285,.56142855,.47285715,.45285714,.55714285,.49714285,.52857143,.44142857,0,0,473,Neutral
487,.40214285,.43714285,.40142858,.42857143,.43785715,.17857143,.19571429,.15142858,.41928571,.43714285,.39285713,.25,.26785713,.33000001,.27714288,.44571429,.3214286,.24071428,.19642857,.27714288,.34,.16928571,.29428571,.42000002,.1607143,.23214287,.42857143,.41071427,.45571429,.35714287,.35714287,.24071428,.39285713,.25928572,.40214285,.40428573,.41928571,.35500002,.22357142,.27428573,.30214286,.33214286,.58928573,.22571428,.30357143,.44428575,.24285713,.44142857,.18785715,.20285714,.21285714,.24214286,.19214286,.27857143,.32857144,.28,.29928571,.34428573,.20857143,.19642857,.28285712,.40785715,.35285714,.35214287,.28928572,.24357143,.27642858,.24857143,.35785714,.45499998,.42785716,.49357146,.57642859,.27285713,.41357142,.44285715,.40428573,.50785714,.19357143,.52928567,.37,.42642856,.57571429,.36214286,.51499999,.5592857,.435,.48642856,.48357144,.56357145,.5071429,.37,.35357141,.5071429,.40000001,.59428573,.52499998,.43857142,.4342857,.20642857,.23357143,.43928573,.44714284,.39499998,.27214286,.51928574,.5007143,.47857141,.39642859,0,0,487,Neutral
463,.40809524,.52809525,.40476191,.45412698,.4504762,.2004762,.18650794,.14476191,.37714285,.41238096,.32333332,.22666667,.23269841,.34111112,.3052381,.49253967,.39333335,.34158731,.23793651,.39301586,.40666667,.1911111,.37476191,.45809525,.1984127,.22857143,.49238095,.49603173,.54142857,.29984128,.30158731,.22428572,.41650793,.32142857,.41460317,.40396824,.35015872,.20968254,.22698413,.25523809,.33412698,.3863492,.53238094,.27507937,.28269842,.37984127,.30492064,.56476194,.17095238,.23476191,.31920636,.35349205,.20301588,.37031746,.33809525,.34968254,.28619048,.36301586,.22650793,.27857143,.32063493,.38285714,.53603172,.31650794,.28095239,.34380952,.28809524,.52714288,.38968253,.47174603,.3336508,.3815873,.50269842,.30968255,.36412698,.31888887,.3652381,.41031748,.22492065,.51269841,.37412697,.48380953,.59317458,.32777777,.44126984,.54317462,.51682544,.36412698,.42634919,.53714287,.48650792,.30063492,.34793651,.45888889,.30142859,.47333333,.47380951,.43682539,.32920635,.26190475,.28365079,.50650793,.39285713,.30634922,.2236508,.38142857,.37952381,.4731746,.35539681,0,.33333334,463,Brown
456,.41964287,.55428571,.46928573,.51071429,.54071426,.15642858,.14964285,.14285715,.46249998,.46928573,.41071427,.28357142,.31035715,.51107144,.31642854,.4910714,.44357145,.21642858,.23,.33071429,.48214287,.19035715,.36821428,.48214287,.1607143,.21214285,.48892856,.52678573,.54035711,.41071427,.40178573,.2182143,.4992857,.26178572,.44142857,.53464282,.43107146,.19535714,.21142857,.26964286,.34357142,.35214287,.65499997,.21964286,.38357142,.47714284,.20964286,.53535712,.19142857,.17428571,.19857143,.19892856,.15964285,.32035714,.43857145,.29607141,.24857143,.47071427,.29535717,.18428572,.24785714,.43642858,.40464288,.41607141,.32178569,.28214285,.28928572,.26642859,.36571431,.46321428,.50285715,.47749999,.62607145,.31678569,.47464284,.37214285,.48392856,.47892857,.20928571,.60285711,.35035715,.5607143,.62035716,.47857141,.37,.5632143,.44464284,.41392857,.50714284,.61464286,.46142858,.45821428,.27750003,.55714285,.52035713,.38964286,.55142856,.50107145,.36857143,.29750001,.30035716,.53142858,.48857144,.4342857,.44714284,.47107142,.5121429,.46678573,.5025,0,0,456,Neutral
474,.47,.51142859,.48857144,.5,.55428571,.30428571,.3157143,.15428571,.45857143,.53571427,.4342857,.41142857,.40428573,.5,.38714287,.54142857,.4642857,.41,.33857143,.44714287,.4642857,.23285714,.42285714,.4942857,.29714286,.41142857,.41,.4757143,.55285716,.44,.45142856,.25,.51857144,.34,.45285714,.58999997,.38714287,.54571426,.39857143,.44285715,.30857143,.36571428,.46000001,.38142857,.47,.46000001,.41428572,.48428571,.15857142,.48142856,.24285714,.33857143,.20857143,.41,.51857144,.4642857,.23285714,.48428571,.25285715,.31285715,.55714285,.35428572,.40857142,.47,.26142856,.26714286,.22571428,.42428571,.52857143,.38571429,.48857144,.52999997,.58428574,.49285713,.55000001,.52999997,.46285716,.52571428,.31285715,.54000002,.50428569,.5057143,.55571431,.51142859,.49571428,.54571426,.53428572,.47999999,.48142856,.63285714,.53142858,.55000001,.52571428,.60571426,.47142857,.47857141,.41714287,.48714286,.40714285,.39714286,.45714286,.49714285,.56142855,.47285715,.45285714,.55714285,.49714285,.52857143,.44142857,0,0,474,Neutral
484,.36271429,.42690477,.38185716,.40147617,.435,.36123809,.33952382,.16638096,.32228571,.39514285,.29609525,.2237619,.23985715,.33223811,.27166665,.41638094,.30666667,.43590477,.19842857,.43523809,.31785715,.14761905,.38376191,.37347618,.35690477,.25400001,.32619047,.38352382,.41338095,.28080952,.27714285,.18780953,.36871427,.3757143,.33623809,.37047619,.31980953,.35938096,.28828573,.32300001,.26914287,.29557142,.3645238,.27980953,.30776191,.33252379,.27571428,.40147617,.16066666,.35461906,.20299999,.29838094,.21476191,.34104761,.35471427,.396,.2164762,.30004761,.18647619,.26023808,.40680951,.26209524,.37361905,.31390476,.21938096,.26528573,.20480952,.3637619,.33371428,.36328572,.35590476,.3567619,.48290476,.45690477,.40795237,.33361906,.39357144,.43009523,.23814285,.48171428,.3834762,.43390477,.48995239,.3849524,.54138094,.49952382,.4817619,.33123809,.41319048,.43533331,.47819048,.3672381,.48266667,.40609524,.32671428,.54314286,.34799999,.42552382,.31671429,.28400001,.40295237,.39466667,.35371429,.31690475,.23966667,.38738096,.40000001,.44209525,.32004762,.033333335,0,484,Green
476,.40725297,.47788692,.42477381,.44973016,.48032737,.27847025,.27273315,.15584524,.39286608,.44695833,.36047024,.28179762,.29238194,.39736211,.31101191,.47016567,.37586311,.36580557,.24209921,.40010914,.38886905,.18241568,.37928274,.43365476,.27310517,.28221428,.40105653,.44194147,.48541963,.34876588,.34935021,.21833035,.43149206,.33120537,.39657539,.45429066,.36677879,.3662014,.29049802,.33173513,.30055159,.33609721,.47377977,.29034027,.35414088,.40235516,.30164185,.46431845,.16867262,.32982737,.22816865,.29585615,.20202878,.35154861,.40081549,.38029066,.24364881,.38084126,.22444743,.25821429,.39825794,.34025002,.40394145,.37080455,.25912797,.27495834,.23995833,.37275001,.39644247,.40640575,.41365278,.43536806,.5403105,.40696925,.44702479,.39934325,.41998512,.46735218,.24599008,.52124798,.4066855,.47301191,.5463165,.4182758,.49273014,.5319593,.48879069,.40227479,.45243651,.5358839,.4940635,.41632044,.43480456,.49411112,.39309821,.50547916,.42856547,.45341569,.3620615,.30151489,.36759028,.45693851,.43907142,.37900794,.32095635,.45602679,.44833335,.47524506,.38716567,.012500001,.041666668,476,Brown
475,.40725297,.47788692,.42477381,.44973016,.48032737,.27847025,.27273315,.15584524,.39286608,.44695833,.36047024,.28179762,.29238194,.39736211,.31101191,.47016567,.37586311,.36580557,.24209921,.40010914,.38886905,.18241568,.37928274,.43365476,.27310517,.28221428,.40105653,.44194147,.48541963,.34876588,.34935021,.21833035,.43149206,.33120537,.39657539,.45429066,.36677879,.3662014,.29049802,.33173513,.30055159,.33609721,.47377977,.29034027,.35414088,.40235516,.30164185,.46431845,.16867262,.32982737,.22816865,.29585615,.20202878,.35154861,.40081549,.38029066,.24364881,.38084126,.22444743,.25821429,.39825794,.34025002,.40394145,.37080455,.25912797,.27495834,.23995833,.37275001,.39644247,.40640575,.41365278,.43536806,.5403105,.40696925,.44702479,.39934325,.41998512,.46735218,.24599008,.52124798,.4066855,.47301191,.5463165,.4182758,.49273014,.5319593,.48879069,.40227479,.45243651,.5358839,.4940635,.41632044,.43480456,.49411112,.39309821,.50547916,.42856547,.45341569,.3620615,.30151489,.36759028,.45693851,.43907142,.37900794,.32095635,.45602679,.44833335,.47524506,.38716567,.012500001,.041666668,475,Brown
479,.36271429,.42690477,.38185716,.40147617,.435,.36123809,.33952382,.16638096,.32228571,.39514285,.29609525,.2237619,.23985715,.33223811,.27166665,.41638094,.30666667,.43590477,.19842857,.43523809,.31785715,.14761905,.38376191,.37347618,.35690477,.25400001,.32619047,.38352382,.41338095,.28080952,.27714285,.18780953,.36871427,.3757143,.33623809,.37047619,.31980953,.35938096,.28828573,.32300001,.26914287,.29557142,.3645238,.27980953,.30776191,.33252379,.27571428,.40147617,.16066666,.35461906,.20299999,.29838094,.21476191,.34104761,.35471427,.396,.2164762,.30004761,.18647619,.26023808,.40680951,.26209524,.37361905,.31390476,.21938096,.26528573,.20480952,.3637619,.33371428,.36328572,.35590476,.3567619,.48290476,.45690477,.40795237,.33361906,.39357144,.43009523,.23814285,.48171428,.3834762,.43390477,.48995239,.3849524,.54138094,.49952382,.4817619,.33123809,.41319048,.43533331,.47819048,.3672381,.48266667,.40609524,.32671428,.54314286,.34799999,.42552382,.31671429,.28400001,.40295237,.39466667,.35371429,.31690475,.23966667,.38738096,.40000001,.44209525,.32004762,.033333335,0,479,Green
477,.36271429,.42690477,.38185716,.40147617,.435,.36123809,.33952382,.16638096,.32228571,.39514285,.29609525,.2237619,.23985715,.33223811,.27166665,.41638094,.30666667,.43590477,.19842857,.43523809,.31785715,.14761905,.38376191,.37347618,.35690477,.25400001,.32619047,.38352382,.41338095,.28080952,.27714285,.18780953,.36871427,.3757143,.33623809,.37047619,.31980953,.35938096,.28828573,.32300001,.26914287,.29557142,.3645238,.27980953,.30776191,.33252379,.27571428,.40147617,.16066666,.35461906,.20299999,.29838094,.21476191,.34104761,.35471427,.396,.2164762,.30004761,.18647619,.26023808,.40680951,.26209524,.37361905,.31390476,.21938096,.26528573,.20480952,.3637619,.33371428,.36328572,.35590476,.3567619,.48290476,.45690477,.40795237,.33361906,.39357144,.43009523,.23814285,.48171428,.3834762,.43390477,.48995239,.3849524,.54138094,.49952382,.4817619,.33123809,.41319048,.43533331,.47819048,.3672381,.48266667,.40609524,.32671428,.54314286,.34799999,.42552382,.31671429,.28400001,.40295237,.39466667,.35371429,.31690475,.23966667,.38738096,.40000001,.44209525,.32004762,.033333335,0,477,Green
488,.30285713,.39285713,.30285713,.35714287,.35714287,.14285715,.14285715,.14285715,.23142858,.32142857,.23142858,.16,.16,.19714285,.23142858,.41142857,.25,.21428572,.14285715,.23142858,.26857144,.14285715,.26857144,.32142857,.14285715,.17857143,.26857144,.30285713,.39285713,.26857144,.23142858,.14285715,.32142857,.21428572,.32142857,.32571429,.23142858,.19857143,.18571429,.24571429,.21142857,.28714284,.30428571,.17142858,.18428572,.38999999,.27571428,.43571427,.16857143,.39714286,.33714285,.17428571,.17714286,.19285715,.29714286,.42714286,.23857144,.27714285,.18571429,.22428571,.51714283,.20142858,.33142856,.26285714,.16857143,.17714286,.19285715,.28142858,.35285714,.34857142,.41142857,.34857142,.61142856,.40285715,.39571428,.28285715,.33000001,.41999999,.18857142,.43714285,.42428571,.46000001,.60285717,.39142856,.65714288,.61714286,.43285716,.38571429,.48428571,.45285714,.53428572,.32571429,.35142857,.45714286,.27000001,.53285712,.19142857,.48285714,.35857144,.21571429,.23428571,.37857142,.31142858,.28142858,.24857143,.33428571,.39142856,.40571427,.26571429,0,0,488,Neutral
489,.4642857,.53571427,.44571429,.44571429,.51714283,.14285715,.16,.14285715,.42857143,.4642857,.41142857,.23142858,.25,.37428573,.37428573,.53571427,.41142857,.35714287,.25,.4642857,.41142857,.21428572,.58857143,.53571427,.14285715,.39285713,.41142857,.39285713,.5,.44571429,.44571429,.25,.41142857,.2857143,.44571429,.47857141,.47285715,.35857144,.24142857,.30857143,.32714286,.41285715,.50142854,.24428572,.27571428,.41999999,.32428572,.44999999,.16714285,.41571429,.25142857,.29571429,.17571428,.47428572,.45857143,.32714286,.20714286,.37714285,.20285714,.20142858,.40428573,.32714286,.45857143,.22428571,.25142857,.29857144,.22142857,.40142858,.45142856,.36142856,.38,.54571426,.63571429,.33428571,.40857142,.30285713,.39857143,.63714284,.20285714,.57428569,.4342857,.63285714,.61571431,.35142857,.42714286,.60714287,.55714285,.51142859,.54428571,.56714284,.53857142,.29714286,.47999999,.55714285,.43857142,.49142858,.46857142,.52285713,.40571427,.30142859,.27142859,.50714284,.43000001,.31857142,.28142858,.38285714,.51285714,.54142857,.56142855,1,0,489,Green
483,.39160714,.45458335,.41511905,.42845237,.45916665,.35083333,.33380952,.14714286,.35916668,.44642857,.33672619,.27767858,.29523811,.36315477,.36196429,.45744047,.34958333,.46458334,.27136904,.45785713,.37434524,.18666667,.37547618,.38273811,.33124998,.26333335,.36059523,.39755952,.43726191,.33041668,.33041668,.20178571,.42059523,.35613096,.38565475,.41773811,.31999999,.33101189,.25773808,.25130951,.25357142,.31023809,.38910714,.27321428,.32273808,.36392859,.30791667,.36880955,.14839286,.21071428,.19410715,.33761904,.19785714,.32726192,.38964286,.45285714,.21208334,.30333334,.17607144,.25839287,.44559523,.26232141,.41619048,.26851189,.20017856,.22589286,.19339286,.37380952,.4017857,.38696429,.37744048,.42797619,.53672618,.5372619,.4415476,.44494048,.41666666,.43940476,.32267857,.50434524,.49988097,.49958333,.55696428,.39392856,.54410714,.54761904,.53500003,.39041668,.51428574,.53119051,.53357142,.42607144,.57095242,.48720238,.36500001,.54595238,.37273809,.43267858,.36571428,.33940476,.49416667,.41559523,.43428573,.31761906,.28119048,.41279763,.41440475,.45464286,.39577383,.20833333,.20833333,483,Both Green and Brown
498,.39160714,.45458335,.41511905,.42845237,.45916665,.35083333,.33380952,.14714286,.35916668,.44642857,.33672619,.27767858,.29523811,.36315477,.36196429,.45744047,.34958333,.46458334,.27136904,.45785713,.37434524,.18666667,.37547618,.38273811,.33124998,.26333335,.36059523,.39755952,.43726191,.33041668,.33041668,.20178571,.42059523,.35613096,.38565475,.41773811,.31999999,.33101189,.25773808,.25130951,.25357142,.31023809,.38910714,.27321428,.32273808,.36392859,.30791667,.36880955,.14839286,.21071428,.19410715,.33761904,.19785714,.32726192,.38964286,.45285714,.21208334,.30333334,.17607144,.25839287,.44559523,.26232141,.41619048,.26851189,.20017856,.22589286,.19339286,.37380952,.4017857,.38696429,.37744048,.42797619,.53672618,.5372619,.4415476,.44494048,.41666666,.43940476,.32267857,.50434524,.49988097,.49958333,.55696428,.39392856,.54410714,.54761904,.53500003,.39041668,.51428574,.53119051,.53357142,.42607144,.57095242,.48720238,.36500001,.54595238,.37273809,.43267858,.36571428,.33940476,.49416667,.41559523,.43428573,.31761906,.28119048,.41279763,.41440475,.45464286,.39577383,.20833333,.20833333,498,Both Green and Brown
496,.39160714,.45458335,.41511905,.42845237,.45916665,.35083333,.33380952,.14714286,.35916668,.44642857,.33672619,.27767858,.29523811,.36315477,.36196429,.45744047,.34958333,.46458334,.27136904,.45785713,.37434524,.18666667,.37547618,.38273811,.33124998,.26333335,.36059523,.39755952,.43726191,.33041668,.33041668,.20178571,.42059523,.35613096,.38565475,.41773811,.31999999,.33101189,.25773808,.25130951,.25357142,.31023809,.38910714,.27321428,.32273808,.36392859,.30791667,.36880955,.14839286,.21071428,.19410715,.33761904,.19785714,.32726192,.38964286,.45285714,.21208334,.30333334,.17607144,.25839287,.44559523,.26232141,.41619048,.26851189,.20017856,.22589286,.19339286,.37380952,.4017857,.38696429,.37744048,.42797619,.53672618,.5372619,.4415476,.44494048,.41666666,.43940476,.32267857,.50434524,.49988097,.49958333,.55696428,.39392856,.54410714,.54761904,.53500003,.39041668,.51428574,.53119051,.53357142,.42607144,.57095242,.48720238,.36500001,.54595238,.37273809,.43267858,.36571428,.33940476,.49416667,.41559523,.43428573,.31761906,.28119048,.41279763,.41440475,.45464286,.39577383,.20833333,.20833333,496,Both Green and Brown
499,.39160714,.45458335,.41511905,.42845237,.45916665,.35083333,.33380952,.14714286,.35916668,.44642857,.33672619,.27767858,.29523811,.36315477,.36196429,.45744047,.34958333,.46458334,.27136904,.45785713,.37434524,.18666667,.37547618,.38273811,.33124998,.26333335,.36059523,.39755952,.43726191,.33041668,.33041668,.20178571,.42059523,.35613096,.38565475,.41773811,.31999999,.33101189,.25773808,.25130951,.25357142,.31023809,.38910714,.27321428,.32273808,.36392859,.30791667,.36880955,.14839286,.21071428,.19410715,.33761904,.19785714,.32726192,.38964286,.45285714,.21208334,.30333334,.17607144,.25839287,.44559523,.26232141,.41619048,.26851189,.20017856,.22589286,.19339286,.37380952,.4017857,.38696429,.37744048,.42797619,.53672618,.5372619,.4415476,.44494048,.41666666,.43940476,.32267857,.50434524,.49988097,.49958333,.55696428,.39392856,.54410714,.54761904,.53500003,.39041668,.51428574,.53119051,.53357142,.42607144,.57095242,.48720238,.36500001,.54595238,.37273809,.43267858,.36571428,.33940476,.49416667,.41559523,.43428573,.31761906,.28119048,.41279763,.41440475,.45464286,.39577383,.20833333,.20833333,499,Both Green and Brown
494,.39160714,.45458335,.41511905,.42845237,.45916665,.35083333,.33380952,.14714286,.35916668,.44642857,.33672619,.27767858,.29523811,.36315477,.36196429,.45744047,.34958333,.46458334,.27136904,.45785713,.37434524,.18666667,.37547618,.38273811,.33124998,.26333335,.36059523,.39755952,.43726191,.33041668,.33041668,.20178571,.42059523,.35613096,.38565475,.41773811,.31999999,.33101189,.25773808,.25130951,.25357142,.31023809,.38910714,.27321428,.32273808,.36392859,.30791667,.36880955,.14839286,.21071428,.19410715,.33761904,.19785714,.32726192,.38964286,.45285714,.21208334,.30333334,.17607144,.25839287,.44559523,.26232141,.41619048,.26851189,.20017856,.22589286,.19339286,.37380952,.4017857,.38696429,.37744048,.42797619,.53672618,.5372619,.4415476,.44494048,.41666666,.43940476,.32267857,.50434524,.49988097,.49958333,.55696428,.39392856,.54410714,.54761904,.53500003,.39041668,.51428574,.53119051,.53357142,.42607144,.57095242,.48720238,.36500001,.54595238,.37273809,.43267858,.36571428,.33940476,.49416667,.41559523,.43428573,.31761906,.28119048,.41279763,.41440475,.45464286,.39577383,.20833333,.20833333,494,Both Green and Brown
495,.39160714,.45458335,.41511905,.42845237,.45916665,.35083333,.33380952,.14714286,.35916668,.44642857,.33672619,.27767858,.29523811,.36315477,.36196429,.45744047,.34958333,.46458334,.27136904,.45785713,.37434524,.18666667,.37547618,.38273811,.33124998,.26333335,.36059523,.39755952,.43726191,.33041668,.33041668,.20178571,.42059523,.35613096,.38565475,.41773811,.31999999,.33101189,.25773808,.25130951,.25357142,.31023809,.38910714,.27321428,.32273808,.36392859,.30791667,.36880955,.14839286,.21071428,.19410715,.33761904,.19785714,.32726192,.38964286,.45285714,.21208334,.30333334,.17607144,.25839287,.44559523,.26232141,.41619048,.26851189,.20017856,.22589286,.19339286,.37380952,.4017857,.38696429,.37744048,.42797619,.53672618,.5372619,.4415476,.44494048,.41666666,.43940476,.32267857,.50434524,.49988097,.49958333,.55696428,.39392856,.54410714,.54761904,.53500003,.39041668,.51428574,.53119051,.53357142,.42607144,.57095242,.48720238,.36500001,.54595238,.37273809,.43267858,.36571428,.33940476,.49416667,.41559523,.43428573,.31761906,.28119048,.41279763,.41440475,.45464286,.39577383,.20833333,.20833333,495,Both Green and Brown
507,.39285713,.41142857,.42857143,.42857143,.4642857,.4642857,.44571429,.32142857,.34,.44571429,.39285713,.23142858,.25,.34,.2857143,.42857143,.30285713,.48285714,.25,.48285714,.34,.23142858,.4642857,.41142857,.51714283,.26857144,.34,.39285713,.44571429,.35714287,.37428573,.25,.42857143,.51714283,.35714287,.43000001,.37,.18285714,.26285714,.31999999,.27571428,.42142856,.50142854,.33428571,.28,.37857142,.47,.48428571,.17,.18142857,.21571429,.20428571,.17,.36571428,.38285714,.66000003,.18857142,.30142859,.16285715,.38714287,.42285714,.25142857,.4942857,.22571428,.17571428,.30857143,.17142858,.52428573,.42142856,.39428571,.37857142,.39714286,.51857144,.43714285,.40428573,.40142858,.33857143,.52142859,.37714285,.44714287,.42142856,.53285712,.56857145,.44142857,.4942857,.52714288,.54000002,.42571428,.45857143,.51571429,.50428569,.38857144,.54571426,.47714287,.37428573,.51142859,.33571428,.44714287,.32714286,.46142858,.59428573,.40285715,.36428571,.33571428,.33571428,.41999999,.41,.48714286,.48428571,1,0,507,Green
515,.42857143,.4642857,.55428571,.42857143,.55428571,.60714287,.4642857,.34,.42857143,.4642857,.37428573,.21428572,.30285713,.37428573,.32142857,.48285714,.34,.48285714,.30285713,.58857143,.41142857,.21428572,.55428571,.53571427,.60714287,.35714287,.42857143,.42857143,.48285714,.44571429,.42857143,.2857143,.42857143,.58857143,.41142857,.41714287,.36571428,.17285714,.27714285,.40428573,.25428572,.38428572,.46857142,.41571429,.22428571,.37,.48428571,.53285712,.14857143,.14857143,.18428572,.2,.14857143,.35428572,.45714286,.67285717,.19285715,.25428572,.16,.41571429,.40142858,.31,.44714287,.23,.18571429,.30714285,.20142858,.42285714,.52571428,.47142857,.48142856,.39571428,.60000002,.54000002,.47999999,.49714285,.44285715,.65142858,.49714285,.48857144,.46714285,.63857144,.66000003,.45714286,.55142856,.62142855,.64428574,.52142859,.51857144,.59428573,.61571431,.38571429,.57714283,.52571428,.44285715,.47285715,.34285715,.5057143,.43285716,.54571426,.6257143,.41999999,.45857143,.32285714,.27000001,.5057143,.5057143,.59857142,.5714286,0,1,515,Brown
506,.42857143,.4642857,.45571429,.41999999,.50857145,.51714283,.47285715,.36571428,.31285715,.47285715,.32142857,.27714285,.27714285,.32142857,.29428571,.41999999,.34,.51714283,.2857143,.52714288,.34857142,.24142857,.48285714,.42857143,.5714286,.25857142,.41999999,.40142858,.42857143,.41142857,.41142857,.26857144,.42857143,.54428571,.40142858,.40571427,.32428572,.15714286,.24142857,.32714286,.22285715,.48142856,.51142859,.36285713,.25999999,.39142856,.45428571,.46142858,.14571428,.14571428,.20285714,.18428572,.15857142,.28,.41714287,.67285717,.16285715,.28,.15571429,.35142857,.32714286,.22285715,.37857142,.35714287,.15142857,.28285715,.16,.36000001,.50714284,.37142858,.39857143,.43142858,.52428573,.51285714,.39857143,.41999999,.38714287,.45857143,.35285714,.46857142,.44571429,.5,.61285716,.37571427,.55857146,.58428574,.54285717,.48285714,.48857144,.60000002,.5057143,.33571428,.60142857,.50857145,.34714285,.52999997,.41142857,.47999999,.39714286,.50142854,.56857145,.44,.42142856,.41999999,.26285714,.42428571,.43142858,.60000002,.52285713,0,0,506,Neutral
503,.4642857,.51714283,.44571429,.53571427,.53571427,.41142857,.39285713,.25,.42857143,.53571427,.44571429,.41142857,.41142857,.55428571,.41142857,.5714286,.42857143,.42857143,.35714287,.48285714,.42857143,.26857144,.51714283,.51714283,.41142857,.25,.42857143,.44571429,.53571427,.4642857,.44571429,.26857144,.53571427,.44571429,.42857143,.5642857,.4757143,.20285714,.26142856,.34857142,.28285715,.42142856,.53142858,.34,.41428572,.40000001,.36142856,.45571429,.14714286,.14428571,.21142857,.17571428,.15714286,.24285714,.44285715,.54714286,.16142857,.45571429,.15714286,.27857143,.41,.29714286,.40571427,.40142858,.23428571,.26428571,.21714285,.34857142,.50857145,.42571428,.4942857,.49571428,.59285712,.51714283,.56857145,.53285712,.56999999,.55857146,.49000001,.46285716,.55142856,.60285717,.60285717,.5657143,.50714284,.55857146,.56999999,.50142854,.52571428,.61571431,.61428571,.46571428,.5714286,.60428572,.45571429,.4642857,.32428572,.52428573,.47142857,.48857144,.52571428,.44,.55285716,.39571428,.4757143,.52999997,.54142857,.55714285,.54571426,1,0,503,Green
505,.42857143,.4642857,.45571429,.41999999,.50857145,.51714283,.47285715,.36571428,.31285715,.47285715,.32142857,.27714285,.27714285,.32142857,.29428571,.41999999,.34,.51714283,.2857143,.52714288,.34857142,.24142857,.48285714,.42857143,.5714286,.25857142,.41999999,.40142858,.42857143,.41142857,.41142857,.26857144,.42857143,.54428571,.40142858,.40571427,.32428572,.15714286,.24142857,.32714286,.22285715,.48142856,.51142859,.36285713,.25999999,.39142856,.45428571,.46142858,.14571428,.14571428,.20285714,.18428572,.15857142,.28,.41714287,.67285717,.16285715,.28,.15571429,.35142857,.32714286,.22285715,.37857142,.35714287,.15142857,.28285715,.16,.36000001,.50714284,.37142858,.39857143,.43142858,.52428573,.51285714,.39857143,.41999999,.38714287,.45857143,.35285714,.46857142,.44571429,.5,.61285716,.37571427,.55857146,.58428574,.54285717,.48285714,.48857144,.60000002,.5057143,.33571428,.60142857,.50857145,.34714285,.52999997,.41142857,.47999999,.39714286,.50142854,.56857145,.44,.42142856,.41999999,.26285714,.42428571,.43142858,.60000002,.52285713,0,0,505,Neutral
509,.39285713,.44571429,.44,.39285713,.4642857,.53619045,.44619048,.2557143,.31523809,.43428573,.33904764,.23238096,.28,.28,.30952382,.42285714,.2857143,.47571427,.23809524,.47619048,.31523809,.20238096,.44571429,.41095239,.56,.26809525,.37523809,.38666666,.42857143,.32761905,.32761905,.26238096,.41047618,.54190475,.37476191,.37523809,.34952381,.21761905,.28809524,.33047619,.28,.46523809,.51238096,.36952382,.28380951,.43761903,.42285714,.49714285,.1647619,.18571429,.19904761,.2752381,.18380953,.35095239,.43476191,.66428572,.18761905,.29904762,.18523809,.3952381,.36190477,.25095239,.36571428,.38333333,.23333333,.2742857,.20952381,.41142857,.49809524,.36857143,.36857143,.44285715,.52285713,.54952383,.37809524,.42476189,.36142856,.47285715,.39666668,.47047618,.46571428,.47761905,.58190477,.34666666,.58285713,.57047617,.5738095,.41999999,.48714286,.59190476,.53619051,.38809523,.58333337,.49666667,.34761906,.55666667,.44904763,.48857144,.38380954,.46952382,.61904764,.36476192,.43238094,.37714285,.27238095,.44904763,.41666666,.5990476,.49761903,0,0,509,Neutral
508,.42857143,.4642857,.55428571,.42857143,.55428571,.60714287,.4642857,.34,.42857143,.4642857,.37428573,.21428572,.30285713,.37428573,.32142857,.48285714,.34,.48285714,.30285713,.58857143,.41142857,.21428572,.55428571,.53571427,.60714287,.35714287,.42857143,.42857143,.48285714,.44571429,.42857143,.2857143,.42857143,.58857143,.41142857,.41714287,.36571428,.17285714,.27714285,.40428573,.25428572,.38428572,.46857142,.41571429,.22428571,.37,.48428571,.53285712,.14857143,.14857143,.18428572,.2,.14857143,.35428572,.45714286,.67285717,.19285715,.25428572,.16,.41571429,.40142858,.31,.44714287,.23,.18571429,.30714285,.20142858,.42285714,.52571428,.47142857,.48142856,.39571428,.60000002,.54000002,.47999999,.49714285,.44285715,.65142858,.49714285,.48857144,.46714285,.63857144,.66000003,.45714286,.55142856,.62142855,.64428574,.52142859,.51857144,.59428573,.61571431,.38571429,.57714283,.52571428,.44285715,.47285715,.34285715,.5057143,.43285716,.54571426,.6257143,.41999999,.45857143,.32285714,.27000001,.5057143,.5057143,.59857142,.5714286,0,1,508,Brown
517,.40190476,.4552381,.43142855,.40809524,.47619048,.49119049,.42857143,.31833333,.35999998,.42261904,.35976189,.25309524,.2857143,.34523809,.3302381,.42000002,.33642858,.4488095,.23214287,.45833331,.35428572,.1902381,.45857143,.41952381,.54190475,.22333334,.39904761,.41095239,.44952381,.36904761,.35404763,.25666666,.41690475,.52380955,.39619046,.42928571,.34523809,.17809524,.37738097,.29285714,.2442857,.37238094,.50809526,.38404763,.27666667,.37142858,.4140476,.42976189,.15428571,.19499999,.20095238,.23476191,.1745238,.29690477,.41261905,.64142859,.18333334,.2904762,.16571428,.32166666,.40642858,.24976191,.37809524,.36738095,.19071428,.27309525,.17047618,.39142856,.45547619,.42785713,.39476192,.42976192,.54571426,.51809525,.39428571,.42285714,.37452382,.47428572,.36976188,.46857142,.44023809,.45547619,.59333336,.39761904,.57238096,.55285716,.58095241,.40238094,.4902381,.5607143,.50976193,.34928572,.53928572,.50261903,.33476189,.53738093,.44404763,.46333331,.40357143,.39976192,.55785716,.38857144,.43333334,.41595238,.28071427,.46357143,.45785713,.51547617,.39714286,0,.16666667,517,Brown
516,.40190476,.4552381,.43142855,.40809524,.47619048,.49119049,.42857143,.31833333,.35999998,.42261904,.35976189,.25309524,.2857143,.34523809,.3302381,.42000002,.33642858,.4488095,.23214287,.45833331,.35428572,.1902381,.45857143,.41952381,.54190475,.22333334,.39904761,.41095239,.44952381,.36904761,.35404763,.25666666,.41690475,.52380955,.39619046,.42928571,.34523809,.17809524,.37738097,.29285714,.2442857,.37238094,.50809526,.38404763,.27666667,.37142858,.4140476,.42976189,.15428571,.19499999,.20095238,.23476191,.1745238,.29690477,.41261905,.64142859,.18333334,.2904762,.16571428,.32166666,.40642858,.24976191,.37809524,.36738095,.19071428,.27309525,.17047618,.39142856,.45547619,.42785713,.39476192,.42976192,.54571426,.51809525,.39428571,.42285714,.37452382,.47428572,.36976188,.46857142,.44023809,.45547619,.59333336,.39761904,.57238096,.55285716,.58095241,.40238094,.4902381,.5607143,.50976193,.34928572,.53928572,.50261903,.33476189,.53738093,.44404763,.46333331,.40357143,.39976192,.55785716,.38857144,.43333334,.41595238,.28071427,.46357143,.45785713,.51547617,.39714286,0,.16666667,516,Brown
519,.39285713,.42857143,.41142857,.42857143,.42857143,.53571427,.39285713,.35714287,.30285713,.42857143,.30285713,.23142858,.26857144,.32142857,.30285713,.41142857,.30285713,.5,.26857144,.53571427,.32142857,.23142858,.42857143,.42857143,.53571427,.23142858,.30285713,.37428573,.41142857,.30285713,.30285713,.26857144,.41142857,.51714283,.30285713,.41428572,.31142858,.21857142,.38857144,.34571427,.24714285,.35285714,.31142858,.45428571,.26285714,.37142858,.44428572,.44999999,.17,.22,.17857143,.22285715,.19142857,.32428572,.46571428,.61142856,.25142857,.27857143,.21285714,.38285714,.40571427,.27285713,.41142857,.22142857,.22714286,.2857143,.22428571,.28999999,.37714285,.32142857,.37142858,.31999999,.52428573,.57999998,.37142858,.35714287,.35428572,.42285714,.40000001,.46142858,.38428572,.38857144,.59714288,.30428571,.54000002,.54428571,.60428572,.34,.40142858,.4942857,.56857145,.32571429,.48428571,.47,.30285713,.54142857,.23571429,.38999999,.38571429,.48142856,.65285712,.30714285,.41285715,.24571429,.23,.45142856,.38428572,.40714285,.37,0,1,519,Brown
518,.39285713,.43714285,.41000003,.42000002,.4642857,.5,.41000003,.2857143,.36571431,.41928571,.34785715,.22285715,.24071428,.34785715,.31285715,.41928571,.27714288,.5,.27714288,.51785713,.29428571,.19642857,.45499998,.41142857,.50857145,.19642857,.33071429,.39285713,.41071427,.34,.33071429,.25857145,.42000002,.49142858,.375,.32785714,.23071429,.17785715,.31785715,.34142858,.24357143,.33642858,.30000001,.40642858,.19571429,.37,.39785713,.44214284,.16428572,.22642857,.16928571,.18714286,.17142856,.23,.40357143,.55714285,.19,.24071428,.16857143,.3107143,.45714286,.20714286,.38999999,.21214285,.17642857,.22285715,.16928571,.2507143,.43357143,.39642859,.41357142,.32857144,.52285713,.49714285,.43357143,.38,.36571428,.43857139,.41642857,.41285715,.43142858,.46428573,.54499996,.35571429,.565,.56500006,.54071426,.42785716,.40357143,.56714284,.51071429,.33785713,.53714287,.48428571,.30714285,.54214287,.18285714,.45785713,.36571428,.34,.49928573,.33928573,.40785712,.24357143,.22785714,.44714284,.48071429,.49642855,.36642858,.5,.5,518,Both Green and Brown
514,.39285713,.42000002,.40214285,.40214285,.42000002,.33857143,.41071427,.36571431,.33071429,.40214285,.33071429,.23285714,.25928572,.29428571,.29428571,.42000002,.33071429,.40214285,.26785713,.41071427,.35714287,.205,.41071427,.38428572,.40214285,.19642857,.41142857,.41142857,.42857143,.30285713,.29428571,.25,.42000002,.38357145,.34,.38999999,.32928571,.14785714,.255,.26928574,.22714286,.33357143,.52428573,.285,.28571427,.35214287,.36071429,.44999999,.17571428,.14285715,.18785715,.21642858,.14500001,.245,.38,.51999998,.17500001,.30285716,.14571428,.30214286,.38928571,.22928572,.38285714,.3092857,.155,.25714284,.18357143,.38857144,.35071427,.2857143,.34142858,.375,.49357143,.40785712,.35428572,.36285713,.33714285,.35857141,.30071428,.42071429,.39999998,.47928572,.53499997,.32357144,.55285716,.49857146,.47,.3507143,.42642856,.50357145,.46285713,.3107143,.51571429,.4942857,.32214287,.55071431,.43714285,.45285714,.33285713,.32071429,.41499999,.37785715,.42428571,.3092857,.23357144,.48214287,.39857143,.53642857,.34857142,0,0,514,Neutral
525,.42857143,.51714283,.48285714,.42857143,.5,.4642857,.4642857,.42857143,.37428573,.42857143,.37428573,.25,.30285713,.35714287,.26857144,.42857143,.39285713,.39285713,.30285713,.44571429,.35714287,.30285713,.4642857,.44571429,.51714283,.26857144,.42857143,.41142857,.4642857,.39285713,.34,.2857143,.4642857,.48285714,.42857143,.22571428,.2557143,.15000001,.20571429,.16142857,.26714286,.62,.57285714,.25142857,.18857142,.34285715,.44142857,.4342857,.14428571,.14571428,.15000001,.20999999,.14428571,.16285715,.28285715,.51999998,.15000001,.21857142,.14428571,.25999999,.29285714,.19714285,.25999999,.25142857,.15428571,.33285713,.14428571,.33857143,.42857143,.27142859,.30714285,.61285716,.44857141,.39714286,.26571429,.31999999,.25428572,.39428571,.32428572,.37857142,.33000001,.34285715,.55857146,.30428571,.43857142,.48857144,.5714286,.33428571,.30428571,.6242857,.46000001,.37714285,.49000001,.43285716,.37428573,.32285714,.41857144,.35285714,.34857142,.66142857,.55142856,.37714285,.38714287,.28428572,.18142857,.45571429,.37285715,.54714286,.58714288,0,0,525,Neutral
523,.44095239,.45809525,.47,.41142857,.51809525,.5057143,.42857143,.36904761,.40523809,.45857143,.39285713,.29761904,.29761904,.37476191,.35142857,.42857143,.33952382,.39904761,.30904761,.48238096,.37523809,.29142857,.5057143,.47619048,.52952379,.36285713,.41142857,.41047621,.44571429,.42285714,.39285713,.28,.43428573,.51761901,.41095239,.43809524,.36095238,.19428572,.38285714,.32238096,.3295238,.56809527,.50714284,.47999999,.27095237,.43761906,.53809524,.49142858,.15428571,.14904763,.19571428,.24619047,.17714286,.31809524,.50904763,.55000001,.21666667,.32428572,.18190476,.42190477,.40619048,.33238095,.42476192,.25428572,.24761905,.44333333,.21095239,.31999999,.49666667,.37190476,.41999999,.39952379,.53428572,.48952383,.37904763,.38047621,.31999999,.54904759,.45904762,.49380952,.43761906,.51809525,.60095239,.36095238,.4804762,.60047621,.56952381,.42190477,.45476189,.59190476,.53952384,.35428572,.4042857,.51571429,.37666667,.47333333,.31190476,.49000001,.3847619,.62761903,.47190478,.37380952,.3952381,.31857145,.23285714,.47142857,.50047618,.57761908,.56190473,.33333334,.66666669,523,Brown
527,.41666666,.47047618,.44666666,.42857143,.47571427,.47619048,.39285713,.42285714,.36285713,.44047618,.36904761,.23809524,.25,.32761905,.32714286,.45238096,.32714286,.41666666,.23857144,.46380952,.35095239,.26761907,.45238096,.44666666,.48857144,.24428572,.38142857,.41095239,.45190477,.39285713,.37523809,.25619048,.42285714,.48238096,.40476191,.43761906,.40238094,.18857142,.35666665,.24238096,.43333334,.56333333,.57761908,.37666667,.28476191,.44,.47333333,.54428571,.15190476,.16142857,.19761905,.30619049,.17285714,.32809526,.45761904,.48476189,.17857143,.3652381,.16095239,.29857144,.39238095,.24857143,.46142858,.37238094,.18952382,.63904762,.18761905,.35904762,.47666666,.42666668,.3904762,.5,.54380953,.4342857,.42619047,.39571428,.41666666,.45142856,.39619046,.47380954,.41333333,.47095239,.59952378,.34809524,.53523809,.57476193,.55952382,.43047619,.44571427,.57761908,.55476189,.30428571,.54761904,.51904762,.33857143,.55238092,.4595238,.50809526,.39952379,.53380954,.44238093,.42476192,.41619048,.37238094,.24142857,.47428572,.4942857,.55000001,.57285714,0,0,527,Neutral
526,.41142857,.48285714,.44571429,.39285713,.53571427,.51714283,.42857143,.42857143,.32142857,.42857143,.30285713,.2857143,.30285713,.35714287,.30285713,.41142857,.32142857,.41142857,.26857144,.5,.39285713,.23142858,.5,.44571429,.55428571,.25,.42857143,.39285713,.5,.37428573,.32142857,.26857144,.42857143,.51714283,.39285713,.48714286,.48571429,.21285714,.22857143,.29714286,.23999999,.47999999,.58142859,.31,.35285714,.38285714,.42857143,.49142858,.14285715,.18285714,.28857142,.31857142,.14285715,.25,.41571429,.5714286,.16142857,.34571427,.17,.3157143,.30000001,.33000001,.29714286,.45428571,.21714285,.25142857,.17285714,.34714285,.47,.29857144,.37714285,.50999999,.47999999,.33428571,.39285713,.36857143,.38428572,.47428572,.32142857,.46000001,.41999999,.41571429,.58142859,.36142856,.57571429,.53857142,.49571428,.39428571,.4342857,.56857145,.46857142,.39142856,.58714288,.48285714,.36571428,.54000002,.58142859,.47857141,.34285715,.45857143,.51142859,.37142858,.45428571,.39571428,.31999999,.39571428,.46000001,.57999998,.41857144,0,0,526,Neutral
529,.41666666,.47047618,.44666666,.42857143,.47571427,.47619048,.39285713,.42285714,.36285713,.44047618,.36904761,.23809524,.25,.32761905,.32714286,.45238096,.32714286,.41666666,.23857144,.46380952,.35095239,.26761907,.45238096,.44666666,.48857144,.24428572,.38142857,.41095239,.45190477,.39285713,.37523809,.25619048,.42285714,.48238096,.40476191,.43761906,.40238094,.18857142,.35666665,.24238096,.43333334,.56333333,.57761908,.37666667,.28476191,.44,.47333333,.54428571,.15190476,.16142857,.19761905,.30619049,.17285714,.32809526,.45761904,.48476189,.17857143,.3652381,.16095239,.29857144,.39238095,.24857143,.46142858,.37238094,.18952382,.63904762,.18761905,.35904762,.47666666,.42666668,.3904762,.5,.54380953,.4342857,.42619047,.39571428,.41666666,.45142856,.39619046,.47380954,.41333333,.47095239,.59952378,.34809524,.53523809,.57476193,.55952382,.43047619,.44571427,.57761908,.55476189,.30428571,.54761904,.51904762,.33857143,.55238092,.4595238,.50809526,.39952379,.53380954,.44238093,.42476192,.41619048,.37238094,.24142857,.47428572,.4942857,.55000001,.57285714,0,0,529,Neutral
533,.41071427,.48285714,.47285715,.42857143,.51785713,.50928569,.42857143,.4285714,.39285713,.43785715,.36571431,.25857142,.26785713,.33857143,.31214285,.42857143,.36642855,.38428572,.29500002,.51785713,.40214285,.25,.48214287,.45499998,.53571427,.34,.41071427,.41142857,.45571429,.38428572,.36642855,.28571427,.44571429,.53571427,.43785715,.38357145,.35714287,.15928571,.27642858,.33214283,.30714285,.60000002,.50428569,.43642858,.26142856,.44714284,.49785715,.53714287,.18214285,.155,.21142858,.19071428,.17714286,.29285714,.49714285,.59285712,.19714285,.29214287,.185,.35214287,.33500001,.22142857,.40357143,.33071429,.19428572,.39285713,.16785714,.37357143,.50999999,.38571429,.45714286,.46214285,.53642857,.47000003,.46642858,.42000002,.43071428,.55285716,.47142857,.50357145,.43285716,.52857143,.64999998,.4407143,.56642854,.58714283,.53928572,.48357141,.50285715,.6235714,.52999997,.3142857,.48357141,.52785718,.37642857,.50357145,.39571428,.53785717,.49142858,.55714285,.44999999,.37857145,.43142855,.38428572,.255,.5,.52571428,.63571429,.57928574,0,.5,533,Brown
535,.39768851,.43482143,.43180555,.37694445,.47103176,.44300595,.40249008,.2452381,.31650794,.44719246,.36094245,.28313494,.31515872,.32411706,.33445436,.41943455,.32938492,.38327381,.29752976,.44643849,.34691468,.19253969,.47013888,.43008929,.4976885,.26458332,.39207342,.39958334,.4307639,.34811509,.34171626,.2748512,.40979168,.47971231,.36687499,.42119047,.3792758,.18343253,.26115078,.28338295,.2736508,.4203274,.5404861,.37333333,.33010912,.3992857,.41785714,.46749008,.24449405,.15335318,.19902778,.22040674,.1920734,.2688393,.38676587,.51793653,.19460317,.31269839,.19724207,.31546628,.41434523,.25703374,.31521824,.36284721,.2017262,.27569446,.17656747,.26810515,.43508929,.32209325,.34426588,.42738095,.43364087,.4694742,.33812499,.37608135,.30263889,.43335319,.38771826,.44786707,.48743057,.44164681,.55912697,.32089287,.48644841,.53300595,.54579365,.35400793,.49343252,.5646925,.50047618,.4140873,.30705357,.48977181,.38977182,.37753969,.43761906,.423125,.35156745,.43979168,.52267855,.36790675,.42394841,.38705358,.22643849,.50331348,.38353175,.50667655,.41569445,.048611108,.03472222,535,Green
534,.43714285,.49142858,.44571429,.42857143,.5,.56285715,.48142856,.53571427,.41142857,.42857143,.41142857,.2857143,.34857142,.37571427,.38428572,.44571429,.36571428,.49142858,.31285715,.55428571,.39285713,.21428572,.53571427,.45571429,.56285715,.2857143,.41142857,.42857143,.44571429,.42857143,.41142857,.2857143,.44571429,.5714286,.41999999,.44999999,.36285713,.20999999,.49571428,.41714287,.25285715,.48857144,.5714286,.45142856,.28,.41857144,.46571428,.47285715,.14571428,.23,.22285715,.23714286,.17571428,.36857143,.44,.64571428,.20428571,.36285713,.18142857,.48285714,.36142856,.25714287,.39857143,.41571429,.19,.29428571,.19857143,.35571429,.51142859,.42285714,.49285713,.54428571,.56285715,.57857144,.51999998,.48428571,.45857143,.53714287,.48857144,.53428572,.45714286,.52999997,.61000001,.50714284,.58714288,.5642857,.59857142,.47999999,.51142859,.60857141,.52999997,.40428573,.58285713,.56285715,.44,.58285713,.51857144,.54142857,.42857143,.56285715,.62142855,.48857144,.56714284,.4342857,.39142856,.5057143,.52857143,.59571427,.47714287,0,0,534,Neutral
539,.42000002,.44571429,.42857143,.42857143,.49142855,.41928571,.40214285,.39285713,.375,.42857143,.36571431,.26857144,.25928572,.34857142,.32999998,.43714285,.33857143,.41071427,.25,.43714285,.34857142,.18714286,.45499998,.43714285,.44642857,.19642857,.39285713,.42000002,.44571429,.31214285,.31214285,.27714288,.40214285,.42857143,.41071427,.39928573,.33571428,.19357142,.47642857,.28357142,.23214287,.4407143,.50642854,.42428571,.2507143,.38714287,.48000002,.41285715,.14857143,.1492857,.18142857,.23928572,.16357143,.31,.44,.57428575,.18642858,.27357143,.16857143,.35428572,.39071429,.22428572,.44928572,.30428571,.17285714,.26571429,.17142856,.30500001,.44,.40928572,.38285714,.46857142,.55428571,.46071428,.4342857,.37357146,.37642857,.48000002,.41928571,.47285712,.44785714,.52571428,.57214284,.3992857,.55071425,.52785718,.57714283,.40142858,.42714286,.55500001,.53714287,.32357144,.57285714,.4942857,.34285715,.55928576,.41928571,.46928573,.3807143,.45499998,.56857145,.39071429,.45357144,.3742857,.245,.46000001,.47214285,.51714289,.40285712,0,.5,539,Brown
538,.41071427,.48285714,.47285715,.42857143,.51785713,.50928569,.42857143,.4285714,.39285713,.43785715,.36571431,.25857142,.26785713,.33857143,.31214285,.42857143,.36642855,.38428572,.29500002,.51785713,.40214285,.25,.48214287,.45499998,.53571427,.34,.41071427,.41142857,.45571429,.38428572,.36642855,.28571427,.44571429,.53571427,.43785715,.38357145,.35714287,.15928571,.27642858,.33214283,.30714285,.60000002,.50428569,.43642858,.26142856,.44714284,.49785715,.53714287,.18214285,.155,.21142858,.19071428,.17714286,.29285714,.49714285,.59285712,.19714285,.29214287,.185,.35214287,.33500001,.22142857,.40357143,.33071429,.19428572,.39285713,.16785714,.37357143,.50999999,.38571429,.45714286,.46214285,.53642857,.47000003,.46642858,.42000002,.43071428,.55285716,.47142857,.50357145,.43285716,.52857143,.64999998,.4407143,.56642854,.58714283,.53928572,.48357141,.50285715,.6235714,.52999997,.3142857,.48357141,.52785718,.37642857,.50357145,.39571428,.53785717,.49142858,.55714285,.44999999,.37857145,.43142855,.38428572,.255,.5,.52571428,.63571429,.57928574,0,.5,538,Brown
647,.39768851,.43482143,.43180555,.37694445,.47103176,.44300595,.40249008,.2452381,.31650794,.44719246,.36094245,.28313494,.31515872,.32411706,.33445436,.41943455,.32938492,.38327381,.29752976,.44643849,.34691468,.19253969,.47013888,.43008929,.4976885,.26458332,.39207342,.39958334,.4307639,.34811509,.34171626,.2748512,.40979168,.47971231,.36687499,.42119047,.3792758,.18343253,.26115078,.28338295,.2736508,.4203274,.5404861,.37333333,.33010912,.3992857,.41785714,.46749008,.24449405,.15335318,.19902778,.22040674,.1920734,.2688393,.38676587,.51793653,.19460317,.31269839,.19724207,.31546628,.41434523,.25703374,.31521824,.36284721,.2017262,.27569446,.17656747,.26810515,.43508929,.32209325,.34426588,.42738095,.43364087,.4694742,.33812499,.37608135,.30263889,.43335319,.38771826,.44786707,.48743057,.44164681,.55912697,.32089287,.48644841,.53300595,.54579365,.35400793,.49343252,.5646925,.50047618,.4140873,.30705357,.48977181,.38977182,.37753969,.43761906,.423125,.35156745,.43979168,.52267855,.36790675,.42394841,.38705358,.22643849,.50331348,.38353175,.50667655,.41569445,.048611108,.03472222,647,Green
536,.41142857,.44571429,.41142857,.39285713,.44571429,.44571429,.37428573,.35714287,.34,.41142857,.32142857,.2857143,.30285713,.32142857,.35714287,.39285713,.32142857,.44571429,.16,.44571429,.35714287,.23142858,.44571429,.42857143,.5,.14285715,.41142857,.39285713,.44571429,.32142857,.2857143,.26857144,.4642857,.42857143,.37428573,.44857141,.41428572,.15714286,.39428571,.19714285,.37428573,.41428572,.59857142,.38142857,.36714286,.47,.40857142,.55142856,.15714286,.15714286,.23857144,.26428571,.17714286,.43571427,.45571429,.65285712,.17714286,.37428573,.21714285,.27857143,.31285715,.25714287,.57857144,.50285715,.20285714,.35428572,.22428571,.32142857,.39285713,.34285715,.48285714,.53571427,.5,.5714286,.44285715,.39857143,.35428572,.50285715,.35428572,.51428574,.44285715,.49000001,.61285716,.42857143,.55714285,.51714283,.49714285,.45714286,.46285716,.58571428,.42142856,.53714287,.55714285,.5642857,.50714284,.5,.5714286,.44999999,.47,.42142856,.55142856,.47,.5714286,.49000001,.38142857,.51714283,.52428573,.63285714,.46285716,0,0,536,Neutral
544,.41142857,.4642857,.42857143,.42857143,.51714283,.53571427,.42857143,.53571427,.44571429,.44571429,.42857143,.2857143,.2857143,.41142857,.37428573,.44571429,.42857143,.48285714,.25,.55428571,.42857143,.23142858,.48285714,.42857143,.51714283,.21428572,.42857143,.42857143,.42857143,.35714287,.37428573,.2857143,.48285714,.51714283,.39285713,.39857143,.30285713,.22,.52428573,.38142857,.23428571,.31,.44,.54142857,.26142856,.4942857,.44,.51714283,.14857143,.23857144,.21428572,.24714285,.19285715,.30285713,.58857143,.67714286,.24428572,.38714287,.20285714,.44,.42857143,.33285713,.4757143,.28,.20285714,.23857144,.22571428,.36000001,.45285714,.39857143,.56,.44571429,.58857143,.56,.5714286,.45285714,.54142857,.51714283,.56,.4942857,.44571429,.5057143,.58857143,.52142859,.64285713,.56,.6257143,.47,.50285715,.59571427,.55428571,.4342857,.5714286,.57714283,.36857143,.59571427,.2742857,.4642857,.42857143,.32142857,.6785714,.43571427,.51714283,.38571429,.38714287,.48285714,.58428574,.5657143,.35714287,1,0,544,Green
549,.42457142,.43942857,.44285715,.43542859,.4642857,.44999999,.40400001,.36399999,.34999999,.44285715,.32142857,.27514285,.29285714,.368,.32485715,.46771428,.33942857,.47142857,.28542858,.4782857,.33571428,.18971428,.45714286,.43914285,.46771428,.24628572,.3897143,.40000001,.43599999,.37857142,.36057141,.24285714,.43257144,.47857141,.38571429,.40428573,.34,.22885714,.45428571,.32428572,.28057143,.4037143,.45914286,.40971428,.27057141,.412,.42542857,.48771429,.17685714,.20828572,.19428572,.25971428,.20199999,.31885713,.45142856,.54885715,.24828571,.31685713,.19885714,.36142859,.43514284,.30599999,.45971429,.31171429,.22314286,.31342858,.22485715,.36399999,.43399999,.3882857,.41685715,.42114288,.58285713,.54742855,.43885714,.38571429,.45085713,.50999999,.43428573,.48342857,.45885715,.54028571,.57885712,.38599998,.57685715,.53285712,.58028573,.44942859,.47057143,.58571428,.52742857,.40514284,.54571426,.52828568,.34114286,.56285715,.38257143,.47685713,.36857143,.45142859,.54628575,.40028572,.46457142,.34657142,.27971429,.454,.44257143,.53171426,.40971428,.40000001,.2,549,Green
547,.42457142,.43942857,.44285715,.43542859,.4642857,.44999999,.40400001,.36399999,.34999999,.44285715,.32142857,.27514285,.29285714,.368,.32485715,.46771428,.33942857,.47142857,.28542858,.4782857,.33571428,.18971428,.45714286,.43914285,.46771428,.24628572,.3897143,.40000001,.43599999,.37857142,.36057141,.24285714,.43257144,.47857141,.38571429,.40428573,.34,.22885714,.45428571,.32428572,.28057143,.4037143,.45914286,.40971428,.27057141,.412,.42542857,.48771429,.17685714,.20828572,.19428572,.25971428,.20199999,.31885713,.45142856,.54885715,.24828571,.31685713,.19885714,.36142859,.43514284,.30599999,.45971429,.31171429,.22314286,.31342858,.22485715,.36399999,.43399999,.3882857,.41685715,.42114288,.58285713,.54742855,.43885714,.38571429,.45085713,.50999999,.43428573,.48342857,.45885715,.54028571,.57885712,.38599998,.57685715,.53285712,.58028573,.44942859,.47057143,.58571428,.52742857,.40514284,.54571426,.52828568,.34114286,.56285715,.38257143,.47685713,.36857143,.45142859,.54628575,.40028572,.46457142,.34657142,.27971429,.454,.44257143,.53171426,.40971428,.40000001,.2,547,Green
543,.44571429,.51714283,.5,.42857143,.51714283,.53571427,.53571427,.48285714,.34,.44571429,.32142857,.21428572,.23142858,.32142857,.26857144,.4642857,.35714287,.48285714,.2857143,.53571427,.39285713,.23142858,.51714283,.44571429,.5714286,.35714287,.39285713,.41142857,.44571429,.39285713,.41142857,.2857143,.42857143,.55428571,.37428573,.34571427,.30571428,.15285714,.61714286,.28285715,.20999999,.49714285,.62,.52571428,.2742857,.35571429,.47428572,.45571429,.15142857,.15285714,.20571429,.22142857,.15571429,.34571427,.44285715,.66428572,.18857142,.32142857,.16142857,.47428572,.32428572,.30714285,.55714285,.35142857,.17,.29142857,.18428572,.41,.44428572,.39428571,.45714286,.47285715,.56,.59142858,.44285715,.38428572,.46000001,.44285715,.47714287,.54142857,.42571428,.5057143,.61000001,.38999999,.63428569,.53428572,.5714286,.38714287,.45714286,.65428573,.54000002,.29571429,.54142857,.48857144,.31857142,.63857144,.46714285,.44571429,.39857143,.67285717,.67714286,.41,.42857143,.42285714,.27857143,.50285715,.46571428,.57857144,.51428574,0,0,543,Neutral
555,.44642857,.52642858,.44571429,.54499996,.51714283,.30357143,.36642855,.19642857,.46428573,.47357142,.43714285,.33928573,.36571428,.52642858,.38357145,.50928569,.45571429,.39285713,.32999998,.42000002,.45571429,.21428572,.42857143,.49142855,.30357143,.23142858,.43785715,.45499998,.51785713,.40214285,.40214285,.25857142,.50928569,.33857143,.45571429,.53571427,.38499999,.22214285,.59714282,.27928573,.28214288,.3742857,.57214284,.52357143,.35500002,.40714288,.50214285,.52142859,.16499999,.16,.21214285,.33928573,.16928571,.36642858,.50214285,.54214287,.23142856,.40357143,.17857143,.37928572,.40714285,.35214287,.46142858,.40714285,.22214285,.30142856,.24642856,.35357141,.48142856,.4357143,.45785713,.5064286,.63857138,.50714284,.61428571,.5057143,.51571429,.49285716,.54214287,.57071429,.54357141,.52928573,.6128571,.52857143,.53785717,.54499996,.58857143,.48428571,.52071428,.58928573,.55928576,.45928574,.49357143,.59928572,.40857142,.50785714,.44428569,.52785718,.45499998,.41142857,.43642858,.48928571,.54571426,.41000003,.36642855,.52928573,.48428571,.54357141,.435,0,0,555,Neutral
558,.44642857,.52642858,.44571429,.54499996,.51714283,.30357143,.36642855,.19642857,.46428573,.47357142,.43714285,.33928573,.36571428,.52642858,.38357145,.50928569,.45571429,.39285713,.32999998,.42000002,.45571429,.21428572,.42857143,.49142855,.30357143,.23142858,.43785715,.45499998,.51785713,.40214285,.40214285,.25857142,.50928569,.33857143,.45571429,.53571427,.38499999,.22214285,.59714282,.27928573,.28214288,.3742857,.57214284,.52357143,.35500002,.40714288,.50214285,.52142859,.16499999,.16,.21214285,.33928573,.16928571,.36642858,.50214285,.54214287,.23142856,.40357143,.17857143,.37928572,.40714285,.35214287,.46142858,.40714285,.22214285,.30142856,.24642856,.35357141,.48142856,.4357143,.45785713,.5064286,.63857138,.50714284,.61428571,.5057143,.51571429,.49285716,.54214287,.57071429,.54357141,.52928573,.6128571,.52857143,.53785717,.54499996,.58857143,.48428571,.52071428,.58928573,.55928576,.45928574,.49357143,.59928572,.40857142,.50785714,.44428569,.52785718,.45499998,.41142857,.43642858,.48928571,.54571426,.41000003,.36642855,.52928573,.48428571,.54357141,.435,0,0,558,Neutral
556,.44642857,.52642858,.44571429,.54499996,.51714283,.30357143,.36642855,.19642857,.46428573,.47357142,.43714285,.33928573,.36571428,.52642858,.38357145,.50928569,.45571429,.39285713,.32999998,.42000002,.45571429,.21428572,.42857143,.49142855,.30357143,.23142858,.43785715,.45499998,.51785713,.40214285,.40214285,.25857142,.50928569,.33857143,.45571429,.53571427,.38499999,.22214285,.59714282,.27928573,.28214288,.3742857,.57214284,.52357143,.35500002,.40714288,.50214285,.52142859,.16499999,.16,.21214285,.33928573,.16928571,.36642858,.50214285,.54214287,.23142856,.40357143,.17857143,.37928572,.40714285,.35214287,.46142858,.40714285,.22214285,.30142856,.24642856,.35357141,.48142856,.4357143,.45785713,.5064286,.63857138,.50714284,.61428571,.5057143,.51571429,.49285716,.54214287,.57071429,.54357141,.52928573,.6128571,.52857143,.53785717,.54499996,.58857143,.48428571,.52071428,.58928573,.55928576,.45928574,.49357143,.59928572,.40857142,.50785714,.44428569,.52785718,.45499998,.41142857,.43642858,.48928571,.54571426,.41000003,.36642855,.52928573,.48428571,.54357141,.435,0,0,556,Neutral
554,.44642857,.52642858,.44571429,.54499996,.51714283,.30357143,.36642855,.19642857,.46428573,.47357142,.43714285,.33928573,.36571428,.52642858,.38357145,.50928569,.45571429,.39285713,.32999998,.42000002,.45571429,.21428572,.42857143,.49142855,.30357143,.23142858,.43785715,.45499998,.51785713,.40214285,.40214285,.25857142,.50928569,.33857143,.45571429,.53571427,.38499999,.22214285,.59714282,.27928573,.28214288,.3742857,.57214284,.52357143,.35500002,.40714288,.50214285,.52142859,.16499999,.16,.21214285,.33928573,.16928571,.36642858,.50214285,.54214287,.23142856,.40357143,.17857143,.37928572,.40714285,.35214287,.46142858,.40714285,.22214285,.30142856,.24642856,.35357141,.48142856,.4357143,.45785713,.5064286,.63857138,.50714284,.61428571,.5057143,.51571429,.49285716,.54214287,.57071429,.54357141,.52928573,.6128571,.52857143,.53785717,.54499996,.58857143,.48428571,.52071428,.58928573,.55928576,.45928574,.49357143,.59928572,.40857142,.50785714,.44428569,.52785718,.45499998,.41142857,.43642858,.48928571,.54571426,.41000003,.36642855,.52928573,.48428571,.54357141,.435,0,0,554,Neutral
553,.44642857,.52642858,.44571429,.54499996,.51714283,.30357143,.36642855,.19642857,.46428573,.47357142,.43714285,.33928573,.36571428,.52642858,.38357145,.50928569,.45571429,.39285713,.32999998,.42000002,.45571429,.21428572,.42857143,.49142855,.30357143,.23142858,.43785715,.45499998,.51785713,.40214285,.40214285,.25857142,.50928569,.33857143,.45571429,.53571427,.38499999,.22214285,.59714282,.27928573,.28214288,.3742857,.57214284,.52357143,.35500002,.40714288,.50214285,.52142859,.16499999,.16,.21214285,.33928573,.16928571,.36642858,.50214285,.54214287,.23142856,.40357143,.17857143,.37928572,.40714285,.35214287,.46142858,.40714285,.22214285,.30142856,.24642856,.35357141,.48142856,.4357143,.45785713,.5064286,.63857138,.50714284,.61428571,.5057143,.51571429,.49285716,.54214287,.57071429,.54357141,.52928573,.6128571,.52857143,.53785717,.54499996,.58857143,.48428571,.52071428,.58928573,.55928576,.45928574,.49357143,.59928572,.40857142,.50785714,.44428569,.52785718,.45499998,.41142857,.43642858,.48928571,.54571426,.41000003,.36642855,.52928573,.48428571,.54357141,.435,0,0,553,Neutral
557,.44642857,.52642858,.44571429,.54499996,.51714283,.30357143,.36642855,.19642857,.46428573,.47357142,.43714285,.33928573,.36571428,.52642858,.38357145,.50928569,.45571429,.39285713,.32999998,.42000002,.45571429,.21428572,.42857143,.49142855,.30357143,.23142858,.43785715,.45499998,.51785713,.40214285,.40214285,.25857142,.50928569,.33857143,.45571429,.53571427,.38499999,.22214285,.59714282,.27928573,.28214288,.3742857,.57214284,.52357143,.35500002,.40714288,.50214285,.52142859,.16499999,.16,.21214285,.33928573,.16928571,.36642858,.50214285,.54214287,.23142856,.40357143,.17857143,.37928572,.40714285,.35214287,.46142858,.40714285,.22214285,.30142856,.24642856,.35357141,.48142856,.4357143,.45785713,.5064286,.63857138,.50714284,.61428571,.5057143,.51571429,.49285716,.54214287,.57071429,.54357141,.52928573,.6128571,.52857143,.53785717,.54499996,.58857143,.48428571,.52071428,.58928573,.55928576,.45928574,.49357143,.59928572,.40857142,.50785714,.44428569,.52785718,.45499998,.41142857,.43642858,.48928571,.54571426,.41000003,.36642855,.52928573,.48428571,.54357141,.435,0,0,557,Neutral
569,.41999999,.45571429,.41999999,.43714285,.43714285,.31285715,.36571428,.25857142,.36571428,.43714285,.34857142,.24142857,.26857144,.36571428,.37428573,.44571429,.34857142,.38428572,.25,.41999999,.34857142,.14285715,.38428572,.43714285,.34,.19714285,.39285713,.40142858,.44571429,.32142857,.32142857,.25,.42857143,.35714287,.34,.48428571,.31,.18714286,.63857144,.3157143,.24571429,.31857142,.43285716,.52428573,.28428572,.44999999,.37,.51142859,.20285714,.18714286,.2,.25857142,.19428572,.30000001,.57285714,.51857144,.23428571,.34,.20571429,.3157143,.41142857,.34857142,.44999999,.28142858,.21142857,.25,.18571429,.31857142,.41714287,.37285715,.44571429,.42714286,.57714283,.49857143,.51714283,.4342857,.46714285,.35285714,.48714286,.48714286,.48857144,.4942857,.59285712,.48142856,.58428574,.55714285,.5714286,.40285715,.44285715,.54285717,.51857144,.37,.54142857,.54571426,.37142858,.59857142,.35428572,.43000001,.34571427,.28142858,.41571429,.44571429,.49142858,.32285714,.31,.43000001,.44,.4942857,.23857144,0,0,569,Neutral
566,.39571428,.43142858,.40476191,.44023809,.44333333,.27380952,.32119048,.15761904,.35428572,.41095239,.32119048,.22023809,.26166669,.34547621,.37190476,.42285714,.34833333,.3807143,.27095237,.39309525,.35738096,.14285715,.38380954,.38095239,.27071428,.18738095,.36619049,.39904761,.42547619,.29452381,.29166669,.22309524,.42880952,.30047619,.33357143,.39190477,.27785715,.16238095,.56380951,.29785714,.2397619,.20238096,.44785714,.43190476,.25261906,.39428571,.32404763,.45666665,.15738095,.15452382,.22285715,.19285715,.1545238,.25380951,.49571428,.43809524,.17619048,.26619047,.15357143,.26571429,.39190477,.26190475,.41119048,.29523811,.17547619,.21690476,.17,.33571428,.37785715,.32023808,.41333333,.4504762,.5511905,.46166667,.48333332,.43000001,.40952381,.34333333,.41904762,.46642858,.50547618,.46571428,.57309526,.42285717,.59857142,.51690477,.54833335,.40785715,.45571429,.53928572,.50238097,.38285714,.4595238,.50285715,.28071427,.58928573,.41285715,.42928571,.36952379,.25738096,.41190475,.41357142,.47404763,.29285714,.27833334,.47595239,.46476191,.46857142,.22309524,0,0,566,Neutral
563,.39571428,.43142858,.40476191,.44023809,.44333333,.27380952,.32119048,.15761904,.35428572,.41095239,.32119048,.22023809,.26166669,.34547621,.37190476,.42285714,.34833333,.3807143,.27095237,.39309525,.35738096,.14285715,.38380954,.38095239,.27071428,.18738095,.36619049,.39904761,.42547619,.29452381,.29166669,.22309524,.42880952,.30047619,.33357143,.39190477,.27785715,.16238095,.56380951,.29785714,.2397619,.20238096,.44785714,.43190476,.25261906,.39428571,.32404763,.45666665,.15738095,.15452382,.22285715,.19285715,.1545238,.25380951,.49571428,.43809524,.17619048,.26619047,.15357143,.26571429,.39190477,.26190475,.41119048,.29523811,.17547619,.21690476,.17,.33571428,.37785715,.32023808,.41333333,.4504762,.5511905,.46166667,.48333332,.43000001,.40952381,.34333333,.41904762,.46642858,.50547618,.46571428,.57309526,.42285717,.59857142,.51690477,.54833335,.40785715,.45571429,.53928572,.50238097,.38285714,.4595238,.50285715,.28071427,.58928573,.41285715,.42928571,.36952379,.25738096,.41190475,.41357142,.47404763,.29285714,.27833334,.47595239,.46476191,.46857142,.22309524,0,0,563,Neutral
567,.41999999,.45571429,.41999999,.43714285,.43714285,.31285715,.36571428,.25857142,.36571428,.43714285,.34857142,.24142857,.26857144,.36571428,.37428573,.44571429,.34857142,.38428572,.25,.41999999,.34857142,.14285715,.38428572,.43714285,.34,.19714285,.39285713,.40142858,.44571429,.32142857,.32142857,.25,.42857143,.35714287,.34,.48428571,.31,.18714286,.63857144,.3157143,.24571429,.31857142,.43285716,.52428573,.28428572,.44999999,.37,.51142859,.20285714,.18714286,.2,.25857142,.19428572,.30000001,.57285714,.51857144,.23428571,.34,.20571429,.3157143,.41142857,.34857142,.44999999,.28142858,.21142857,.25,.18571429,.31857142,.41714287,.37285715,.44571429,.42714286,.57714283,.49857143,.51714283,.4342857,.46714285,.35285714,.48714286,.48714286,.48857144,.4942857,.59285712,.48142856,.58428574,.55714285,.5714286,.40285715,.44285715,.54285717,.51857144,.37,.54142857,.54571426,.37142858,.59857142,.35428572,.43000001,.34571427,.28142858,.41571429,.44571429,.49142858,.32285714,.31,.43000001,.44,.4942857,.23857144,0,0,567,Neutral
564,.39571428,.43142858,.40476191,.44023809,.44333333,.27380952,.32119048,.15761904,.35428572,.41095239,.32119048,.22023809,.26166669,.34547621,.37190476,.42285714,.34833333,.3807143,.27095237,.39309525,.35738096,.14285715,.38380954,.38095239,.27071428,.18738095,.36619049,.39904761,.42547619,.29452381,.29166669,.22309524,.42880952,.30047619,.33357143,.39190477,.27785715,.16238095,.56380951,.29785714,.2397619,.20238096,.44785714,.43190476,.25261906,.39428571,.32404763,.45666665,.15738095,.15452382,.22285715,.19285715,.1545238,.25380951,.49571428,.43809524,.17619048,.26619047,.15357143,.26571429,.39190477,.26190475,.41119048,.29523811,.17547619,.21690476,.17,.33571428,.37785715,.32023808,.41333333,.4504762,.5511905,.46166667,.48333332,.43000001,.40952381,.34333333,.41904762,.46642858,.50547618,.46571428,.57309526,.42285717,.59857142,.51690477,.54833335,.40785715,.45571429,.53928572,.50238097,.38285714,.4595238,.50285715,.28071427,.58928573,.41285715,.42928571,.36952379,.25738096,.41190475,.41357142,.47404763,.29285714,.27833334,.47595239,.46476191,.46857142,.22309524,0,0,564,Neutral
565,.39571428,.43142858,.40476191,.44023809,.44333333,.27380952,.32119048,.15761904,.35428572,.41095239,.32119048,.22023809,.26166669,.34547621,.37190476,.42285714,.34833333,.3807143,.27095237,.39309525,.35738096,.14285715,.38380954,.38095239,.27071428,.18738095,.36619049,.39904761,.42547619,.29452381,.29166669,.22309524,.42880952,.30047619,.33357143,.39190477,.27785715,.16238095,.56380951,.29785714,.2397619,.20238096,.44785714,.43190476,.25261906,.39428571,.32404763,.45666665,.15738095,.15452382,.22285715,.19285715,.1545238,.25380951,.49571428,.43809524,.17619048,.26619047,.15357143,.26571429,.39190477,.26190475,.41119048,.29523811,.17547619,.21690476,.17,.33571428,.37785715,.32023808,.41333333,.4504762,.5511905,.46166667,.48333332,.43000001,.40952381,.34333333,.41904762,.46642858,.50547618,.46571428,.57309526,.42285717,.59857142,.51690477,.54833335,.40785715,.45571429,.53928572,.50238097,.38285714,.4595238,.50285715,.28071427,.58928573,.41285715,.42928571,.36952379,.25738096,.41190475,.41357142,.47404763,.29285714,.27833334,.47595239,.46476191,.46857142,.22309524,0,0,565,Neutral
573,.31214285,.40214285,.33857143,.38428572,.40142858,.25,.2857143,.24071428,.30285713,.3757143,.29428571,.18714286,.24071428,.29428571,.27642858,.41142857,.26785713,.32999998,.25928572,.33928573,.2857143,.14285715,.32999998,.35714287,.22285715,.16,.29428571,.36571431,.41142857,.2857143,.2857143,.205,.40214285,.2857143,.29428571,.38857144,.23928571,.15357143,.60714287,.22785714,.18357143,.21000001,.37214285,.33071429,.27428573,.35357141,.30785713,.39999998,.14285715,.16857143,.25,.20428571,.16857143,.25642857,.41500002,.40214285,.20642857,.25999999,.16142857,.25714284,.28571427,.23428571,.39142859,.27785715,.19285715,.21642858,.205,.32857144,.2742857,.34714288,.32857144,.32499999,.46357143,.37857142,.41642857,.34142858,.31642857,.23857144,.315,.37071431,.36714286,.35928571,.49714285,.34,.46999997,.40571427,.5,.30357143,.37214285,.42071429,.42357141,.27571428,.40714285,.41357142,.23642856,.51357144,.27285713,.33571428,.29928571,.19857143,.3107143,.285,.37071431,.26642856,.20999999,.36785716,.40428573,.38499999,.17428571,0,0,573,Neutral
575,.42857143,.47357142,.44571429,.42000002,.48285714,.41928571,.375,.47357142,.41000003,.46428573,.38428572,.28571427,.29500002,.35714287,.36571428,.43714285,.30357143,.42000002,.3214286,.43714285,.33857143,.19642857,.44571429,.43714285,.46428573,.28571427,.41142857,.40214285,.46428573,.40142858,.40142858,.27714288,.42857143,.47285712,.41142857,.41785714,.33571428,.15571429,.54571426,.22428572,.2857143,.44999999,.50285715,.44,.23785713,.42928571,.43071431,.49142855,.14857143,.15428571,.20500001,.20428571,.15285715,.32214284,.48571429,.52571428,.17357144,.28428572,.16499999,.37071428,.36142856,.24785715,.54071426,.27785715,.17428571,.46928573,.16857143,.24285713,.45214283,.32357144,.38428572,.4935714,.54857141,.42714286,.44214284,.44142857,.35785714,.47285715,.42357144,.44428572,.46214285,.52642858,.57214284,.42428571,.56714284,.59428573,.57642853,.4407143,.48428571,.57928574,.51428574,.32285714,.50999999,.53285718,.32714286,.55785716,.45499998,.50785714,.34428573,.54642856,.44785714,.37928569,.46071428,.29285714,.28,.46714285,.47214288,.58071429,.46428573,.5,0,575,Green
577,.42000002,.46428573,.48142856,.42857143,.49071428,.49142855,.45499998,.42857143,.35714287,.44571429,.39285713,.24142858,.26714286,.3757143,.33000001,.43785715,.30357143,.4642857,.25,.48214287,.36571431,.21428572,.49071428,.42857143,.51714289,.27642858,.38357145,.39285713,.42000002,.43714285,.40214285,.25928572,.42000002,.51857144,.38428572,.41571429,.33142859,.16928571,.42785716,.26499999,.26571429,.32428572,.43857145,.38928571,.25071427,.44214284,.38999999,.47285715,.16,.16928571,.17071429,.27357143,.17357144,.27857143,.41714287,.53499997,.21928571,.31214285,.16928571,.34428573,.38571429,.24428572,.42428571,.25642857,.17285714,.3142857,.21571429,.37214285,.38642856,.38428572,.47857141,.44714287,.56142855,.60428572,.46571428,.435,.43071428,.43357143,.39714286,.46214288,.48857141,.51571429,.61500001,.43285716,.59071428,.60142857,.60714287,.45357144,.44499999,.58357143,.56999999,.32071429,.59285712,.51571429,.33428574,.60285711,.34642857,.51357144,.38785714,.51571429,.52999997,.37285715,.44571429,.30285716,.30071428,.44785714,.49285716,.46214285,.35500002,.5,0,577,Green
579,.34,.42857143,.32142857,.41142857,.42857143,.19714285,.26857144,.14285715,.2857143,.41142857,.30285713,.26857144,.2857143,.32142857,.30285713,.41142857,.30285713,.30285713,.23142858,.32142857,.30285713,.14285715,.32142857,.41142857,.23142858,.21428572,.35714287,.42857143,.35714287,.30285713,.30285713,.21428572,.42857143,.30285713,.30285713,.53285712,.45285714,.25857142,.49142858,.35428572,.31999999,.31,.50285715,.34285715,.41428572,.48285714,.34428573,.51285714,.20285714,.22142857,.33142856,.24857143,.23571429,.42428571,.41428572,.42285714,.22571428,.35857144,.24571429,.32714286,.40571427,.30000001,.55571431,.38571429,.23571429,.27285713,.25428572,.43571427,.42142856,.46142858,.45714286,.44714287,.53857142,.42714286,.54857141,.44714287,.46285716,.42857143,.29142857,.5,.39714286,.48857144,.56285715,.48142856,.5,.49571428,.56142855,.46142858,.43285716,.48714286,.49857143,.40857142,.49714285,.51142859,.40000001,.53285712,.45571429,.44857141,.39857143,.2742857,.37571427,.4942857,.44714287,.40285715,.30000001,.47428572,.44428572,.45857143,.34285715,0,0,579,Neutral
576,.42857143,.47357142,.44571429,.42000002,.48285714,.41928571,.375,.47357142,.41000003,.46428573,.38428572,.28571427,.29500002,.35714287,.36571428,.43714285,.30357143,.42000002,.3214286,.43714285,.33857143,.19642857,.44571429,.43714285,.46428573,.28571427,.41142857,.40214285,.46428573,.40142858,.40142858,.27714288,.42857143,.47285712,.41142857,.41785714,.33571428,.15571429,.54571426,.22428572,.2857143,.44999999,.50285715,.44,.23785713,.42928571,.43071431,.49142855,.14857143,.15428571,.20500001,.20428571,.15285715,.32214284,.48571429,.52571428,.17357144,.28428572,.16499999,.37071428,.36142856,.24785715,.54071426,.27785715,.17428571,.46928573,.16857143,.24285713,.45214283,.32357144,.38428572,.4935714,.54857141,.42714286,.44214284,.44142857,.35785714,.47285715,.42357144,.44428572,.46214285,.52642858,.57214284,.42428571,.56714284,.59428573,.57642853,.4407143,.48428571,.57928574,.51428574,.32285714,.50999999,.53285718,.32714286,.55785716,.45499998,.50785714,.34428573,.54642856,.44785714,.37928569,.46071428,.29285714,.28,.46714285,.47214288,.58071429,.46428573,.5,0,576,Green
589,.32142857,.39285713,.37428573,.42857143,.42857143,.21428572,.2857143,.30285713,.30285713,.41142857,.30285713,.25,.25,.30285713,.32142857,.39285713,.25,.42857143,.26857144,.39285713,.2857143,.14285715,.32142857,.42857143,.21428572,.21428572,.34,.39285713,.41142857,.2857143,.30285713,.25,.41142857,.26857144,.30285713,.33714285,.25999999,.15857142,.62857145,.16714285,.20571429,.20857143,.42571428,.36714286,.25,.32428572,.25857142,.31999999,.14571428,.14714286,.16857143,.17857143,.15714286,.24857143,.4942857,.39857143,.15428571,.25428572,.15857142,.21571429,.38571429,.20714286,.29142857,.30428571,.19,.21571429,.14857143,.25142857,.38571429,.33714285,.34,.44285715,.54714286,.50999999,.39428571,.36857143,.33714285,.36714286,.40857142,.42714286,.46571428,.51714283,.60285717,.36571428,.64714283,.48714286,.54428571,.39142856,.47285715,.52428573,.48142856,.30571428,.5,.51142859,.2857143,.57428569,.44857141,.42571428,.3157143,.27714285,.31857142,.35714287,.43571427,.33571428,.26857144,.43000001,.39571428,.39857143,.28857142,0,0,589,Neutral
583,.2857143,.42857143,.39285713,.42857143,.41142857,.14285715,.21428572,.16,.2857143,.39285713,.2857143,.17857143,.21428572,.30285713,.2857143,.39285713,.2857143,.34,.19714285,.34,.30285713,.14285715,.32142857,.34,.14285715,.17857143,.34,.37428573,.42857143,.23142858,.23142858,.17857143,.41142857,.2857143,.2857143,.43142858,.35285714,.19857143,.5057143,.37857142,.20999999,.30714285,.53285712,.41999999,.36142856,.40285715,.36714286,.42571428,.20571429,.14285715,.17428571,.27571428,.17857143,.28428572,.46714285,.43571427,.27571428,.36285713,.20857143,.26285714,.38857144,.33714285,.43142858,.39285713,.22,.18714286,.16571428,.30714285,.27142859,.31285715,.35571429,.41428572,.47285715,.34571427,.39714286,.33571428,.36285713,.32428572,.22285715,.49714285,.41999999,.34714285,.40285715,.37857142,.58142859,.41571429,.52999997,.32857144,.42428571,.45571429,.42285714,.32714286,.52857143,.41857144,.28857142,.63285714,.39714286,.33428571,.27000001,.23999999,.29571429,.36000001,.42285714,.30714285,.23428571,.37857142,.38142857,.4342857,.27285713,0,0,583,Neutral
588,.32142857,.39285713,.40142858,.43714285,.40142858,.29428571,.32999998,.18785715,.32999998,.42000002,.32142857,.24071428,.26857144,.32999998,.35714287,.4285714,.27714288,.40214285,.23285714,.39285713,.29428571,.15142858,.43714285,.32142857,.27714288,.20500001,.33071429,.36571431,.42857143,.2857143,.27714288,.22357142,.41928571,.32142857,.27714288,.41642857,.26357144,.17428571,.54071426,.36142856,.21285714,.23357144,.39642859,.41142857,.22928572,.35357141,.27000001,.49642858,.22142857,.20357142,.27785712,.21571428,.17214286,.25928569,.46285713,.41,.20571429,.29571429,.16785714,.29500002,.36642855,.235,.43642858,.24642858,.17785715,.24357143,.20857143,.33714285,.37928569,.36642855,.42928571,.37357143,.53285718,.58642852,.52142859,.42214286,.45499998,.37142855,.38642856,.44285715,.47142857,.43642855,.60000002,.44571429,.60642856,.53857142,.58571428,.37214285,.46785712,.55142856,.55357146,.37142858,.5064286,.53214288,.3035714,.61571431,.34357142,.43785715,.36428571,.32999998,.46071428,.41428572,.55571431,.33142859,.31928572,.4342857,.44999999,.44499999,.25714284,.5,0,588,Green
585,.38428572,.45285714,.39500001,.42428571,.45071429,.40642858,.38428572,.43321428,.37285715,.41928571,.33678573,.25,.27071428,.34607142,.32785714,.42892855,.34821427,.43785715,.23464286,.44821429,.34821427,.16714287,.44428569,.43571427,.41357142,.20785713,.36357141,.41142857,.43321428,.33928573,.33714288,.26535714,.41714287,.42214286,.33500001,.43285716,.29285714,.26571429,.60892856,.35071427,.25035715,.33892858,.49142855,.4982143,.27142856,.4375,.43535712,.4407143,.16178572,.16678572,.25857142,.27214286,.20321429,.34392858,.49214286,.61035717,.23857144,.31392854,.18107143,.39535713,.39499998,.27892858,.49714285,.30821431,.22892857,.30178571,.21285714,.35821426,.39214286,.3775,.41535714,.43535715,.57107145,.54678571,.41357142,.3782143,.39928573,.35285711,.3807143,.47142857,.42428571,.51071429,.57857144,.36178571,.59428573,.55035716,.58571428,.41642857,.47178572,.53321433,.53214288,.3182143,.55178571,.44142857,.27285716,.59464288,.39571428,.44821429,.36035717,.33928573,.47000003,.40892857,.40428573,.33464286,.2467857,.47321427,.42035714,.46607143,.2825,0,0,585,Neutral
587,.38428572,.45285714,.39500001,.42428571,.45071429,.40642858,.38428572,.43321428,.37285715,.41928571,.33678573,.25,.27071428,.34607142,.32785714,.42892855,.34821427,.43785715,.23464286,.44821429,.34821427,.16714287,.44428569,.43571427,.41357142,.20785713,.36357141,.41142857,.43321428,.33928573,.33714288,.26535714,.41714287,.42214286,.33500001,.43285716,.29285714,.26571429,.60892856,.35071427,.25035715,.33892858,.49142855,.4982143,.27142856,.4375,.43535712,.4407143,.16178572,.16678572,.25857142,.27214286,.20321429,.34392858,.49214286,.61035717,.23857144,.31392854,.18107143,.39535713,.39499998,.27892858,.49714285,.30821431,.22892857,.30178571,.21285714,.35821426,.39214286,.3775,.41535714,.43535715,.57107145,.54678571,.41357142,.3782143,.39928573,.35285711,.3807143,.47142857,.42428571,.51071429,.57857144,.36178571,.59428573,.55035716,.58571428,.41642857,.47178572,.53321433,.53214288,.3182143,.55178571,.44142857,.27285716,.59464288,.39571428,.44821429,.36035717,.33928573,.47000003,.40892857,.40428573,.33464286,.2467857,.47321427,.42035714,.46607143,.2825,0,0,587,Neutral
584,.39285713,.42857143,.39285713,.41142857,.39285713,.21428572,.30285713,.25,.35714287,.39285713,.37428573,.26857144,.32142857,.37428573,.2857143,.41142857,.32142857,.39285713,.26857144,.41142857,.32142857,.14285715,.42857143,.39285713,.23142858,.16,.41142857,.39285713,.41142857,.30285713,.30285713,.25,.42857143,.30285713,.30285713,.46142858,.25285715,.20857143,.57999998,.23999999,.19,.20714286,.43571427,.46000001,.28714284,.34857142,.26714286,.43857142,.18857142,.20285714,.21714285,.22571428,.17285714,.26285714,.41428572,.40428573,.24857143,.32428572,.20285714,.22714286,.36142856,.26714286,.42285714,.33142856,.23714286,.20142858,.22,.33285713,.42857143,.43714285,.44,.41285715,.50142854,.47428572,.51999998,.41857144,.40428573,.38571429,.33428571,.48142856,.41857144,.50428569,.60571426,.46857142,.55428571,.50999999,.53142858,.38857144,.48857144,.53142858,.45428571,.42857143,.49000001,.43285716,.31999999,.57285714,.4757143,.41,.33571428,.28428572,.42428571,.39857143,.37714285,.32571429,.29714286,.47285715,.44857141,.45714286,.31857142,0,0,584,Neutral
597,.36333334,.41619048,.38714287,.4342857,.43428573,.26761904,.29714286,.19,.33952382,.39333335,.31,.20809524,.23190476,.33333334,.30952382,.41095239,.28,.42857143,.28,.42238095,.30380952,.14285715,.36857143,.39857143,.26142856,.18428572,.32714286,.39333335,.41047621,.26190478,.25047618,.25,.39285713,.32142857,.29190478,.43095237,.24190477,.17190476,.60571432,.28904763,.21809524,.22904761,.39142856,.4595238,.21523809,.3847619,.39142856,.45190477,.14761905,.17666666,.21238095,.18904762,.15333334,.23666668,.5057143,.4909524,.23190476,.32714286,.16571429,.31904763,.34952381,.28857142,.4090476,.22619048,.20380951,.22238095,.21047619,.34190476,.34857142,.34333333,.36285713,.35047618,.51238096,.49809524,.43904763,.38380954,.40571427,.31047618,.40190476,.41714287,.40476191,.43857142,.58761901,.35238096,.59380955,.52761906,.54761904,.34952381,.40142858,.49000001,.46333334,.28238094,.49619049,.47952381,.26761904,.55666667,.24619047,.39000002,.29190475,.25714287,.37714285,.33761904,.41619048,.27619046,.23571429,.41619048,.40761903,.40190476,.23952381,.66666669,0,597,Green
593,.39238095,.44619048,.41095239,.43476191,.4642857,.27333334,.30904764,.21380953,.36333334,.40476191,.32714286,.25619048,.2857143,.33285713,.29761904,.45238096,.36904761,.42857143,.28,.42285714,.37523809,.15476191,.39238095,.41047621,.26761904,.21428572,.36380953,.41666666,.43428573,.32142857,.29142857,.22619048,.41666666,.36380953,.35714287,.4447619,.29857144,.21571428,.47714287,.27809525,.20571429,.24619047,.45904762,.37190476,.24238095,.37952381,.31523809,.43809524,.19809523,.20809524,.27000001,.21857142,.18380952,.30238095,.42190474,.4552381,.22571428,.32190475,.20333333,.31190476,.32666665,.27952382,.44142857,.30857143,.20095238,.24095239,.21809524,.41571429,.3904762,.40333334,.41809523,.44142857,.54714286,.4342857,.4504762,.38809523,.45857143,.40333331,.36619049,.43666667,.45095238,.4804762,.56,.42142856,.57619047,.52952379,.54285717,.39809525,.43095237,.49666667,.4952381,.37428573,.46285713,.45761904,.34714285,.56238097,.37619048,.40809524,.38428572,.3052381,.39380953,.41095239,.42285714,.36904761,.3247619,.43523809,.45142856,.43571427,.2752381,.66666669,.33333334,593,Green
598,.39285713,.42857143,.42857143,.42857143,.4642857,.4642857,.42857143,.26857144,.39285713,.41142857,.32142857,.25,.26857144,.34,.32142857,.44571429,.32142857,.55428571,.26857144,.5714286,.34,.14285715,.42857143,.39285713,.41142857,.23142858,.34,.37428573,.42857143,.32142857,.30285713,.26857144,.41142857,.42857143,.34,.47428572,.33714285,.26285714,.28428572,.29571429,.23714286,.21142857,.39857143,.44,.25,.38285714,.39428571,.39571428,.14285715,.14285715,.19857143,.31428573,.18571429,.40428573,.42571428,.5,.25714287,.23428571,.18571429,.32285714,.41857144,.30285713,.47142857,.22857143,.20142858,.28714284,.20571429,.47285715,.38571429,.48428571,.36857143,.38142857,.54428571,.64571428,.44285715,.40857142,.41285715,.41428572,.38714287,.40857142,.46285716,.50428569,.58857143,.44,.55285716,.5657143,.65428573,.46285716,.48285714,.55428571,.54714286,.43142858,.59857142,.42571428,.30285713,.55000001,.40857142,.40857142,.34285715,.39142856,.63428569,.43000001,.45142856,.41142857,.22571428,.47428572,.47,.44857141,.2557143,0,0,598,Neutral
596,.36904761,.45809525,.39904761,.44047618,.45238096,.32714286,.33333334,.26761904,.37523809,.44047618,.35142857,.27380952,.27952382,.37523809,.33333334,.44095239,.35095239,.42857143,.29142857,.42857143,.36904761,.17238095,.38666669,.39285713,.33333334,.20190476,.39285713,.41047621,.45809525,.35666665,.34523809,.24380952,.42857143,.35142857,.35714287,.48952383,.31714284,.22571428,.53428572,.28619048,.26380953,.33190477,.51904762,.44,.30952382,.4261905,.40571427,.40333334,.20095238,.19333333,.26666665,.29857144,.21285714,.31,.44,.50238097,.22523808,.32523808,.2195238,.32142857,.37285715,.26238096,.42000002,.35095239,.21047619,.27428573,.24190477,.45904762,.3952381,.43380952,.48571429,.46857142,.55238098,.52476192,.52190477,.42380953,.50285715,.40142858,.41952381,.50952381,.47523808,.48857144,.56,.50095236,.56952381,.49952382,.54761904,.45380953,.41619048,.53714287,.46714285,.39428571,.55619049,.53952384,.37333333,.58238095,.44047618,.47904763,.40380952,.31333333,.47047618,.45666665,.47666666,.39095238,.34904763,.43047619,.51809525,.45190477,.3157143,.33333334,0,596,Green
595,.37428573,.44571429,.41142857,.51714283,.44571429,.26857144,.2857143,.25,.35714287,.39285713,.30285713,.26857144,.2857143,.30285713,.32142857,.42857143,.2857143,.42857143,.25,.42857143,.32142857,.14285715,.34,.39285713,.25,.17857143,.34,.39285713,.42857143,.2857143,.2857143,.25,.42857143,.30285713,.2857143,.43000001,.37142858,.19714285,.65428573,.33142856,.22714286,.24428572,.50285715,.45571429,.28428572,.46000001,.36714286,.48142856,.16857143,.19857143,.35571429,.20571429,.16857143,.30714285,.45857143,.44,.26571429,.30142859,.19857143,.31285715,.34571427,.25428572,.47428572,.28714284,.21142857,.23999999,.20714286,.37285715,.35142857,.38714287,.51714283,.4642857,.55000001,.48428571,.49714285,.41571429,.47428572,.39571428,.38714287,.44571429,.52285713,.48571429,.5714286,.48857144,.60285717,.56999999,.58285713,.46142858,.45142856,.51571429,.57999998,.42714286,.51571429,.4942857,.36428571,.61428571,.41857144,.43285716,.33857143,.33142856,.48428571,.49285713,.44571429,.43142858,.32142857,.47285715,.49857143,.5057143,.30857143,1,0,595,Green
855,.37428573,.41142857,.37428573,.42857143,.42857143,.41142857,.35714287,.23142858,.2857143,.41142857,.32142857,.21428572,.21428572,.26857144,.2857143,.4642857,.26857144,.48285714,.21428572,.51714283,.26857144,.14285715,.39285713,.35714287,.42857143,.16,.2857143,.35714287,.41142857,.30285713,.30285713,.23142858,.39285713,.42857143,.26857144,.34714285,.24142857,.25285715,.52142859,.35571429,.25999999,.27285713,.38999999,.34714285,.22,.32428572,.32285714,.33857143,.22,.2,.24714285,.31428573,.23285714,.34428573,.39571428,.46571428,.21285714,.26428571,.2,.39142856,.31142858,.27571428,.39142856,.23857144,.22142857,.22,.23857144,.29428571,.38428572,.44,.46000001,.49857143,.50714284,.62857145,.38714287,.37,.45285714,.36000001,.2857143,.42571428,.46857142,.51714283,.49000001,.47285715,.48285714,.49714285,.62285715,.32285714,.56,.51857144,.52142859,.33142856,.5657143,.44142857,.31285715,.56,.34714285,.38857144,.36714286,.36000001,.51285714,.31142858,.44571429,.26428571,.31428573,.45571429,.49857143,.51999998,.30857143,0,0,855,Neutral
594,.37428573,.41142857,.37428573,.42857143,.42857143,.41142857,.35714287,.23142858,.2857143,.41142857,.32142857,.21428572,.21428572,.26857144,.2857143,.4642857,.26857144,.48285714,.21428572,.51714283,.26857144,.14285715,.39285713,.35714287,.42857143,.16,.2857143,.35714287,.41142857,.30285713,.30285713,.23142858,.39285713,.42857143,.26857144,.34714285,.24142857,.25285715,.52142859,.35571429,.25999999,.27285713,.38999999,.34714285,.22,.32428572,.32285714,.33857143,.22,.2,.24714285,.31428573,.23285714,.34428573,.39571428,.46571428,.21285714,.26428571,.2,.39142856,.31142858,.27571428,.39142856,.23857144,.22142857,.22,.23857144,.29428571,.38428572,.44,.46000001,.49857143,.50714284,.62857145,.38714287,.37,.45285714,.36000001,.2857143,.42571428,.46857142,.51714283,.49000001,.47285715,.48285714,.49714285,.62285715,.32285714,.56,.51857144,.52142859,.33142856,.5657143,.44142857,.31285715,.56,.34714285,.38857144,.36714286,.36000001,.51285714,.31142858,.44571429,.26428571,.31428573,.45571429,.49857143,.51999998,.30857143,0,0,594,Neutral
599,.36904761,.45809525,.39904761,.44047618,.45238096,.32714286,.33333334,.26761904,.37523809,.44047618,.35142857,.27380952,.27952382,.37523809,.33333334,.44095239,.35095239,.42857143,.29142857,.42857143,.36904761,.17238095,.38666669,.39285713,.33333334,.20190476,.39285713,.41047621,.45809525,.35666665,.34523809,.24380952,.42857143,.35142857,.35714287,.48952383,.31714284,.22571428,.53428572,.28619048,.26380953,.33190477,.51904762,.44,.30952382,.4261905,.40571427,.40333334,.20095238,.19333333,.26666665,.29857144,.21285714,.31,.44,.50238097,.22523808,.32523808,.2195238,.32142857,.37285715,.26238096,.42000002,.35095239,.21047619,.27428573,.24190477,.45904762,.3952381,.43380952,.48571429,.46857142,.55238098,.52476192,.52190477,.42380953,.50285715,.40142858,.41952381,.50952381,.47523808,.48857144,.56,.50095236,.56952381,.49952382,.54761904,.45380953,.41619048,.53714287,.46714285,.39428571,.55619049,.53952384,.37333333,.58238095,.44047618,.47904763,.40380952,.31333333,.47047618,.45666665,.47666666,.39095238,.34904763,.43047619,.51809525,.45190477,.3157143,.33333334,0,599,Green
616,.39285713,.42857143,.42857143,.39285713,.4642857,.48285714,.34,.26857144,.34,.44571429,.34,.19714285,.19714285,.37428573,.2857143,.42857143,.2857143,.55428571,.26857144,.55428571,.30285713,.14285715,.41142857,.39285713,.44571429,.19714285,.34,.39285713,.42857143,.30285713,.30285713,.23142858,.42857143,.4642857,.30285713,.40142858,.23714286,.21857142,.36142856,.26285714,.29285714,.27571428,.31,.36714286,.21714285,.4642857,.36571428,.40428573,.14285715,.17285714,.15714286,.27285713,.2,.48142856,.36428571,.56285715,.24285714,.33428571,.15714286,.29428571,.52999997,.26857144,.38142857,.22285715,.20857143,.34857142,.19428572,.38571429,.44142857,.42714286,.38428572,.27000001,.55571431,.62142855,.45571429,.40000001,.44428572,.33428571,.34285715,.42142856,.40428573,.51714283,.52428573,.38,.50999999,.51142859,.57428569,.36285713,.41571429,.58571428,.51285714,.32428572,.59285712,.46714285,.19571428,.45714286,.21285714,.40571427,.37857142,.47285715,.56142855,.32142857,.39428571,.24571429,.22571428,.41714287,.51857144,.48857144,.26428571,1,1,616,Both Green and Brown
614,.41095239,.47666666,.45190477,.43476191,.51761901,.44,.38047621,.20761904,.43523809,.45190477,.41095239,.23857144,.28523809,.42285714,.35761905,.5,.38714287,.53571427,.2204762,.55333334,.38714287,.17857143,.44047618,.42857143,.44666666,.18476191,.35761905,.41714287,.45857143,.33285713,.35714287,.1847619,.40523809,.45857143,.41666666,.43476191,.33238095,.20809524,.33238095,.3952381,.26333332,.31,.40190476,.29666668,.27238095,.44952381,.39142856,.42714286,.14666666,.16142857,.2204762,.28999999,.18285714,.30095237,.51999998,.54761904,.27000001,.39619046,.17333333,.36619049,.3790476,.35333332,.42523807,.2947619,.21380953,.22095238,.22428572,.41,.38285714,.44904763,.50619048,.46333334,.58190477,.64809525,.53428572,.3952381,.48523811,.47571427,.37857145,.49809524,.47380954,.47333333,.55333334,.47333333,.58380955,.56809527,.63333333,.45238096,.50285715,.55190474,.56380951,.38285714,.53619045,.47238097,.43095237,.58285713,.28428572,.47095236,.42571428,.38904762,.58428574,.42380953,.42095238,.36714286,.38809523,.42333335,.52904761,.46190476,.29904762,.33333334,.66666669,614,Brown
617,.36857143,.43654761,.40992063,.42091271,.43523809,.41515872,.37027779,.17757937,.33420634,.41039684,.33761907,.23317461,.25448412,.3311508,.31376985,.47194442,.2938889,.49257934,.18257937,.49103174,.31023809,.14583334,.3911508,.39484125,.39984128,.18305555,.32694444,.38246033,.40376985,.27865079,.2677778,.2009127,.39015874,.41869047,.32988095,.40888888,.30924603,.23309523,.33408731,.32412699,.26785713,.29488096,.3781746,.30988097,.29650792,.40686506,.34269843,.43293649,.16849206,.19563492,.24011905,.26087302,.19091269,.32503968,.42063493,.49555555,.26757938,.35460317,.20333333,.32619047,.41210318,.27305555,.41777778,.30333334,.20801587,.27440476,.24809523,.41424602,.4220635,.45357144,.43083334,.36317462,.5422619,.5973413,.45186508,.43507937,.43011904,.43126982,.36579365,.44654763,.46369046,.51238096,.52440476,.40285712,.59896827,.50857145,.58178574,.42781746,.46777779,.51166666,.54416668,.38488096,.57777774,.45261905,.30420634,.56849205,.2702381,.45496032,.37781745,.36246032,.54317456,.38746032,.40170634,.29968256,.2815873,.42158732,.45817462,.45234129,.27345237,.055555556,.91666669,617,Brown
615,.44571429,.55428571,.48285714,.44571429,.51714283,.34,.35714287,.19714285,.42857143,.51714283,.42857143,.23142858,.30285713,.42857143,.35714287,.53571427,.37428573,.5,.32142857,.5,.35714287,.14285715,.35714287,.44571429,.30285713,.26857144,.37428573,.41142857,.48285714,.37428573,.37428573,.25,.48285714,.39285713,.41142857,.45285714,.41571429,.19285715,.37285715,.34,.25428572,.32285714,.45285714,.40428573,.33571428,.38142857,.4757143,.44142857,.15428571,.14857143,.18000001,.28,.20428571,.5657143,.52999997,.42857143,.22,.37285715,.19,.34,.42857143,.2742857,.58999997,.36714286,.19714285,.25,.19714285,.45285714,.48285714,.38714287,.48857144,.5057143,.54142857,.55428571,.52999997,.4342857,.5,.61285716,.39285713,.4642857,.54714286,.61285716,.6185714,.5,.60142857,.59571427,.60142857,.42857143,.54142857,.6314286,.59571427,.48857144,.56,.55428571,.5,.60714287,.42285714,.53571427,.41142857,.35142857,.45857143,.42857143,.52428573,.33285713,.34142858,.5,.57714283,.59571427,.34571427,0,0,615,Neutral
613,.44571429,.55428571,.44571429,.53571427,.53571427,.30285713,.32142857,.16,.42857143,.51714283,.44571429,.32142857,.30285713,.55428571,.34,.53571427,.42857143,.39285713,.41142857,.44571429,.42857143,.17857143,.42857143,.5,.32142857,.21428572,.42857143,.53571427,.55428571,.44571429,.42857143,.2857143,.55428571,.32142857,.44571429,.58571428,.46000001,.20428571,.36285713,.30428571,.30714285,.46285716,.41999999,.41,.31428573,.44999999,.44,.50142854,.15428571,.25142857,.20571429,.20857143,.18714286,.28285715,.46285716,.44999999,.20428571,.51142859,.2557143,.29142857,.62,.36428571,.41999999,.31999999,.29285714,.22571428,.23714286,.32571429,.51999998,.36285713,.56714284,.41285715,.62,.55000001,.52285713,.45857143,.52285713,.50714284,.41857144,.51999998,.43857142,.56285715,.63285714,.59142858,.4642857,.5657143,.59857142,.44,.53428572,.63857144,.60000002,.52714288,.42857143,.55285716,.47999999,.43857142,.28142858,.56285715,.46714285,.44,.46000001,.50285715,.53714287,.37142858,.44714287,.51857144,.55142856,.52285713,.53285712,1,0,613,Green
628,.44571429,.55428571,.44571429,.53571427,.53571427,.30285713,.32142857,.16,.42857143,.51714283,.44571429,.32142857,.30285713,.55428571,.34,.53571427,.42857143,.39285713,.41142857,.44571429,.42857143,.17857143,.42857143,.5,.32142857,.21428572,.42857143,.53571427,.55428571,.44571429,.42857143,.2857143,.55428571,.32142857,.44571429,.58571428,.46000001,.20428571,.36285713,.30428571,.30714285,.46285716,.41999999,.41,.31428573,.44999999,.44,.50142854,.15428571,.25142857,.20571429,.20857143,.18714286,.28285715,.46285716,.44999999,.20428571,.51142859,.2557143,.29142857,.62,.36428571,.41999999,.31999999,.29285714,.22571428,.23714286,.32571429,.51999998,.36285713,.56714284,.41285715,.62,.55000001,.52285713,.45857143,.52285713,.50714284,.41857144,.51999998,.43857142,.56285715,.63285714,.59142858,.4642857,.5657143,.59857142,.44,.53428572,.63857144,.60000002,.52714288,.42857143,.55285716,.47999999,.43857142,.28142858,.56285715,.46714285,.44,.46000001,.50285715,.53714287,.37142858,.44714287,.51857144,.55142856,.52285713,.53285712,1,0,628,Green
639,.39285713,.42857143,.42857143,.42857143,.44571429,.41142857,.37428573,.35714287,.35714287,.39285713,.30285713,.23142858,.25,.2857143,.41142857,.44571429,.34,.4642857,.2857143,.44571429,.32142857,.25,.42857143,.41142857,.41142857,.21428572,.32142857,.41142857,.42857143,.35714287,.35714287,.26857144,.41142857,.42857143,.35714287,.30000001,.29285714,.18571429,.25999999,.23428571,.19285715,.33857143,.34285715,.43000001,.20857143,.31714284,.38571429,.38571429,.17428571,.14428571,.18857142,.14714286,.14714286,.18285714,.49571428,.47142857,.17857143,.2557143,.17571428,.31428573,.46571428,.18571429,.23142858,.19571428,.18142857,.20428571,.14714286,.23999999,.41571429,.29142857,.39571428,.27857143,.52571428,.67000002,.42142856,.35857144,.38142857,.44571429,.47857141,.42571428,.41,.46714285,.61571431,.34714285,.51999998,.55428571,.60714287,.38285714,.46571428,.52571428,.55428571,.37428573,.40000001,.48714286,.27285713,.46142858,.2,.50285715,.36857143,.32714286,.53571427,.38,.40857142,.28999999,.25428572,.41571429,.50428569,.48428571,.47999999,1,0,639,Green
635,.42857143,.42857143,.42857143,.41142857,.44571429,.42857143,.44571429,.23142858,.30285713,.44571429,.30285713,.19714285,.23142858,.26857144,.39285713,.44571429,.26857144,.4642857,.41142857,.4642857,.26857144,.23142858,.4642857,.41142857,.41142857,.25,.25,.35714287,.41142857,.39285713,.34,.39285713,.44571429,.42857143,.32142857,.33428571,.31285715,.15714286,.2,.21142857,.19285715,.37428573,.34714285,.48428571,.22285715,.39857143,.41857144,.43285716,.14285715,.14285715,.16571428,.16428572,.14285715,.18000001,.50285715,.63999999,.15714286,.22142857,.15000001,.30142859,.49714285,.17428571,.30428571,.17571428,.16428572,.20428571,.15714286,.22142857,.39142856,.27142859,.36857143,.24857143,.54000002,.53571427,.37857142,.39285713,.35285714,.40714285,.52571428,.35714287,.41714287,.49285713,.63857144,.33714285,.50285715,.49857143,.5057143,.44714287,.46857142,.58571428,.53571427,.32571429,.37857142,.50999999,.2742857,.41714287,.14285715,.43571427,.38142857,.31142858,.52999997,.28428572,.37428573,.2557143,.19571428,.53857142,.46285716,.51714283,.49714285,0,0,635,Neutral
655,.42857143,.42857143,.42857143,.41142857,.44571429,.42857143,.44571429,.23142858,.30285713,.44571429,.30285713,.19714285,.23142858,.26857144,.39285713,.44571429,.26857144,.4642857,.41142857,.4642857,.26857144,.23142858,.4642857,.41142857,.41142857,.25,.25,.35714287,.41142857,.39285713,.34,.39285713,.44571429,.42857143,.32142857,.33428571,.31285715,.15714286,.2,.21142857,.19285715,.37428573,.34714285,.48428571,.22285715,.39857143,.41857144,.43285716,.14285715,.14285715,.16571428,.16428572,.14285715,.18000001,.50285715,.63999999,.15714286,.22142857,.15000001,.30142859,.49714285,.17428571,.30428571,.17571428,.16428572,.20428571,.15714286,.22142857,.39142856,.27142859,.36857143,.24857143,.54000002,.53571427,.37857142,.39285713,.35285714,.40714285,.52571428,.35714287,.41714287,.49285713,.63857144,.33714285,.50285715,.49857143,.5057143,.44714287,.46857142,.58571428,.53571427,.32571429,.37857142,.50999999,.2742857,.41714287,.14285715,.43571427,.38142857,.31142858,.52999997,.28428572,.37428573,.2557143,.19571428,.53857142,.46285716,.51714283,.49714285,0,0,655,Neutral
634,.42857143,.42857143,.42857143,.41142857,.44571429,.42857143,.44571429,.23142858,.30285713,.44571429,.30285713,.19714285,.23142858,.26857144,.39285713,.44571429,.26857144,.4642857,.41142857,.4642857,.26857144,.23142858,.4642857,.41142857,.41142857,.25,.25,.35714287,.41142857,.39285713,.34,.39285713,.44571429,.42857143,.32142857,.33428571,.31285715,.15714286,.2,.21142857,.19285715,.37428573,.34714285,.48428571,.22285715,.39857143,.41857144,.43285716,.14285715,.14285715,.16571428,.16428572,.14285715,.18000001,.50285715,.63999999,.15714286,.22142857,.15000001,.30142859,.49714285,.17428571,.30428571,.17571428,.16428572,.20428571,.15714286,.22142857,.39142856,.27142859,.36857143,.24857143,.54000002,.53571427,.37857142,.39285713,.35285714,.40714285,.52571428,.35714287,.41714287,.49285713,.63857144,.33714285,.50285715,.49857143,.5057143,.44714287,.46857142,.58571428,.53571427,.32571429,.37857142,.50999999,.2742857,.41714287,.14285715,.43571427,.38142857,.31142858,.52999997,.28428572,.37428573,.2557143,.19571428,.53857142,.46285716,.51714283,.49714285,0,0,634,Neutral
637,.39285713,.42857143,.42857143,.42857143,.44571429,.41142857,.37428573,.35714287,.35714287,.39285713,.30285713,.23142858,.25,.2857143,.41142857,.44571429,.34,.4642857,.2857143,.44571429,.32142857,.25,.42857143,.41142857,.41142857,.21428572,.32142857,.41142857,.42857143,.35714287,.35714287,.26857144,.41142857,.42857143,.35714287,.30000001,.29285714,.18571429,.25999999,.23428571,.19285715,.33857143,.34285715,.43000001,.20857143,.31714284,.38571429,.38571429,.17428571,.14428571,.18857142,.14714286,.14714286,.18285714,.49571428,.47142857,.17857143,.2557143,.17571428,.31428573,.46571428,.18571429,.23142858,.19571428,.18142857,.20428571,.14714286,.23999999,.41571429,.29142857,.39571428,.27857143,.52571428,.67000002,.42142856,.35857144,.38142857,.44571429,.47857141,.42571428,.41,.46714285,.61571431,.34714285,.51999998,.55428571,.60714287,.38285714,.46571428,.52571428,.55428571,.37428573,.40000001,.48714286,.27285713,.46142858,.2,.50285715,.36857143,.32714286,.53571427,.38,.40857142,.28999999,.25428572,.41571429,.50428569,.48428571,.47999999,1,0,637,Green
649,.34,.42857143,.37428573,.35714287,.42857143,.37428573,.32142857,.14285715,.32142857,.41142857,.32142857,.26857144,.26857144,.30285713,.2857143,.44571429,.2857143,.42857143,.26857144,.44571429,.30285713,.23142858,.42857143,.44571429,.30285713,.16,.32142857,.39285713,.42857143,.2857143,.2857143,.30285713,.39285713,.37428573,.32142857,.42142856,.33857143,.15285714,.16428572,.33714285,.27142859,.39571428,.49142858,.43142858,.21857142,.32428572,.38999999,.38285714,.33000001,.14285715,.22714286,.16571428,.16571428,.26571429,.40428573,.43285716,.14285715,.2742857,.17,.18571429,.59285712,.17571428,.25999999,.31285715,.15000001,.23142858,.15000001,.23,.49000001,.42142856,.38571429,.41428572,.50857145,.56285715,.34428573,.37142858,.35285714,.45142856,.4342857,.45142856,.46000001,.48428571,.59142858,.35285714,.52142859,.52714288,.4642857,.42142856,.51571429,.4942857,.50999999,.32428572,.38999999,.52999997,.30714285,.4642857,.33285713,.49142858,.34,.34,.51714283,.35285714,.45285714,.33714285,.23428571,.50285715,.4642857,.4642857,.49142858,0,0,649,Neutral
645,.39285713,.42857143,.42000002,.39285713,.43714285,.35714287,.3757143,.19714285,.33071429,.42000002,.32142857,.20500001,.23285714,.29428571,.35714287,.44642857,.27714288,.48142856,.35714287,.48285714,.2857143,.27642858,.45499998,.42000002,.34785712,.23214287,.27714288,.37428573,.42857143,.29428571,.29428571,.29428571,.42000002,.38357145,.35714287,.34357142,.29642856,.15642858,.19285715,.23214287,.17785715,.34928572,.32714286,.52071428,.24357143,.32999998,.465,.33928573,.14714286,.16357143,.14428571,.15642858,.15571429,.17714286,.51071429,.48071429,.14285715,.25928572,.16642857,.3107143,.47428572,.17285714,.22857143,.20857143,.15571429,.18857142,.15571429,.23214285,.36285716,.28357142,.36428571,.27857143,.5007143,.62142861,.35857141,.39142859,.31928569,.38642859,.50428569,.40928572,.375,.45285714,.59357142,.35071427,.46857142,.49642858,.51642859,.35785717,.41642857,.48428571,.47071427,.36500001,.38642856,.47214285,.3157143,.42357144,.19785714,.44357145,.38571429,.35428572,.49285716,.29500002,.35857141,.25642857,.23071429,.46214285,.45142859,.5057143,.47999999,0,.5,645,Brown
644,.39285713,.39285713,.41142857,.34,.4642857,.48285714,.42857143,.16,.35714287,.41142857,.35714287,.2857143,.30285713,.34,.39285713,.42857143,.32142857,.53571427,.26857144,.55428571,.32142857,.21428572,.5,.41142857,.48285714,.16,.30285713,.35714287,.35714287,.35714287,.32142857,.26857144,.39285713,.42857143,.35714287,.35428572,.29857144,.20285714,.2,.29428571,.22714286,.31,.38428572,.34428573,.28999999,.38999999,.35285714,.44714287,.17571428,.2,.21428572,.21857142,.18142857,.26428571,.49857143,.51571429,.18571429,.28428572,.17714286,.26857144,.41428572,.23,.29285714,.26714286,.19571428,.19142857,.18571429,.29142857,.39142856,.34,.34571427,.31,.48857144,.65142858,.34999999,.37285715,.2742857,.47,.32857144,.42142856,.4942857,.4642857,.60142857,.33000001,.56142855,.51857144,.57428569,.33428571,.49571428,.51571429,.52285713,.30571428,.33714285,.53285712,.28714284,.52571428,.21857142,.44285715,.31142858,.34,.49714285,.38142857,.33142856,.29142857,.22,.43857142,.43000001,.43142858,.45428571,0,1,644,Brown
643,.42857143,.42857143,.42857143,.39285713,.5,.48285714,.44571429,.30285713,.37428573,.42857143,.39285713,.21428572,.26857144,.32142857,.32142857,.44571429,.34,.51714283,.39285713,.53571427,.32142857,.14285715,.48285714,.44571429,.4642857,.2857143,.35714287,.39285713,.41142857,.34,.34,.25,.42857143,.4642857,.39285713,.39142856,.32857144,.24714285,.55285716,.34428573,.23857144,.31142858,.44428572,.58428574,.30142859,.41857144,.43000001,.41428572,.14285715,.14428571,.28999999,.21714285,.17285714,.28714284,.58428574,.54571426,.22714286,.34857142,.17142858,.34428573,.54571426,.25285715,.41142857,.40000001,.17714286,.18428572,.19,.26571429,.46714285,.46285716,.38714287,.34857142,.57428569,.65142858,.37571427,.56,.46142858,.42857143,.51999998,.51142859,.55857146,.60571426,.55000001,.48571429,.64999998,.55000001,.60000002,.34571427,.56142855,.62857145,.58428574,.34999999,.60285717,.55571431,.33857143,.63428569,.29428571,.47857141,.36000001,.38285714,.61571431,.44285715,.45714286,.30000001,.22142857,.49857143,.47999999,.56999999,.31,1,0,643,Green
656,.39285713,.42857143,.42000002,.39285713,.43714285,.35714287,.3757143,.19714285,.33071429,.42000002,.32142857,.20500001,.23285714,.29428571,.35714287,.44642857,.27714288,.48142856,.35714287,.48285714,.2857143,.27642858,.45499998,.42000002,.34785712,.23214287,.27714288,.37428573,.42857143,.29428571,.29428571,.29428571,.42000002,.38357145,.35714287,.34357142,.29642856,.15642858,.19285715,.23214287,.17785715,.34928572,.32714286,.52071428,.24357143,.32999998,.465,.33928573,.14714286,.16357143,.14428571,.15642858,.15571429,.17714286,.51071429,.48071429,.14285715,.25928572,.16642857,.3107143,.47428572,.17285714,.22857143,.20857143,.15571429,.18857142,.15571429,.23214285,.36285716,.28357142,.36428571,.27857143,.5007143,.62142861,.35857141,.39142859,.31928569,.38642859,.50428569,.40928572,.375,.45285714,.59357142,.35071427,.46857142,.49642858,.51642859,.35785717,.41642857,.48428571,.47071427,.36500001,.38642856,.47214285,.3157143,.42357144,.19785714,.44357145,.38571429,.35428572,.49285716,.29500002,.35857141,.25642857,.23071429,.46214285,.45142859,.5057143,.47999999,0,.5,656,Brown
676,.39285713,.42857143,.42000002,.39285713,.43714285,.35714287,.3757143,.19714285,.33071429,.42000002,.32142857,.20500001,.23285714,.29428571,.35714287,.44642857,.27714288,.48142856,.35714287,.48285714,.2857143,.27642858,.45499998,.42000002,.34785712,.23214287,.27714288,.37428573,.42857143,.29428571,.29428571,.29428571,.42000002,.38357145,.35714287,.34357142,.29642856,.15642858,.19285715,.23214287,.17785715,.34928572,.32714286,.52071428,.24357143,.32999998,.465,.33928573,.14714286,.16357143,.14428571,.15642858,.15571429,.17714286,.51071429,.48071429,.14285715,.25928572,.16642857,.3107143,.47428572,.17285714,.22857143,.20857143,.15571429,.18857142,.15571429,.23214285,.36285716,.28357142,.36428571,.27857143,.5007143,.62142861,.35857141,.39142859,.31928569,.38642859,.50428569,.40928572,.375,.45285714,.59357142,.35071427,.46857142,.49642858,.51642859,.35785717,.41642857,.48428571,.47071427,.36500001,.38642856,.47214285,.3157143,.42357144,.19785714,.44357145,.38571429,.35428572,.49285716,.29500002,.35857141,.25642857,.23071429,.46214285,.45142859,.5057143,.47999999,0,.5,676,Brown
659,.39285713,.44571429,.41142857,.41142857,.44571429,.32142857,.34,.14285715,.39285713,.42857143,.35714287,.26857144,.30285713,.37428573,.2857143,.44571429,.32142857,.39285713,.30285713,.42857143,.35714287,.16,.41142857,.39285713,.34,.16,.41142857,.39285713,.42857143,.30285713,.30285713,.21428572,.42857143,.35714287,.34,.34571427,.2557143,.17857143,.34857142,.32285714,.23142858,.22142857,.38999999,.41571429,.21571429,.40285715,.2742857,.39714286,.19142857,.23,.24571429,.20714286,.16571428,.28999999,.36857143,.43142858,.17857143,.26428571,.17857143,.23,.46571428,.23285714,.34285715,.24285714,.19857143,.2,.19571428,.29571429,.38714287,.41714287,.40285715,.35142857,.51999998,.41142857,.43142858,.41857144,.39714286,.36857143,.28142858,.50428569,.46142858,.51428574,.58428574,.40714285,.54428571,.53142858,.55571431,.39714286,.51999998,.56857145,.52714288,.39142856,.31857142,.49714285,.32285714,.52999997,.33857143,.45142856,.40428573,.23285714,.38285714,.42142856,.39714286,.29571429,.33714285,.51999998,.45285714,.51999998,.36428571,0,0,659,Neutral
654,.39285713,.41142857,.41142857,.42857143,.44571429,.39285713,.34,.35714287,.39285713,.42857143,.32142857,.25,.26857144,.41142857,.42857143,.42857143,.2857143,.41142857,.2857143,.39285713,.30285713,.17857143,.39285713,.42857143,.39285713,.25,.32142857,.37428573,.42857143,.32142857,.2857143,.2857143,.42857143,.41142857,.34,.48428571,.28857142,.15142857,.51142859,.24714285,.17428571,.28,.43857142,.45857143,.25857142,.38571429,.41,.46714285,.15142857,.16,.16571428,.22,.15285714,.21142857,.53428572,.57285714,.18428572,.31999999,.16,.30857143,.44142857,.22285715,.36571428,.31857142,.19,.18000001,.15142857,.2857143,.40714285,.36857143,.38999999,.38285714,.55142856,.53428572,.42142856,.39428571,.39285713,.38714287,.5057143,.48285714,.45714286,.47285715,.5657143,.47714287,.54857141,.48714286,.54142857,.42428571,.38857144,.51285714,.48714286,.34,.51285714,.50428569,.28857142,.54714286,.35857144,.41285715,.33285713,.34142858,.40571427,.38428572,.40285715,.31285715,.24142857,.44857141,.45714286,.46000001,.30285713,1,0,654,Green
657,.39285713,.41142857,.41142857,.39285713,.42857143,.41142857,.42857143,.23142858,.32142857,.42857143,.32142857,.25,.25,.35714287,.41142857,.44571429,.2857143,.44571429,.42857143,.5,.32142857,.23142858,.48285714,.41142857,.41142857,.19714285,.34,.37428573,.42857143,.2857143,.32142857,.26857144,.42857143,.42857143,.34,.31142858,.21428572,.17714286,.54571426,.25428572,.17857143,.29285714,.26571429,.49000001,.21142857,.34857142,.43571427,.31857142,.15285714,.17428571,.2,.22,.19571428,.28857142,.60142857,.49142858,.23571429,.2857143,.16714285,.25285715,.52428573,.25142857,.30000001,.28857142,.16714285,.17571428,.17857143,.25,.46142858,.29857144,.30285713,.35428572,.48857144,.58999997,.35285714,.36428571,.34999999,.32285714,.39714286,.39714286,.54857141,.48142856,.59714288,.29857144,.58999997,.51428574,.53428572,.43714285,.47999999,.55285716,.48142856,.34999999,.40285715,.45857143,.35285714,.55714285,.46285716,.47285715,.24285714,.36142856,.44428572,.38285714,.40857142,.41142857,.18857142,.47999999,.36428571,.43000001,.26857144,0,0,657,Neutral
658,.39285713,.44571429,.41142857,.41142857,.44571429,.32142857,.34,.14285715,.39285713,.42857143,.35714287,.26857144,.30285713,.37428573,.2857143,.44571429,.32142857,.39285713,.30285713,.42857143,.35714287,.16,.41142857,.39285713,.34,.16,.41142857,.39285713,.42857143,.30285713,.30285713,.21428572,.42857143,.35714287,.34,.34571427,.2557143,.17857143,.34857142,.32285714,.23142858,.22142857,.38999999,.41571429,.21571429,.40285715,.2742857,.39714286,.19142857,.23,.24571429,.20714286,.16571428,.28999999,.36857143,.43142858,.17857143,.26428571,.17857143,.23,.46571428,.23285714,.34285715,.24285714,.19857143,.2,.19571428,.29571429,.38714287,.41714287,.40285715,.35142857,.51999998,.41142857,.43142858,.41857144,.39714286,.36857143,.28142858,.50428569,.46142858,.51428574,.58428574,.40714285,.54428571,.53142858,.55571431,.39714286,.51999998,.56857145,.52714288,.39142856,.31857142,.49714285,.32285714,.52999997,.33857143,.45142856,.40428573,.23285714,.38285714,.42142856,.39714286,.29571429,.33714285,.51999998,.45285714,.51999998,.36428571,0,0,658,Neutral
646,.39285713,.41142857,.41142857,.42857143,.44571429,.39285713,.34,.35714287,.39285713,.42857143,.32142857,.25,.26857144,.41142857,.42857143,.42857143,.2857143,.41142857,.2857143,.39285713,.30285713,.17857143,.39285713,.42857143,.39285713,.25,.32142857,.37428573,.42857143,.32142857,.2857143,.2857143,.42857143,.41142857,.34,.48428571,.28857142,.15142857,.51142859,.24714285,.17428571,.28,.43857142,.45857143,.25857142,.38571429,.41,.46714285,.15142857,.16,.16571428,.22,.15285714,.21142857,.53428572,.57285714,.18428572,.31999999,.16,.30857143,.44142857,.22285715,.36571428,.31857142,.19,.18000001,.15142857,.2857143,.40714285,.36857143,.38999999,.38285714,.55142856,.53428572,.42142856,.39428571,.39285713,.38714287,.5057143,.48285714,.45714286,.47285715,.5657143,.47714287,.54857141,.48714286,.54142857,.42428571,.38857144,.51285714,.48714286,.34,.51285714,.50428569,.28857142,.54714286,.35857144,.41285715,.33285713,.34142858,.40571427,.38428572,.40285715,.31285715,.24142857,.44857141,.45714286,.46000001,.30285713,1,0,646,Green
653,.39285713,.41142857,.41142857,.42857143,.44571429,.39285713,.34,.35714287,.39285713,.42857143,.32142857,.25,.26857144,.41142857,.42857143,.42857143,.2857143,.41142857,.2857143,.39285713,.30285713,.17857143,.39285713,.42857143,.39285713,.25,.32142857,.37428573,.42857143,.32142857,.2857143,.2857143,.42857143,.41142857,.34,.48428571,.28857142,.15142857,.51142859,.24714285,.17428571,.28,.43857142,.45857143,.25857142,.38571429,.41,.46714285,.15142857,.16,.16571428,.22,.15285714,.21142857,.53428572,.57285714,.18428572,.31999999,.16,.30857143,.44142857,.22285715,.36571428,.31857142,.19,.18000001,.15142857,.2857143,.40714285,.36857143,.38999999,.38285714,.55142856,.53428572,.42142856,.39428571,.39285713,.38714287,.5057143,.48285714,.45714286,.47285715,.5657143,.47714287,.54857141,.48714286,.54142857,.42428571,.38857144,.51285714,.48714286,.34,.51285714,.50428569,.28857142,.54714286,.35857144,.41285715,.33285713,.34142858,.40571427,.38428572,.40285715,.31285715,.24142857,.44857141,.45714286,.46000001,.30285713,1,0,653,Green
668,.42857143,.42857143,.42857143,.39285713,.5,.32142857,.37428573,.17857143,.35714287,.42857143,.39285713,.30285713,.2857143,.34,.35714287,.42857143,.34,.39285713,.30285713,.41142857,.35714287,.14285715,.39285713,.44571429,.35714287,.17857143,.41142857,.41142857,.42857143,.30285713,.32142857,.26857144,.42857143,.34,.37428573,.31,.23857144,.18714286,.34285715,.21857142,.22857143,.22428571,.40857142,.43142858,.18428572,.38999999,.25,.28999999,.15142857,.15285714,.21571429,.16428572,.16,.21285714,.37714285,.39714286,.16,.31428573,.18142857,.20857143,.43857142,.18428572,.26857144,.26714286,.15142857,.23,.18571429,.23857144,.38142857,.34142858,.40428573,.41857144,.44714287,.45428571,.47285715,.41285715,.35285714,.30714285,.36000001,.42571428,.52142859,.46285716,.54714286,.36714286,.56999999,.49571428,.55142856,.32428572,.50999999,.51714283,.46714285,.41142857,.37285715,.49857143,.40285715,.52857143,.42142856,.43857142,.36571428,.24571429,.38428572,.41714287,.45285714,.45857143,.30285713,.5,.39428571,.46285716,.32714286,0,0,668,Neutral
667,.36571431,.40142858,.38357145,.34785715,.41071427,.21428573,.23214287,.14285715,.31214285,.41071427,.30357143,.25928572,.2857143,.31285715,.30428571,.38357145,.30285713,.33928573,.31285715,.36571431,.31214285,.14285715,.32999998,.36571431,.21428573,.14285715,.35714287,.38428572,.40142858,.2857143,.27714288,.25,.42857143,.29428571,.34857142,.41071427,.36500001,.16071428,.18714285,.20071429,.28714287,.24142857,.57500005,.45285714,.38428569,.33928573,.26714286,.46357143,.27571428,.16500001,.21214285,.16142857,.19285715,.23428571,.42785713,.33214286,.17642857,.32714283,.19428572,.19214284,.45642859,.28928572,.24857143,.41642857,.24571428,.22999999,.17714286,.22642857,.34071428,.28,.29214287,.37785715,.34928572,.52142859,.27500001,.38785714,.25928572,.36000001,.33500001,.39500001,.44285715,.37928569,.5007143,.31214285,.47999999,.46642858,.45714286,.34571427,.47499999,.51785713,.38999999,.40428573,.24285716,.52714288,.31214285,.35357141,.47214288,.35714287,.30714285,.22928572,.34642857,.39714286,.45428571,.38714284,.19214286,.55285716,.32571429,.46785715,.24285716,0,0,667,Neutral
669,.30285713,.42857143,.34,.35714287,.41142857,.14285715,.26857144,.14285715,.2857143,.39285713,.16,.17857143,.21428572,.2857143,.23142858,.39285713,.26857144,.34,.25,.39285713,.32142857,.14285715,.35714287,.35714287,.16,.16,.35714287,.39285713,.41142857,.26857144,.16,.16,.35714287,.25,.26857144,.36428571,.28285715,.16857143,.21142857,.23428571,.18857142,.19857143,.43857142,.25,.31,.28142858,.26142856,.40571427,.17571428,.15285714,.26428571,.17428571,.20571429,.22857143,.39857143,.38285714,.17857143,.21428572,.16571428,.16142857,.36000001,.22714286,.23714286,.30571428,.18571429,.25428572,.16,.26857144,.28714284,.30285713,.26571429,.28999999,.41999999,.39571428,.26285714,.28857142,.27857143,.24142857,.24428572,.39428571,.33142856,.31142858,.38857144,.25999999,.44428572,.39857143,.38285714,.2742857,.38,.31999999,.38142857,.29142857,.16285715,.38571429,.26571429,.42285714,.3157143,.33571428,.28,.23,.27142859,.30714285,.27142859,.29142857,.22142857,.34428573,.27714285,.31714284,.20571429,0,0,669,Neutral
666,.36571431,.40142858,.38357145,.34785715,.41071427,.21428573,.23214287,.14285715,.31214285,.41071427,.30357143,.25928572,.2857143,.31285715,.30428571,.38357145,.30285713,.33928573,.31285715,.36571431,.31214285,.14285715,.32999998,.36571431,.21428573,.14285715,.35714287,.38428572,.40142858,.2857143,.27714288,.25,.42857143,.29428571,.34857142,.41071427,.36500001,.16071428,.18714285,.20071429,.28714287,.24142857,.57500005,.45285714,.38428569,.33928573,.26714286,.46357143,.27571428,.16500001,.21214285,.16142857,.19285715,.23428571,.42785713,.33214286,.17642857,.32714283,.19428572,.19214284,.45642859,.28928572,.24857143,.41642857,.24571428,.22999999,.17714286,.22642857,.34071428,.28,.29214287,.37785715,.34928572,.52142859,.27500001,.38785714,.25928572,.36000001,.33500001,.39500001,.44285715,.37928569,.5007143,.31214285,.47999999,.46642858,.45714286,.34571427,.47499999,.51785713,.38999999,.40428573,.24285716,.52714288,.31214285,.35357141,.47214288,.35714287,.30714285,.22928572,.34642857,.39714286,.45428571,.38714284,.19214286,.55285716,.32571429,.46785715,.24285716,0,0,666,Neutral
674,.30285713,.42857143,.34,.35714287,.41142857,.14285715,.26857144,.14285715,.2857143,.39285713,.16,.17857143,.21428572,.2857143,.23142858,.39285713,.26857144,.34,.25,.39285713,.32142857,.14285715,.35714287,.35714287,.16,.16,.35714287,.39285713,.41142857,.26857144,.16,.16,.35714287,.25,.26857144,.36428571,.28285715,.16857143,.21142857,.23428571,.18857142,.19857143,.43857142,.25,.31,.28142858,.26142856,.40571427,.17571428,.15285714,.26428571,.17428571,.20571429,.22857143,.39857143,.38285714,.17857143,.21428572,.16571428,.16142857,.36000001,.22714286,.23714286,.30571428,.18571429,.25428572,.16,.26857144,.28714284,.30285713,.26571429,.28999999,.41999999,.39571428,.26285714,.28857142,.27857143,.24142857,.24428572,.39428571,.33142856,.31142858,.38857144,.25999999,.44428572,.39857143,.38285714,.2742857,.38,.31999999,.38142857,.29142857,.16285715,.38571429,.26571429,.42285714,.3157143,.33571428,.28,.23,.27142859,.30714285,.27142859,.29142857,.22142857,.34428573,.27714285,.31714284,.20571429,0,0,674,Neutral
677,.42857143,.53571427,.39285713,.42857143,.48285714,.14285715,.21428572,.14285715,.41142857,.44571429,.41142857,.25,.2857143,.37428573,.41142857,.42857143,.41142857,.30285713,.2857143,.32142857,.44571429,.19714285,.35714287,.51714283,.23142858,.25,.48285714,.4642857,.5714286,.32142857,.34,.25,.42857143,.2857143,.4642857,.46714285,.46714285,.24714285,.16428572,.27000001,.32428572,.38142857,.67714286,.25857142,.41142857,.39714286,.27571428,.50857145,.16,.14285715,.20285714,.16,.15428571,.34,.54428571,.39142856,.36000001,.40142858,.15428571,.28,.43857142,.33571428,.30285713,.55000001,.20857143,.30285713,.19571428,.17571428,.48714286,.48142856,.45571429,.4342857,.50857145,.36571428,.43857142,.38571429,.38571429,.58142859,.27571428,.50857145,.4342857,.56142855,.58857143,.44428572,.38571429,.48857144,.48285714,.53428572,.53428572,.60285717,.45571429,.51142859,.24285714,.46000001,.47142857,.28,.67142856,.51857144,.39714286,.27000001,.30714285,.49142858,.44571429,.55571431,.36571428,.42857143,.46571428,.59285712,.51857144,0,0,677,Neutral
793,.36642858,.42857143,.39714286,.37928572,.42857143,.3125,.31285715,.15142858,.29428571,.40178573,.32571429,.23642857,.28999999,.30785716,.33464286,.43321428,.28535715,.42857143,.27214286,.44678572,.29928571,.17857143,.41142857,.41964287,.30392858,.20535713,.31714284,.39321429,.40678573,.30785716,.29892856,.23214287,.38892856,.33464286,.3482143,.41642857,.33500001,.16714285,.31178573,.35964286,.27000001,.34178573,.41357142,.44892859,.31142858,.38999999,.38999999,.41642857,.32107142,.18535715,.18392858,.19178571,.19857143,.21535714,.44,.4425,.21107143,.32535714,.1875,.31785715,.52107143,.2475,.37928572,.36178571,.20928572,.20821428,.18321428,.30464286,.41428572,.33428571,.34999999,.30178571,.50035715,.58142859,.36678571,.40035713,.32535714,.39785713,.33357143,.42678571,.44678572,.46321428,.54678571,.32750002,.58642858,.47214288,.53392857,.37571427,.4425,.4975,.50464284,.34571427,.44892859,.46535715,.29392856,.55642855,.31285715,.42892858,.30964285,.3367857,.44428572,.32928571,.39107144,.30714285,.23285714,.48642856,.39714286,.43357143,.38928571,0,0,793,Neutral
679,.35714287,.41142857,.42857143,.41142857,.4642857,.41142857,.35714287,.26857144,.41142857,.44571429,.35714287,.23142858,.23142858,.35714287,.30285713,.44571429,.30285713,.41142857,.17857143,.48285714,.30285713,.23142858,.42857143,.44571429,.41142857,.16,.37428573,.37428573,.42857143,.35714287,.34,.23142858,.41142857,.37428573,.39285713,.50142854,.39285713,.14571428,.18000001,.23,.21285714,.34,.44,.30571428,.23571429,.38714287,.25142857,.41428572,.16428572,.16714285,.16285715,.17714286,.16714285,.18571429,.41428572,.46285716,.15571429,.30714285,.16857143,.26285714,.48285714,.27714285,.23857144,.30857143,.17714286,.20285714,.16714285,.21857142,.42428571,.35714287,.43142858,.34142858,.51714283,.61285716,.43571427,.36714286,.41,.40428573,.29571429,.43857142,.47142857,.47285715,.60142857,.37285715,.57714283,.53714287,.52857143,.47285715,.51571429,.56142855,.59857142,.30142859,.39428571,.51142859,.34571427,.51571429,.28999999,.47142857,.34857142,.38428572,.50285715,.34857142,.37428573,.26857144,.20714286,.43571427,.46000001,.43285716,.40428573,0,0,679,Neutral
675,.36642858,.42857143,.39714286,.37928572,.42857143,.3125,.31285715,.15142858,.29428571,.40178573,.32571429,.23642857,.28999999,.30785716,.33464286,.43321428,.28535715,.42857143,.27214286,.44678572,.29928571,.17857143,.41142857,.41964287,.30392858,.20535713,.31714284,.39321429,.40678573,.30785716,.29892856,.23214287,.38892856,.33464286,.3482143,.41642857,.33500001,.16714285,.31178573,.35964286,.27000001,.34178573,.41357142,.44892859,.31142858,.38999999,.38999999,.41642857,.32107142,.18535715,.18392858,.19178571,.19857143,.21535714,.44,.4425,.21107143,.32535714,.1875,.31785715,.52107143,.2475,.37928572,.36178571,.20928572,.20821428,.18321428,.30464286,.41428572,.33428571,.34999999,.30178571,.50035715,.58142859,.36678571,.40035713,.32535714,.39785713,.33357143,.42678571,.44678572,.46321428,.54678571,.32750002,.58642858,.47214288,.53392857,.37571427,.4425,.4975,.50464284,.34571427,.44892859,.46535715,.29392856,.55642855,.31285715,.42892858,.30964285,.3367857,.44428572,.32928571,.39107144,.30714285,.23285714,.48642856,.39714286,.43357143,.38928571,0,0,675,Neutral
795,.36642858,.42857143,.39714286,.37928572,.42857143,.3125,.31285715,.15142858,.29428571,.40178573,.32571429,.23642857,.28999999,.30785716,.33464286,.43321428,.28535715,.42857143,.27214286,.44678572,.29928571,.17857143,.41142857,.41964287,.30392858,.20535713,.31714284,.39321429,.40678573,.30785716,.29892856,.23214287,.38892856,.33464286,.3482143,.41642857,.33500001,.16714285,.31178573,.35964286,.27000001,.34178573,.41357142,.44892859,.31142858,.38999999,.38999999,.41642857,.32107142,.18535715,.18392858,.19178571,.19857143,.21535714,.44,.4425,.21107143,.32535714,.1875,.31785715,.52107143,.2475,.37928572,.36178571,.20928572,.20821428,.18321428,.30464286,.41428572,.33428571,.34999999,.30178571,.50035715,.58142859,.36678571,.40035713,.32535714,.39785713,.33357143,.42678571,.44678572,.46321428,.54678571,.32750002,.58642858,.47214288,.53392857,.37571427,.4425,.4975,.50464284,.34571427,.44892859,.46535715,.29392856,.55642855,.31285715,.42892858,.30964285,.3367857,.44428572,.32928571,.39107144,.30714285,.23285714,.48642856,.39714286,.43357143,.38928571,0,0,795,Neutral
678,.43031746,.50222224,.42841271,.43238094,.47190475,.27968255,.27761903,.15079366,.39269841,.44047618,.41063493,.25,.29746032,.37111112,.36095238,.46619049,.34904763,.35698414,.26984128,.39476189,.37301588,.20825396,.3888889,.47984126,.2736508,.29587302,.42809525,.45396826,.48603174,.36317459,.34904763,.25619048,.42825398,.3352381,.43047619,.42396826,.41,.33904761,.22666667,.35063493,.28936508,.41873014,.56952381,.28476191,.27746031,.44301587,.31142858,.52301586,.21158731,.22650795,.24984127,.2052381,.19142857,.34698412,.45380953,.34523809,.47825396,.3515873,.22285715,.26619047,.42222223,.3620635,.40079364,.30396825,.27492064,.28460318,.32396826,.25015873,.45888889,.54857141,.42603174,.41507936,.55587304,.4463492,.45904762,.3920635,.45698413,.53492063,.29317459,.52714288,.43777779,.53428572,.6185714,.40349206,.48952383,.56761903,.52079368,.47603175,.48523811,.54238093,.54714286,.38412699,.29238096,.52539682,.37301588,.43920633,.4642857,.51253968,.38873017,.34666666,.34555554,.44539684,.44873017,.31793651,.30857143,.43380952,.50253969,.54015875,.4715873,0,0,678,Neutral
787,.36642858,.42857143,.39714286,.37928572,.42857143,.3125,.31285715,.15142858,.29428571,.40178573,.32571429,.23642857,.28999999,.30785716,.33464286,.43321428,.28535715,.42857143,.27214286,.44678572,.29928571,.17857143,.41142857,.41964287,.30392858,.20535713,.31714284,.39321429,.40678573,.30785716,.29892856,.23214287,.38892856,.33464286,.3482143,.41642857,.33500001,.16714285,.31178573,.35964286,.27000001,.34178573,.41357142,.44892859,.31142858,.38999999,.38999999,.41642857,.32107142,.18535715,.18392858,.19178571,.19857143,.21535714,.44,.4425,.21107143,.32535714,.1875,.31785715,.52107143,.2475,.37928572,.36178571,.20928572,.20821428,.18321428,.30464286,.41428572,.33428571,.34999999,.30178571,.50035715,.58142859,.36678571,.40035713,.32535714,.39785713,.33357143,.42678571,.44678572,.46321428,.54678571,.32750002,.58642858,.47214288,.53392857,.37571427,.4425,.4975,.50464284,.34571427,.44892859,.46535715,.29392856,.55642855,.31285715,.42892858,.30964285,.3367857,.44428572,.32928571,.39107144,.30714285,.23285714,.48642856,.39714286,.43357143,.38928571,0,0,787,Neutral
786,.36642858,.42857143,.39714286,.37928572,.42857143,.3125,.31285715,.15142858,.29428571,.40178573,.32571429,.23642857,.28999999,.30785716,.33464286,.43321428,.28535715,.42857143,.27214286,.44678572,.29928571,.17857143,.41142857,.41964287,.30392858,.20535713,.31714284,.39321429,.40678573,.30785716,.29892856,.23214287,.38892856,.33464286,.3482143,.41642857,.33500001,.16714285,.31178573,.35964286,.27000001,.34178573,.41357142,.44892859,.31142858,.38999999,.38999999,.41642857,.32107142,.18535715,.18392858,.19178571,.19857143,.21535714,.44,.4425,.21107143,.32535714,.1875,.31785715,.52107143,.2475,.37928572,.36178571,.20928572,.20821428,.18321428,.30464286,.41428572,.33428571,.34999999,.30178571,.50035715,.58142859,.36678571,.40035713,.32535714,.39785713,.33357143,.42678571,.44678572,.46321428,.54678571,.32750002,.58642858,.47214288,.53392857,.37571427,.4425,.4975,.50464284,.34571427,.44892859,.46535715,.29392856,.55642855,.31285715,.42892858,.30964285,.3367857,.44428572,.32928571,.39107144,.30714285,.23285714,.48642856,.39714286,.43357143,.38928571,0,0,786,Neutral
686,.32761905,.42190477,.34,.36952382,.39904761,.22619048,.23238096,.14285715,.33904764,.37523809,.30952382,.2557143,.27380952,.33904764,.30380952,.39285713,.32142857,.32142857,.19,.34523809,.32761905,.14857143,.32666665,.3457143,.22619048,.15476191,.36904761,.39333335,.41666666,.28,.28,.17285715,.37523809,.30333334,.29142857,.39714286,.34761906,.28857142,.2557143,.29142857,.22619048,.29285714,.50714284,.25285715,.30190477,.34285715,.28523809,.42142856,.18190476,.53857142,.26523811,.22142857,.21380952,.33952382,.4147619,.35666665,.25714284,.34380952,.19714285,.22857143,.50904763,.26142856,.37238097,.39571428,.21714287,.22285715,.24142857,.29761904,.40142858,.3904762,.44571429,.33285713,.50666666,.4895238,.4252381,.3604762,.43095237,.41666666,.25666666,.45428571,.43619049,.44761905,.54571432,.38619047,.54380953,.52809525,.54285717,.37619048,.45380953,.49238095,.50380951,.37619048,.3295238,.47428569,.32238096,.5209524,.38809526,.45809525,.36380953,.32761905,.37904763,.39952379,.39380953,.37142858,.32285714,.37952381,.47142857,.43666667,.28952381,0,0,686,Neutral
687,.42857143,.42857143,.32142857,.42857143,.42857143,.21428572,.21428572,.14285715,.2857143,.42857143,.32142857,.25,.2857143,.2857143,.32142857,.4642857,.30285713,.32142857,.2857143,.41142857,.2857143,.14285715,.41142857,.41142857,.16,.25,.35714287,.39285713,.42857143,.2857143,.2857143,.25,.42857143,.30285713,.32142857,.42714286,.32285714,.18571429,.22571428,.25285715,.25857142,.35857144,.53857142,.35714287,.31285715,.36142856,.29428571,.4642857,.22142857,.48714286,.28714284,.18428572,.24285714,.28142858,.44142857,.30285713,.17428571,.32142857,.24142857,.28999999,.54571426,.23857144,.37857142,.41857144,.23999999,.22285715,.24285714,.29428571,.35142857,.39857143,.42285714,.28,.4757143,.36714286,.37285715,.34857142,.30428571,.32857144,.20714286,.40714285,.38428572,.40285715,.55285716,.38857144,.39857143,.51285714,.54571426,.33285713,.45857143,.45857143,.57857144,.28428572,.25142857,.48285714,.25285715,.40571427,.35428572,.37,.25428572,.21571429,.20142858,.38571429,.36714286,.2857143,.22,.40571427,.46285716,.37,.33714285,0,0,687,Neutral
688,.39285713,.42857143,.41142857,.42857143,.44571429,.23142858,.23142858,.14285715,.30285713,.41142857,.30285713,.17857143,.21428572,.30285713,.39285713,.41142857,.2857143,.42857143,.26857144,.4642857,.2857143,.16,.39285713,.44571429,.21428572,.2857143,.30285713,.39285713,.42857143,.2857143,.2857143,.21428572,.39285713,.30285713,.41142857,.44999999,.41571429,.33571428,.25714287,.35571429,.31428573,.44142857,.41428572,.33285713,.33714285,.50999999,.37285715,.49571428,.16142857,.60857141,.20428571,.23999999,.18000001,.34571427,.44571429,.44999999,.21428572,.36857143,.21285714,.34285715,.60142857,.35285714,.61285716,.29571429,.29857144,.26142856,.22714286,.31,.4757143,.39142856,.37857142,.2557143,.61142856,.6314286,.41,.37428573,.36285713,.6185714,.25142857,.47,.53285712,.53714287,.54714286,.31285715,.55571431,.57999998,.59428573,.46142858,.53285712,.57428569,.63428569,.28142858,.46714285,.45428571,.27857143,.53285712,.27714285,.50857145,.34285715,.30714285,.35571429,.32857144,.36857143,.25428572,.22857143,.40857142,.45571429,.46571428,.49714285,0,0,688,Neutral
684,.37459627,.42807454,.40447205,.39546585,.4315528,.38130435,.35304347,.22689441,.33776397,.41354036,.32291925,.22658385,.25037268,.31136647,.3467702,.44875777,.29173914,.47155279,.27658385,.49509317,.30105591,.20677018,.43788821,.41583851,.36695653,.22279504,.30236024,.38273293,.42049691,.310559,.31006211,.24739131,.40658385,.39378881,.35440993,.36801243,.29503107,.17490683,.23987578,.28149068,.22322981,.33962733,.35093167,.38267082,.23652174,.38018635,.37770188,.41366461,.16049689,.17639752,.19093168,.18291925,.17,.22869565,.46819875,.4773913,.18819876,.26627329,.17782609,.2941615,.49708074,.22670807,.32925466,.24204969,.1889441,.21546584,.18403727,.26652175,.41316769,.34944099,.41260868,.27496895,.53099382,.6030435,.39863354,.38459626,.37614906,.44366461,.37459627,.44316769,.439441,.4863975,.58099377,.36819875,.56298137,.53559005,.55614907,.39105591,.47018632,.52397513,.52819878,.31993788,.44223604,.47397515,.31708074,.50403726,.22956522,.47018632,.36571428,.36490685,.46366459,.34310558,.38819876,.26850933,.24068323,.43173912,.47118011,.47335404,.4185093,.13043478,.34782609,684,Brown
699,.42428571,.45999998,.46035713,.42857143,.48214287,.42428571,.33928573,.16500001,.39250001,.45107144,.38857144,.27250001,.30392858,.375,.38392857,.51785713,.36642855,.53107142,.25428572,.58464289,.36214286,.24535716,.49571428,.47749999,.41071427,.35750002,.35714287,.4107143,.45071429,.39285713,.40214285,.21428572,.42892855,.42857143,.45535713,.32499999,.3125,.24107143,.29142857,.43214285,.28428572,.40535712,.3807143,.28535715,.22535715,.40535712,.35964286,.4375,.14607143,.18142858,.16249999,.23857142,.16964285,.30964285,.42642856,.52642858,.20035714,.28285712,.19857143,.35142857,.47928572,.25035715,.48750001,.22142857,.18321428,.29928571,.17892857,.31607145,.48000002,.3507143,.39178571,.29357141,.55500001,.59107143,.4132143,.33178571,.40357143,.54964286,.26964286,.45392859,.43892857,.52714282,.58928573,.36035714,.44607142,.60249996,.56785715,.46035713,.42642856,.57999998,.62214285,.35678571,.44071427,.41,.34178573,.46642858,.2525,.49785715,.33785713,.3507143,.44,.375,.3507143,.25357142,.24392857,.36785716,.5,.48285714,.51999998,.5,.25,699,Green
694,.41142857,.48285714,.42857143,.41142857,.4642857,.4642857,.37428573,.17857143,.37428573,.44571429,.37428573,.25,.2857143,.34,.42857143,.51714283,.32142857,.53571427,.23142858,.55428571,.32142857,.23142858,.48285714,.44571429,.4642857,.37428573,.35714287,.41142857,.4642857,.41142857,.42857143,.25,.42857143,.4642857,.41142857,.4757143,.44285715,.55714285,.35142857,.56857145,.31285715,.46142858,.42857143,.32571429,.31285715,.44714287,.48857144,.43571427,.14285715,.18285714,.16714285,.31285715,.19285715,.36000001,.51714283,.55571431,.19142857,.36285713,.19714285,.41285715,.4942857,.28142858,.49714285,.19714285,.21142857,.32142857,.16285715,.26428571,.56,.44142857,.44571429,.45571429,.58999997,.6257143,.45428571,.47285715,.38142857,.58857143,.34714285,.51285714,.51571429,.63999999,.57571429,.44428572,.45428571,.59285712,.59142858,.56999999,.49142858,.60857141,.61285716,.45714286,.44142857,.47428572,.43000001,.45142856,.46714285,.60857141,.41857144,.49571428,.55285716,.42857143,.43857142,.23428571,.3157143,.44571429,.48571429,.56857145,.54285717,0,0,694,Neutral
695,.43428573,.51619047,.48428571,.45015872,.53190476,.29746032,.25793651,.18031746,.39873016,.46587303,.40873015,.26603174,.27793652,.38714287,.38682538,.52412701,.36888888,.52587301,.26428571,.53793651,.37317461,.26396826,.44079363,.51158732,.30396825,.32571429,.40126985,.41269842,.48396823,.40857142,.39111111,.23222223,.44079366,.42269841,.45809525,.3611111,.32301587,.23492064,.31777778,.36857143,.27285716,.42444444,.33095238,.38936508,.22904763,.4115873,.46619049,.45650795,.14825398,.14650793,.16857143,.23158731,.17111111,.35888889,.46222222,.5106349,.19412699,.28952381,.17730159,.45476189,.35603175,.28841269,.50825399,.1947619,.19349207,.34873015,.18793651,.26793653,.53968251,.34126985,.46063492,.40920636,.59444445,.56650794,.49269843,.3904762,.42809525,.58301586,.34476191,.49952382,.48063493,.60968256,.63190478,.42682537,.36746031,.62063491,.60317463,.47714287,.46952382,.60857147,.62777776,.33936507,.42317462,.49460319,.41523808,.4025397,.32730159,.57222223,.40952381,.38603175,.38190475,.38111112,.44587302,.2663492,.24761903,.42619047,.50142854,.56269842,.54238093,1,.66666669,695,Both Green and Brown
696,.42857143,.4642857,.42857143,.39285713,.48285714,.44571429,.35714287,.26857144,.41142857,.42857143,.32142857,.21428572,.26857144,.37428573,.2857143,.4642857,.39285713,.48285714,.26857144,.5714286,.37428573,.17857143,.4642857,.44571429,.42857143,.35714287,.32142857,.41142857,.42857143,.37428573,.41142857,.26857144,.41142857,.4642857,.42857143,.38999999,.30428571,.21285714,.30857143,.37571427,.20571429,.38,.31714284,.34142858,.23857144,.45428571,.39714286,.46714285,.14714286,.16142857,.15285714,.20285714,.16428572,.32285714,.41857144,.59714288,.17571428,.25428572,.15285714,.34999999,.46714285,.25,.39571428,.18142857,.17428571,.23285714,.19285715,.21857142,.5657143,.40428573,.49142858,.36571428,.61571431,.60714287,.44999999,.49285713,.46857142,.6185714,.39285713,.52142859,.49714285,.55428571,.60571426,.40285715,.49142858,.6185714,.67571431,.48857144,.51571429,.64142859,.66571426,.43714285,.46714285,.56,.44571429,.48428571,.29857144,.57714283,.47,.50857145,.61142856,.39571428,.50999999,.28714284,.21571429,.52714288,.5057143,.57857144,.57571429,1,1,696,Both Green and Brown
703,.32142857,.42857143,.39285713,.41142857,.41142857,.37428573,.37428573,.23142858,.32142857,.39285713,.32142857,.25,.23142858,.2857143,.30285713,.44571429,.25,.48285714,.23142858,.5,.26857144,.23142858,.44571429,.42857143,.34,.25,.26857144,.37428573,.41142857,.30285713,.30285713,.25,.41142857,.41142857,.32142857,.26571429,.27857143,.14714286,.18000001,.23428571,.27714285,.38142857,.31999999,.34428573,.18571429,.42142856,.36857143,.4642857,.17428571,.17,.20857143,.19285715,.16,.22142857,.53285712,.48142856,.23999999,.24142857,.20428571,.25142857,.41857144,.24142857,.37428573,.19571428,.21285714,.25999999,.23714286,.28428572,.41999999,.27714285,.43857142,.25285715,.50999999,.63285714,.36142856,.33857143,.34142858,.50857145,.42714286,.42714286,.46000001,.55428571,.5714286,.33428571,.52857143,.52142859,.58999997,.39857143,.48714286,.52428573,.53142858,.35714287,.37714285,.36428571,.26857144,.48142856,.20142858,.47999999,.36000001,.37857142,.49857143,.3157143,.29142857,.24285714,.22857143,.41285715,.49000001,.47714287,.45428571,0,0,703,Neutral
709,.37428573,.41142857,.41142857,.41142857,.42857143,.39285713,.39285713,.21428572,.32142857,.42857143,.32142857,.23142858,.30285713,.30285713,.39285713,.44571429,.2857143,.5714286,.23142858,.5714286,.2857143,.25,.5,.44571429,.37428573,.21428572,.30285713,.37428573,.42857143,.34,.32142857,.23142858,.39285713,.42857143,.34,.40285715,.30428571,.16142857,.23142858,.25857142,.21142857,.36142856,.26857144,.3157143,.20571429,.29571429,.30142859,.37857142,.15571429,.16285715,.23,.16714285,.15428571,.18857142,.42428571,.38857144,.18428572,.23428571,.18000001,.22,.49857143,.23857144,.29285714,.21428572,.17,.16571428,.18714286,.22,.36285713,.37,.39571428,.29571429,.52285713,.63714284,.36714286,.37142858,.41571429,.59571427,.33857143,.48571429,.42571428,.45285714,.53857142,.35714287,.62142855,.54285717,.54000002,.40285715,.48285714,.48857144,.57428569,.40571427,.35142857,.47285715,.34285715,.46142858,.23,.46285716,.38428572,.39714286,.47142857,.37285715,.34285715,.29142857,.22142857,.33428571,.4642857,.50285715,.42571428,0,1,709,Brown
708,.39285713,.42857143,.41142857,.34,.42857143,.39285713,.37428573,.2857143,.32142857,.41142857,.30285713,.21428572,.25,.2857143,.30285713,.44571429,.34,.44571429,.2857143,.53571427,.34,.17857143,.41142857,.42857143,.39285713,.21428572,.32142857,.41142857,.42857143,.2857143,.30285713,.2857143,.37428573,.41142857,.34,.36571428,.28428572,.17571428,.20999999,.23428571,.21857142,.37142858,.39714286,.40142858,.27142859,.35285714,.38714287,.39714286,.17857143,.16714285,.19,.19571428,.17142858,.20857143,.52857143,.53285712,.17571428,.29428571,.16714285,.25857142,.44428572,.24428572,.30571428,.27000001,.19285715,.22,.16142857,.24714285,.4342857,.41,.40857142,.2557143,.58571428,.62857145,.37857142,.38142857,.32714286,.44999999,.37142858,.4942857,.44857141,.4942857,.60428572,.30714285,.52285713,.52571428,.52428573,.41571429,.49857143,.51571429,.50714284,.32285714,.37142858,.45714286,.34571427,.47999999,.21285714,.49285713,.37857142,.33571428,.43142858,.36142856,.37571427,.23999999,.23428571,.43714285,.5,.52857143,.54571426,1,0,708,Green
704,.32142857,.42857143,.39285713,.41142857,.41142857,.37428573,.37428573,.23142858,.32142857,.39285713,.32142857,.25,.23142858,.2857143,.30285713,.44571429,.25,.48285714,.23142858,.5,.26857144,.23142858,.44571429,.42857143,.34,.25,.26857144,.37428573,.41142857,.30285713,.30285713,.25,.41142857,.41142857,.32142857,.26571429,.27857143,.14714286,.18000001,.23428571,.27714285,.38142857,.31999999,.34428573,.18571429,.42142856,.36857143,.4642857,.17428571,.17,.20857143,.19285715,.16,.22142857,.53285712,.48142856,.23999999,.24142857,.20428571,.25142857,.41857144,.24142857,.37428573,.19571428,.21285714,.25999999,.23714286,.28428572,.41999999,.27714285,.43857142,.25285715,.50999999,.63285714,.36142856,.33857143,.34142858,.50857145,.42714286,.42714286,.46000001,.55428571,.5714286,.33428571,.52857143,.52142859,.58999997,.39857143,.48714286,.52428573,.53142858,.35714287,.37714285,.36428571,.26857144,.48142856,.20142858,.47999999,.36000001,.37857142,.49857143,.3157143,.29142857,.24285714,.22857143,.41285715,.49000001,.47714287,.45428571,0,0,704,Neutral
706,.37428573,.42857143,.37428573,.39285713,.42857143,.39285713,.2857143,.21428572,.32142857,.41142857,.2857143,.21428572,.25,.2857143,.34,.4642857,.26857144,.48285714,.25,.5,.2857143,.16,.4642857,.41142857,.35714287,.23142858,.26857144,.35714287,.42857143,.2857143,.2857143,.25,.39285713,.42857143,.37428573,.34285715,.20714286,.15285714,.20142858,.20428571,.16,.27571428,.30857143,.35714287,.16285715,.30857143,.35285714,.40142858,.14285715,.15142857,.15428571,.14857143,.14571428,.17,.43000001,.50142854,.15000001,.17857143,.15714286,.23142858,.45571429,.16428572,.30571428,.18000001,.15000001,.15428571,.14428571,.19428572,.40714285,.3157143,.37428573,.27000001,.50714284,.58285713,.34428573,.40285715,.35857144,.43285716,.33142856,.41999999,.44,.46285716,.59428573,.34285715,.57428569,.49857143,.55285716,.37285715,.42714286,.51142859,.51714283,.2857143,.43714285,.44428572,.28428572,.51857144,.23428571,.46857142,.31,.37142858,.47428572,.28714284,.35571429,.24857143,.2557143,.47142857,.42571428,.44142857,.40857142,1,0,706,Green
705,.32142857,.42857143,.39285713,.41142857,.41142857,.37428573,.37428573,.23142858,.32142857,.39285713,.32142857,.25,.23142858,.2857143,.30285713,.44571429,.25,.48285714,.23142858,.5,.26857144,.23142858,.44571429,.42857143,.34,.25,.26857144,.37428573,.41142857,.30285713,.30285713,.25,.41142857,.41142857,.32142857,.26571429,.27857143,.14714286,.18000001,.23428571,.27714285,.38142857,.31999999,.34428573,.18571429,.42142856,.36857143,.4642857,.17428571,.17,.20857143,.19285715,.16,.22142857,.53285712,.48142856,.23999999,.24142857,.20428571,.25142857,.41857144,.24142857,.37428573,.19571428,.21285714,.25999999,.23714286,.28428572,.41999999,.27714285,.43857142,.25285715,.50999999,.63285714,.36142856,.33857143,.34142858,.50857145,.42714286,.42714286,.46000001,.55428571,.5714286,.33428571,.52857143,.52142859,.58999997,.39857143,.48714286,.52428573,.53142858,.35714287,.37714285,.36428571,.26857144,.48142856,.20142858,.47999999,.36000001,.37857142,.49857143,.3157143,.29142857,.24285714,.22857143,.41285715,.49000001,.47714287,.45428571,0,0,705,Neutral
707,.42857143,.44571429,.42857143,.42857143,.44571429,.42857143,.37428573,.34,.39285713,.42857143,.41142857,.25,.26857144,.39285713,.34,.5,.2857143,.5714286,.25,.5714286,.26857144,.23142858,.51714283,.42857143,.42857143,.19714285,.34,.41142857,.4642857,.39285713,.39285713,.25,.42857143,.42857143,.37428573,.41,.24857143,.15714286,.25142857,.31,.25,.35857144,.37142858,.27285713,.20571429,.44428572,.37142858,.48571429,.14285715,.21142857,.18857142,.16285715,.15142857,.21142857,.37,.55285716,.17714286,.25999999,.16571428,.27000001,.5,.17571428,.36571428,.21285714,.18857142,.2557143,.17857143,.28142858,.47857141,.39428571,.42857143,.27571428,.5642857,.64285713,.42571428,.39714286,.4342857,.50285715,.44142857,.44999999,.46142858,.51285714,.64142859,.38714287,.60571426,.56714284,.6314286,.36142856,.43142858,.6242857,.55571431,.38714287,.57857144,.49142858,.33285713,.48285714,.31428573,.51571429,.40000001,.44857141,.52571428,.34,.38999999,.33857143,.29857144,.42857143,.55000001,.51857144,.45857143,0,1,707,Brown
719,.36642855,.4285714,.38357145,.34857142,.42000002,.33928573,.31214285,.21428573,.32142857,.40214285,.30357143,.21428572,.22285715,.30357143,.29500002,.44571429,.28571427,.40142858,.25928572,.43785715,.28571427,.17,.39285713,.3742857,.34857142,.16928571,.29428571,.36642855,.40142858,.24071428,.28571427,.20571429,.41071427,.3757143,.3214286,.3757143,.29428571,.15571429,.18714285,.30000001,.21142857,.31714284,.30142856,.29499999,.20214286,.34571427,.315,.41214287,.15214285,.16214286,.18357143,.15642858,.16071428,.2207143,.40428573,.44428569,.18428572,.24642858,.17285714,.29714286,.48500001,.24071428,.33928573,.18571427,.16642857,.21428572,.17928572,.22642857,.38428569,.37,.39214283,.20357144,.53785717,.6314286,.39857143,.35785714,.38642859,.37285715,.28,.42571428,.43357143,.48000002,.565,.36642855,.60000002,.51428568,.56071424,.39499998,.48785716,.50785714,.53071427,.25357142,.44499999,.49071428,.27928573,.55499995,.19642857,.46142855,.30428571,.36857143,.45571429,.31142855,.39714286,.21000001,.21285714,.35214287,.45785713,.41500002,.30785716,0,.5,719,Brown
713,.34,.44571429,.37428573,.39285713,.41142857,.39285713,.2857143,.23142858,.32142857,.39285713,.34,.19714285,.21428572,.34,.30285713,.44571429,.32142857,.44571429,.26857144,.4642857,.34,.17857143,.41142857,.44571429,.35714287,.19714285,.30285713,.41142857,.41142857,.2857143,.2857143,.26857144,.42857143,.41142857,.39285713,.41142857,.38714287,.19142857,.30857143,.35857144,.29285714,.41428572,.39857143,.43285716,.25285715,.51142859,.46285716,.41571429,.19142857,.24714285,.21571429,.18142857,.20571429,.27714285,.51999998,.49714285,.20999999,.29571429,.18142857,.34999999,.59428573,.27142859,.35571429,.34142858,.19142857,.22285715,.22857143,.37857142,.39571428,.37714285,.42714286,.21857142,.58142859,.60285717,.38142857,.37571427,.40571427,.4642857,.36285713,.45285714,.39142856,.47857141,.60000002,.37857142,.58285713,.57714283,.54428571,.40857142,.48428571,.53285712,.54714286,.26285714,.53714287,.46571428,.30142859,.55428571,.16857143,.45142856,.35428572,.35428572,.47857141,.34,.37857142,.22571428,.19285715,.48714286,.4757143,.47714287,.45142856,0,0,713,Neutral
724,.39285713,.44571429,.39285713,.41142857,.42857143,.42857143,.35714287,.17857143,.41142857,.42857143,.37428573,.23142858,.25,.34,.41142857,.44571429,.26857144,.53571427,.26857144,.53571427,.26857144,.25,.44571429,.41142857,.39285713,.2857143,.30285713,.37428573,.44571429,.30285713,.30285713,.14285715,.39285713,.39285713,.41142857,.39285713,.26285714,.17428571,.22285715,.38714287,.27285713,.33428571,.36857143,.35142857,.21714285,.40714285,.36571428,.33428571,.14428571,.17428571,.17428571,.17428571,.14428571,.25142857,.4642857,.37,.19,.22,.17285714,.34571427,.56142855,.27571428,.34428573,.26142856,.20142858,.19,.17428571,.23714286,.36428571,.29285714,.44857141,.20142858,.53428572,.60000002,.34428573,.33428571,.34285715,.49142858,.30000001,.47285715,.47714287,.47285715,.52428573,.34428573,.60714287,.57999998,.51428574,.38428572,.48428571,.4942857,.47999999,.23142858,.55000001,.40142858,.32142857,.59428573,.25428572,.41857144,.35142857,.34999999,.40571427,.34428573,.39142856,.24714285,.17857143,.34857142,.45714286,.41,.47142857,0,0,724,Neutral
727,.30285713,.39285713,.37428573,.37428573,.42857143,.39285713,.2857143,.21428572,.2857143,.39285713,.2857143,.21428572,.25,.2857143,.2857143,.42857143,.26857144,.44571429,.26857144,.44571429,.26857144,.16,.42857143,.34,.37428573,.17857143,.26857144,.35714287,.37428573,.2857143,.2857143,.19714285,.39285713,.42857143,.25,.22,.16428572,.15714286,.26714286,.17142858,.18857142,.25285715,.20714286,.30142859,.16,.32714286,.29714286,.31714284,.14285715,.14285715,.17,.15714286,.14285715,.18285714,.37,.45857143,.18857142,.15857142,.14571428,.16428572,.46285716,.25428572,.37857142,.16857143,.20142858,.23857144,.14285715,.23999999,.27571428,.31,.34999999,.23999999,.48714286,.58714288,.31857142,.30857143,.37714285,.31285715,.28285715,.39571428,.44,.38428572,.48285714,.35285714,.58714288,.49285713,.52142859,.33285713,.41285715,.39428571,.44571429,.30000001,.46714285,.36428571,.25,.52857143,.19857143,.33857143,.31857142,.27571428,.46714285,.33428571,.36285713,.21142857,.22285715,.35285714,.45285714,.35857144,.28285715,0,1,727,Brown
723,.30285713,.44571429,.37428573,.42857143,.42857143,.34,.30285713,.16,.32142857,.41142857,.32142857,.21428572,.26857144,.30285713,.2857143,.44571429,.34,.44571429,.26857144,.4642857,.34,.14285715,.42857143,.44571429,.32142857,.2857143,.32142857,.37428573,.42857143,.2857143,.2857143,.19714285,.42857143,.34,.39285713,.40000001,.34428573,.24428572,.31714284,.49000001,.28285715,.33000001,.44428572,.43857142,.33428571,.46142858,.46714285,.48428571,.16571428,.22571428,.19857143,.26285714,.2742857,.44714287,.5,.47142857,.26285714,.38428572,.17142858,.42571428,.59571427,.29142857,.43571427,.39285713,.25285715,.29571429,.25857142,.43142858,.42142856,.35714287,.4342857,.31142858,.60000002,.57428569,.38285714,.33857143,.38142857,.44428572,.20571429,.42142856,.39571428,.46571428,.53571427,.42714286,.61428571,.57428569,.56285715,.40714285,.54714286,.57999998,.58714288,.26285714,.52285713,.44714287,.25999999,.42571428,.23142858,.44142857,.36571428,.24571429,.36857143,.36857143,.42857143,.27142859,.21142857,.4642857,.51714283,.46285716,.30142859,0,1,723,Brown
729,.35714287,.41142857,.39285713,.30285713,.42857143,.42857143,.41142857,.26857144,.26857144,.41142857,.32142857,.23142858,.25,.26857144,.34,.44571429,.26857144,.5,.26857144,.51714283,.26857144,.25,.4642857,.39285713,.41142857,.21428572,.26857144,.32142857,.42857143,.25,.2857143,.26857144,.39285713,.42857143,.26857144,.28285715,.19714285,.17,.33857143,.24714285,.18285714,.25428572,.25714287,.32857144,.18000001,.33571428,.27142859,.32571429,.14285715,.14571428,.16,.14714286,.14285715,.15714286,.41714287,.46571428,.2,.23571429,.15857142,.22285715,.42142856,.19428572,.35857144,.23714286,.15285714,.16428572,.17285714,.27857143,.33428571,.28857142,.31285715,.20285714,.48714286,.5714286,.34999999,.29285714,.33571428,.35285714,.27571428,.33428571,.41285715,.39571428,.51571429,.26857144,.55714285,.43285716,.54142857,.28857142,.43142858,.46142858,.45285714,.25714287,.32714286,.37571427,.18857142,.50142854,.18571429,.43142858,.28428572,.30428571,.37,.26285714,.27714285,.20999999,.18000001,.38142857,.34999999,.36571428,.28714284,0,0,729,Neutral
728,.35714287,.41142857,.39285713,.30285713,.42857143,.42857143,.41142857,.26857144,.26857144,.41142857,.32142857,.23142858,.25,.26857144,.34,.44571429,.26857144,.5,.26857144,.51714283,.26857144,.25,.4642857,.39285713,.41142857,.21428572,.26857144,.32142857,.42857143,.25,.2857143,.26857144,.39285713,.42857143,.26857144,.28285715,.19714285,.17,.33857143,.24714285,.18285714,.25428572,.25714287,.32857144,.18000001,.33571428,.27142859,.32571429,.14285715,.14571428,.16,.14714286,.14285715,.15714286,.41714287,.46571428,.2,.23571429,.15857142,.22285715,.42142856,.19428572,.35857144,.23714286,.15285714,.16428572,.17285714,.27857143,.33428571,.28857142,.31285715,.20285714,.48714286,.5714286,.34999999,.29285714,.33571428,.35285714,.27571428,.33428571,.41285715,.39571428,.51571429,.26857144,.55714285,.43285716,.54142857,.28857142,.43142858,.46142858,.45285714,.25714287,.32714286,.37571427,.18857142,.50142854,.18571429,.43142858,.28428572,.30428571,.37,.26285714,.27714285,.20999999,.18000001,.38142857,.34999999,.36571428,.28714284,0,0,728,Neutral
734,.35514286,.42866668,.3904762,.37733334,.43209526,.36066666,.32790476,.19323809,.32857144,.40390477,.31333333,.23980953,.25642857,.31614286,.3017143,.44919047,.28285715,.44442856,.30180952,.48009524,.30419049,.18557143,.43633333,.39466667,.34028572,.18380953,.3164762,.37109524,.42838097,.29947618,.303,.21442857,.39866668,.37638095,.33476192,.37742856,.2927143,.16071428,.26785713,.24171428,.22242858,.32680953,.36557144,.34414285,.24766667,.32614285,.32128572,.38804764,.17295238,.17438096,.19452381,.17742857,.15619047,.21957143,.42219046,.41852382,.18323809,.29828572,.17809524,.21404761,.47633332,.24190477,.34752381,.28661904,.17990476,.18847619,.17866667,.26519048,.38742858,.32780954,.37090477,.31999999,.51580954,.55052382,.36109522,.35209525,.36080953,.38142857,.34114286,.40509522,.47080952,.43333334,.54852378,.3534762,.54923809,.50057143,.53276187,.35990477,.47290477,.50333333,.50890476,.31509525,.36409524,.45142856,.29261905,.49552381,.27604762,.45166668,.3094762,.32919046,.44161907,.33661905,.36795238,.26295239,.22609524,.43938094,.44185713,.44723809,.36909524,0,.26666668,734,Brown
726,.37785715,.42880952,.40476191,.37190476,.43738097,.34809524,.34261906,.20238096,.32142857,.41690475,.31833333,.25595239,.27071428,.32142857,.34857142,.44904763,.28285715,.43714285,.35738096,.46380952,.30404761,.205,.43476191,.41095239,.33357143,.2052381,.32761905,.37809524,.41952381,.29761904,.30642858,.24142858,.41666666,.37809524,.32761905,.33571428,.23714286,.16500001,.40642858,.24714285,.21714285,.27809525,.30857143,.44428572,.21738096,.36785716,.38785714,.34333333,.16380952,.16309524,.18952382,.17857143,.15690476,.23,.46547619,.46809524,.19238095,.25357142,.16023809,.23119047,.47904763,.23119047,.34595239,.26904762,.17261904,.20690477,.17166667,.27190477,.40000001,.31166667,.34690475,.34357142,.48595238,.55023813,.3595238,.38380954,.35809523,.34,.39714286,.41523808,.47452381,.44190475,.56095237,.32404763,.56595236,.50428569,.5340476,.38190475,.49047619,.52619046,.49976191,.3302381,.39166668,.46214285,.28619048,.53309524,.2947619,.45666668,.30476192,.28833333,.4154762,.33047619,.37666667,.29452381,.21880953,.4952381,.40571427,.44452381,.34880951,0,.16666667,726,Brown
738,.34,.42857143,.35714287,.37428573,.42857143,.37428573,.32142857,.23142858,.34,.37428573,.34,.25,.25,.34,.2857143,.42857143,.26857144,.5,.25,.51714283,.26857144,.14285715,.44571429,.35714287,.35714287,.14285715,.2857143,.35714287,.44571429,.32142857,.32142857,.19714285,.35714287,.41142857,.34,.44714287,.32142857,.14428571,.2,.20571429,.21571429,.33714285,.39285713,.26571429,.34857142,.31,.33000001,.39142856,.14428571,.21428572,.25285715,.2,.14428571,.23428571,.38285714,.43857142,.2,.40285715,.23,.22571428,.49285713,.34285715,.43571427,.34428573,.23,.15428571,.22428571,.33000001,.36285713,.31428573,.31142858,.2557143,.52428573,.49000001,.29428571,.34428573,.32142857,.38571429,.31714284,.33571428,.4942857,.44714287,.54285717,.33142856,.53142858,.4942857,.51999998,.35285714,.43714285,.48571429,.46857142,.28142858,.34714285,.38857144,.24285714,.4342857,.22,.38428572,.2857143,.29714286,.47,.2857143,.30857143,.20857143,.19857143,.34571427,.4342857,.37428573,.34714285,0,0,738,Neutral
733,.37785715,.42880952,.40476191,.37190476,.43738097,.34809524,.34261906,.20238096,.32142857,.41690475,.31833333,.25595239,.27071428,.32142857,.34857142,.44904763,.28285715,.43714285,.35738096,.46380952,.30404761,.205,.43476191,.41095239,.33357143,.2052381,.32761905,.37809524,.41952381,.29761904,.30642858,.24142858,.41666666,.37809524,.32761905,.33571428,.23714286,.16500001,.40642858,.24714285,.21714285,.27809525,.30857143,.44428572,.21738096,.36785716,.38785714,.34333333,.16380952,.16309524,.18952382,.17857143,.15690476,.23,.46547619,.46809524,.19238095,.25357142,.16023809,.23119047,.47904763,.23119047,.34595239,.26904762,.17261904,.20690477,.17166667,.27190477,.40000001,.31166667,.34690475,.34357142,.48595238,.55023813,.3595238,.38380954,.35809523,.34,.39714286,.41523808,.47452381,.44190475,.56095237,.32404763,.56595236,.50428569,.5340476,.38190475,.49047619,.52619046,.49976191,.3302381,.39166668,.46214285,.28619048,.53309524,.2947619,.45666668,.30476192,.28833333,.4154762,.33047619,.37666667,.29452381,.21880953,.4952381,.40571427,.44452381,.34880951,0,.16666667,733,Brown
736,.41142857,.44571429,.42857143,.42857143,.44571429,.39285713,.32999998,.15142858,.35714287,.43714285,.32142857,.22285715,.27642858,.31214285,.29428571,.45499998,.33000001,.41928571,.25857145,.47285712,.3757143,.23214287,.47357142,.43714285,.3742857,.18714286,.33857143,.40214285,.44571429,.33071429,.33071429,.23214287,.44571429,.3742857,.3757143,.33428574,.31642857,.14500001,.16785714,.29571429,.285,.48214287,.435,.36499998,.19928572,.32499999,.28357142,.45928574,.23285714,.14714286,.15214285,.16428572,.15000001,.19214286,.43571427,.42500001,.15000001,.21285714,.14857143,.17785715,.4992857,.18857142,.28,.26499999,.15714285,.19857143,.15000001,.17357144,.44571429,.37857145,.44499999,.4357143,.56,.57499999,.47214285,.39142859,.41214287,.44142857,.39142859,.48357141,.47214285,.45285714,.6121428,.465,.45999998,.50142854,.51285714,.43142858,.46928573,.60714287,.54214287,.42642856,.40285712,.56571424,.35785717,.41285715,.35928571,.505,.39928573,.43214285,.45142859,.42214286,.53500003,.31714284,.29428571,.53642857,.505,.54571426,.56785715,0,0,736,Neutral
739,.26857144,.41142857,.35714287,.34,.41142857,.34,.30285713,.17857143,.30285713,.37428573,.26857144,.21428572,.21428572,.2857143,.23142858,.4642857,.25,.42857143,.2857143,.48285714,.26857144,.14285715,.39285713,.35714287,.30285713,.17857143,.30285713,.34,.41142857,.25,.25,.16,.35714287,.34,.30285713,.4342857,.35142857,.18428572,.15857142,.21285714,.17714286,.25857142,.38285714,.20142858,.2557143,.25999999,.21714285,.40285715,.16,.18428572,.18857142,.16571428,.17285714,.21142857,.36142856,.29285714,.18142857,.36857143,.19142857,.20428571,.43142858,.21571429,.33000001,.2857143,.16714285,.17571428,.17571428,.27857143,.32857144,.32285714,.40428573,.22142857,.52285713,.58714288,.31999999,.25714287,.35428572,.40000001,.20285714,.37571427,.43857142,.38285714,.46571428,.32285714,.62285715,.49857143,.56285715,.25142857,.47714287,.37142858,.53428572,.20714286,.28714284,.37857142,.28999999,.5642857,.21142857,.45571429,.25285715,.34,.45571429,.31428573,.24285714,.2,.2,.32428572,.45857143,.42714286,.23285714,0,1,739,Brown
737,.35514286,.42866668,.3904762,.37733334,.43209526,.36066666,.32790476,.19323809,.32857144,.40390477,.31333333,.23980953,.25642857,.31614286,.3017143,.44919047,.28285715,.44442856,.30180952,.48009524,.30419049,.18557143,.43633333,.39466667,.34028572,.18380953,.3164762,.37109524,.42838097,.29947618,.303,.21442857,.39866668,.37638095,.33476192,.37742856,.2927143,.16071428,.26785713,.24171428,.22242858,.32680953,.36557144,.34414285,.24766667,.32614285,.32128572,.38804764,.17295238,.17438096,.19452381,.17742857,.15619047,.21957143,.42219046,.41852382,.18323809,.29828572,.17809524,.21404761,.47633332,.24190477,.34752381,.28661904,.17990476,.18847619,.17866667,.26519048,.38742858,.32780954,.37090477,.31999999,.51580954,.55052382,.36109522,.35209525,.36080953,.38142857,.34114286,.40509522,.47080952,.43333334,.54852378,.3534762,.54923809,.50057143,.53276187,.35990477,.47290477,.50333333,.50890476,.31509525,.36409524,.45142856,.29261905,.49552381,.27604762,.45166668,.3094762,.32919046,.44161907,.33661905,.36795238,.26295239,.22609524,.43938094,.44185713,.44723809,.36909524,0,.26666668,737,Brown
735,.35514286,.42866668,.3904762,.37733334,.43209526,.36066666,.32790476,.19323809,.32857144,.40390477,.31333333,.23980953,.25642857,.31614286,.3017143,.44919047,.28285715,.44442856,.30180952,.48009524,.30419049,.18557143,.43633333,.39466667,.34028572,.18380953,.3164762,.37109524,.42838097,.29947618,.303,.21442857,.39866668,.37638095,.33476192,.37742856,.2927143,.16071428,.26785713,.24171428,.22242858,.32680953,.36557144,.34414285,.24766667,.32614285,.32128572,.38804764,.17295238,.17438096,.19452381,.17742857,.15619047,.21957143,.42219046,.41852382,.18323809,.29828572,.17809524,.21404761,.47633332,.24190477,.34752381,.28661904,.17990476,.18847619,.17866667,.26519048,.38742858,.32780954,.37090477,.31999999,.51580954,.55052382,.36109522,.35209525,.36080953,.38142857,.34114286,.40509522,.47080952,.43333334,.54852378,.3534762,.54923809,.50057143,.53276187,.35990477,.47290477,.50333333,.50890476,.31509525,.36409524,.45142856,.29261905,.49552381,.27604762,.45166668,.3094762,.32919046,.44161907,.33661905,.36795238,.26295239,.22609524,.43938094,.44185713,.44723809,.36909524,0,.26666668,735,Brown
745,.2857143,.42857143,.35714287,.32142857,.42857143,.39285713,.37428573,.14285715,.26857144,.41142857,.25,.25,.25,.2857143,.30285713,.41142857,.25,.42857143,.26857144,.4642857,.26857144,.14285715,.42857143,.42857143,.37428573,.16,.26857144,.30285713,.41142857,.30285713,.2857143,.19714285,.37428573,.39285713,.26857144,.31285715,.23428571,.21285714,.3157143,.30428571,.23714286,.25,.33571428,.40285715,.26428571,.49714285,.27000001,.41999999,.24142857,.18000001,.19857143,.23285714,.20142858,.29428571,.37142858,.51285714,.26714286,.3157143,.20999999,.25714287,.54714286,.26142856,.37428573,.27714285,.21428572,.29571429,.24142857,.29428571,.35714287,.33571428,.32142857,.22714286,.51999998,.63428569,.34,.39714286,.37857142,.34,.26714286,.49285713,.56,.44142857,.5642857,.26571429,.5642857,.59142858,.58285713,.33285713,.51571429,.44428572,.49000001,.2857143,.26714286,.44285715,.23714286,.57857144,.29285714,.42285714,.27285713,.22857143,.37142858,.28285715,.28714284,.27285713,.22714286,.39285713,.32857144,.46857142,.30285713,0,0,745,Neutral
744,.30285713,.39285713,.39285713,.35714287,.39285713,.2857143,.21428572,.14285715,.2857143,.39285713,.30285713,.25,.25,.25,.2857143,.44571429,.25,.37428573,.23142858,.39285713,.25,.14285715,.39285713,.37428573,.26857144,.14285715,.25,.34,.30285713,.26857144,.26857144,.14285715,.39285713,.30285713,.2857143,.28428572,.21142857,.15285714,.18000001,.17571428,.19285715,.23,.30857143,.22,.16857143,.31714284,.17285714,.38857144,.15714286,.15714286,.17857143,.16285715,.16285715,.2,.32571429,.29428571,.17142858,.20428571,.15714286,.16714285,.36142856,.20857143,.30285713,.21714285,.19,.17571428,.17142858,.24285714,.29857144,.32285714,.33428571,.23,.45571429,.48285714,.33571428,.32428572,.30714285,.31142858,.34999999,.38142857,.37857142,.38142857,.46285716,.30428571,.50999999,.4642857,.48857144,.34999999,.36285713,.39142856,.41,.30714285,.33285713,.42142856,.29142857,.41428572,.23857144,.37571427,.30714285,.28,.37142858,.31999999,.27714285,.23571429,.22857143,.34142858,.41,.36571428,.26571429,0,0,744,Neutral
749,.3467347,.41581634,.37510204,.36989796,.42367348,.29959184,.29826531,.17214286,.30877551,.40051019,.30102041,.24479592,.25255102,.30244899,.29693878,.42336735,.28826532,.41459185,.27683675,.44387755,.29979593,.16326532,.38999999,.3837755,.29581633,.16183674,.32163265,.36887756,.40428573,.29591838,.28704083,.21295919,.40061224,.34183672,.33030611,.37153062,.30530614,.17704082,.22438775,.24591836,.2344898,.29265305,.40918368,.33132654,.26959184,.36234695,.28244898,.41887754,.19755103,.18540816,.23367347,.18163265,.18204081,.24520409,.40469387,.37132654,.19306123,.30244899,.19612245,.22530612,.46153063,.25479591,.3305102,.29418367,.22030613,.22336735,.2039796,.26969388,.35959184,.34193876,.34683675,.29234695,.48357144,.51704079,.34836733,.35897958,.3477551,.36846939,.3082653,.40683675,.44489795,.42418367,.52367347,.33591837,.52367347,.49581632,.51112247,.34561223,.45204082,.46183673,.48193878,.32724491,.31295919,.45397958,.29295918,.47897959,.29561225,.42306122,.31020409,.28836736,.37724489,.34438777,.36632654,.28459182,.23142858,.41622448,.39367348,.41622448,.31612244,0,.21428572,749,Brown
747,.30285713,.2857143,.32142857,.2857143,.35714287,.32142857,.2857143,.17857143,.17857143,.30285713,.25,.21428572,.21428572,.21428572,.23142858,.34,.25,.42857143,.21428572,.35714287,.25,.14285715,.30285713,.2857143,.25,.14285715,.26857144,.2857143,.30285713,.23142858,.26857144,.21428572,.35714287,.32142857,.25,.35857144,.2857143,.14285715,.22142857,.22714286,.2557143,.29714286,.51571429,.15142857,.22,.37,.25142857,.41571429,.18000001,.20428571,.22285715,.18142857,.2,.2557143,.34142858,.31285715,.19714285,.33428571,.16857143,.23999999,.46714285,.20428571,.41,.35142857,.20571429,.17285714,.23714286,.32857144,.30571428,.42571428,.34714285,.20999999,.4757143,.55714285,.30714285,.36857143,.30714285,.31142858,.28142858,.26142856,.36428571,.38857144,.50714284,.27571428,.54142857,.38999999,.47999999,.33142856,.38285714,.40428573,.40428573,.32285714,.32571429,.4642857,.17571428,.54142857,.31285715,.35714287,.29428571,.31857142,.39571428,.34571427,.43285716,.24857143,.18714286,.39142856,.34,.36571428,.29428571,0,0,747,Neutral
743,.35714287,.42857143,.39285713,.42857143,.41142857,.42857143,.35714287,.25,.32142857,.41142857,.2857143,.25,.26857144,.34,.30285713,.44571429,.26857144,.48285714,.25,.53571427,.26857144,.25,.44571429,.39285713,.42857143,.14285715,.26857144,.35714287,.42857143,.34,.30285713,.25,.41142857,.42857143,.37428573,.3157143,.27571428,.15714286,.27142859,.20142858,.18000001,.29571429,.26857144,.34999999,.22285715,.31714284,.28857142,.37142858,.14285715,.15714286,.20428571,.18000001,.14428571,.22428571,.41,.40285715,.17,.19142857,.18142857,.22428571,.46857142,.22857143,.28999999,.20428571,.19714285,.16571428,.19714285,.19571428,.38142857,.34285715,.39571428,.27142859,.54000002,.56285715,.41142857,.33142856,.39857143,.43714285,.36142856,.44714287,.50999999,.47857141,.5642857,.41285715,.52714288,.56,.54857141,.38999999,.44999999,.50142854,.58714288,.36857143,.38142857,.44857141,.37571427,.51428574,.19571428,.45428571,.31428573,.38285714,.44428572,.34,.38142857,.25142857,.23,.38999999,.45142856,.38571429,.43571427,0,1,743,Brown
757,.42000002,.45571429,.42857143,.42000002,.46428573,.40214285,.34,.21428573,.37428573,.45571429,.39285713,.24142858,.2857143,.375,.39285713,.49071428,.29428571,.5,.26785713,.54499996,.32999998,.24071428,.43714285,.45571429,.3757143,.36571431,.34857142,.39285713,.42857143,.38357145,.33928573,.25928572,.42857143,.42000002,.42000002,.39071429,.37714285,.25928572,.25928572,.5007143,.27571428,.4464286,.37071428,.33285713,.23142856,.41785714,.39928573,.48357141,.155,.26857144,.17928572,.18214285,.16357142,.36357144,.44785714,.52571428,.19499999,.35642856,.16857143,.34428573,.59214282,.27071428,.45285714,.25,.20428571,.3092857,.20714286,.35142857,.47928572,.37714285,.42857143,.28071427,.57499999,.5607143,.43785715,.33214286,.39571428,.50428569,.26142856,.45785713,.43214285,.51928568,.58999997,.36857143,.51571429,.57071424,.57642853,.44,.42500001,.56142855,.60071433,.3757143,.47642857,.44571429,.36285713,.51071429,.24071428,.4992857,.37285715,.35714287,.42000002,.36357141,.34714288,.26428571,.28928572,.38571429,.49857146,.44499999,.47428572,1,.5,757,Both Green and Brown
756,.39333335,.42285714,.39904761,.39333335,.41714287,.44,.36285713,.16047619,.36952382,.40476191,.35666665,.24380952,.28,.33904761,.33904764,.44666666,.30952382,.5057143,.20238096,.51761901,.32666665,.20857143,.44619048,.43476191,.41095239,.26761904,.32714286,.39285713,.42285714,.36904761,.32095239,.2204762,.41666666,.42285714,.39333335,.3547619,.31761906,.18047619,.27190477,.38666666,.24095239,.32190478,.34476191,.26285714,.24285714,.38809523,.34857142,.4552381,.17476191,.21285714,.21809524,.20952381,.17238095,.27095237,.45047617,.49238095,.20476191,.28523809,.17904761,.30619049,.54333335,.23476191,.41523811,.23904762,.19571428,.2590476,.21666667,.33428571,.4204762,.39095238,.39238095,.32571429,.55190474,.59666669,.40666667,.38,.36952382,.45190477,.36857143,.44142857,.47190475,.50523812,.54666668,.40000001,.56761903,.52619046,.54380953,.39190477,.46190476,.49761906,.55333334,.34380952,.48809522,.44714287,.33238095,.51142859,.29714286,.49952382,.3790476,.33190474,.45380953,.34047619,.38333333,.28,.24761905,.3847619,.48142856,.42761904,.37047619,.33333334,.33333334,756,Both Green and Brown
753,.37428573,.44571429,.39285713,.42857143,.41142857,.41142857,.30285713,.16,.32142857,.37428573,.32142857,.25,.25,.26857144,.35714287,.44571429,.26857144,.55428571,.25,.53571427,.2857143,.23142858,.44571429,.42857143,.42857143,.21428572,.32142857,.41142857,.44571429,.39285713,.30285713,.17857143,.42857143,.42857143,.39285713,.39142856,.30000001,.17285714,.20857143,.35142857,.20999999,.39428571,.42142856,.25714287,.25428572,.41714287,.33000001,.48571429,.15571429,.17142858,.17428571,.18714286,.14714286,.23571429,.42428571,.52571428,.20714286,.32428572,.18571429,.27857143,.57714283,.34428573,.40857142,.31428573,.23285714,.25428572,.21285714,.25714287,.36857143,.33714285,.36142856,.18714286,.55571431,.65714288,.43142858,.35428572,.44571429,.48285714,.21285714,.43571427,.4942857,.49571428,.60000002,.31714284,.63428569,.58714288,.62285715,.38857144,.5714286,.49714285,.57714283,.22428571,.56999999,.52571428,.29571429,.59571427,.16142857,.4642857,.29714286,.37428573,.48857144,.28142858,.36571428,.24714285,.22285715,.31428573,.47857141,.41714287,.40571427,0,1,753,Brown
755,.37428573,.42000002,.42000002,.41071427,.43714285,.37428573,.35714287,.28571427,.32142857,.42857143,.31214285,.24071428,.25,.31214285,.32999998,.46428573,.25,.50928569,.26785713,.51785713,.31285715,.19642857,.43714285,.42000002,.39285713,.25928572,.30357143,.40214285,.43714285,.33071429,.32142857,.25928572,.40214285,.42857143,.38357145,.38285714,.30857143,.20571429,.2192857,.28071427,.23642856,.40571427,.32857144,.30857143,.24642856,.35285714,.36071429,.44999999,.18714285,.28,.22857143,.19357143,.19428572,.20785715,.45857143,.43214285,.22357142,.26785713,.20357144,.25857142,.55071425,.20642856,.36642855,.24142855,.20642857,.2507143,.18071428,.26785713,.44428569,.34857142,.42642856,.25142857,.57071429,.64857143,.42571428,.35571429,.41928571,.51857144,.3092857,.45214286,.44571429,.49714285,.57785714,.40285712,.54785717,.54571426,.57357144,.37642857,.44857144,.58357143,.57071429,.26785713,.37928569,.48428571,.38714284,.55499995,.21357143,.51928568,.40928572,.35428572,.43000001,.32999998,.37785715,.245,.235,.41142857,.48357141,.47214285,.47928572,0,.5,755,Brown
758,.37428573,.42000002,.42000002,.41071427,.43714285,.37428573,.35714287,.28571427,.32142857,.42857143,.31214285,.24071428,.25,.31214285,.32999998,.46428573,.25,.50928569,.26785713,.51785713,.31285715,.19642857,.43714285,.42000002,.39285713,.25928572,.30357143,.40214285,.43714285,.33071429,.32142857,.25928572,.40214285,.42857143,.38357145,.38285714,.30857143,.20571429,.2192857,.28071427,.23642856,.40571427,.32857144,.30857143,.24642856,.35285714,.36071429,.44999999,.18714285,.28,.22857143,.19357143,.19428572,.20785715,.45857143,.43214285,.22357142,.26785713,.20357144,.25857142,.55071425,.20642856,.36642855,.24142855,.20642857,.2507143,.18071428,.26785713,.44428569,.34857142,.42642856,.25142857,.57071429,.64857143,.42571428,.35571429,.41928571,.51857144,.3092857,.45214286,.44571429,.49714285,.57785714,.40285712,.54785717,.54571426,.57357144,.37642857,.44857144,.58357143,.57071429,.26785713,.37928569,.48428571,.38714284,.55499995,.21357143,.51928568,.40928572,.35428572,.43000001,.32999998,.37785715,.245,.235,.41142857,.48357141,.47214285,.47928572,0,.5,758,Brown
754,.34,.42857143,.39285713,.42857143,.41142857,.41142857,.2857143,.14285715,.37428573,.39285713,.30285713,.17857143,.17857143,.32142857,.30285713,.44571429,.32142857,.42857143,.14285715,.4642857,.32142857,.16,.41142857,.41142857,.34,.14285715,.34,.41142857,.39285713,.30285713,.30285713,.19714285,.41142857,.39285713,.37428573,.39142856,.33714285,.21714285,.2742857,.31857142,.28999999,.36000001,.43714285,.31428573,.30285713,.45714286,.30714285,.45571429,.19714285,.34,.24285714,.22142857,.19428572,.29714286,.43714285,.50428569,.25714287,.37,.24714285,.29857144,.53714287,.31285715,.46142858,.33857143,.24142857,.26428571,.23285714,.31428573,.48571429,.43142858,.42571428,.31142858,.51857144,.49142858,.43571427,.40285715,.37571427,.44428572,.32571429,.42714286,.44,.52142859,.52857143,.41,.54142857,.54142857,.54571426,.39571428,.48857144,.51999998,.5657143,.28,.4757143,.4757143,.35857144,.49571428,.27285713,.51571429,.38571429,.32285714,.41714287,.38857144,.42142856,.33714285,.30000001,.46000001,.50142854,.48428571,.40714285,0,1,754,Brown
765,.41142857,.42857143,.41142857,.41142857,.42857143,.41142857,.32142857,.19714285,.30285713,.39285713,.2857143,.23142858,.26857144,.32142857,.30285713,.42857143,.32142857,.4642857,.2857143,.51714283,.34,.14285715,.44571429,.39285713,.32142857,.14285715,.34,.41142857,.42857143,.32142857,.32142857,.26857144,.42857143,.39285713,.32142857,.32428572,.28428572,.16,.18000001,.23285714,.25857142,.33142856,.46142858,.29857144,.20857143,.38571429,.33857143,.46142858,.14428571,.23571429,.18571429,.18285714,.15857142,.23,.50285715,.51571429,.18142857,.25857142,.17142858,.23,.52714288,.21857142,.38,.23857144,.19857143,.21571429,.16142857,.30428571,.33571428,.46714285,.46285716,.29571429,.5657143,.6314286,.43857142,.43142858,.5,.51285714,.33571428,.54714286,.46714285,.45857143,.5714286,.41571429,.6185714,.52428573,.60285717,.43000001,.52428573,.52428573,.59714288,.35428572,.33714285,.5057143,.39285713,.51285714,.25285715,.44857141,.40571427,.35285714,.47,.37857142,.37714285,.26428571,.31142858,.44714287,.50142854,.46000001,.33285713,0,1,765,Brown
763,.35714287,.44571429,.42857143,.42857143,.44571429,.30285713,.30285713,.23142858,.37428573,.42857143,.35714287,.17857143,.19714285,.30285713,.21428572,.5,.32142857,.44571429,.26857144,.51714283,.35714287,.17857143,.44571429,.44571429,.30285713,.25,.37428573,.42857143,.42857143,.32142857,.2857143,.21428572,.41142857,.32142857,.41142857,.25999999,.24285714,.20857143,.18571429,.21285714,.23,.25857142,.29428571,.22,.21142857,.32428572,.26714286,.47,.15000001,.4342857,.17428571,.22857143,.14428571,.28142858,.32857144,.3157143,.18285714,.21285714,.14857143,.20285714,.51142859,.19714285,.43571427,.2557143,.18857142,.2,.19714285,.26428571,.51428574,.37571427,.44571429,.34285715,.56285715,.5642857,.47285715,.43000001,.42714286,.49000001,.32428572,.48142856,.45714286,.51285714,.57428569,.44999999,.50142854,.53571427,.54714286,.43857142,.40714285,.5714286,.59142858,.39571428,.44142857,.47428572,.40000001,.50714284,.37142858,.5057143,.44285715,.41999999,.42428571,.40571427,.41428572,.32714286,.33714285,.39571428,.50999999,.4342857,.48285714,0,0,763,Neutral
768,.35047621,.41714287,.39333335,.38714287,.41047621,.27333334,.24952382,.16666667,.29714286,.39285713,.29714286,.21380953,.25047618,.30952382,.31523812,.4342857,.28,.42809522,.21380953,.45238096,.29142857,.19666667,.40476191,.42809525,.24428572,.20857143,.29761904,.38666666,.38666669,.31523812,.30333334,.19666667,.39285713,.32761905,.34523809,.37333333,.25,.16380952,.20380953,.24619047,.18714285,.33095238,.30761904,.25142857,.21285714,.3604762,.24238096,.36809525,.14809524,.29190478,.20857143,.15095238,.15714286,.16904762,.37238094,.36904761,.17238095,.28904763,.16380952,.2147619,.52809525,.26095238,.31857142,.22333333,.23142858,.18523809,.15523809,.22428572,.42476189,.35904762,.41666669,.2547619,.53000003,.54714286,.38761905,.37523809,.36380953,.47904763,.28333333,.41857144,.50714284,.47904763,.53190476,.33571428,.56142861,.51428574,.53095239,.40476191,.47904763,.48333335,.53476191,.34476191,.3904762,.44857141,.36142856,.5252381,.24238095,.47619048,.40952381,.32190475,.36666667,.3595238,.34095237,.27142859,.31999999,.35666665,.47095239,.42142856,.35380954,0,0,768,Neutral
766,.35761905,.43428573,.38714287,.39285713,.43428573,.38095239,.30952382,.14857143,.33285713,.38714287,.31523809,.22,.25047618,.33285713,.3157143,.46380952,.30285713,.48190475,.23809524,.52428567,.30904761,.16666667,.42857143,.42238095,.32761905,.26809525,.30904761,.37523809,.42857143,.29190478,.30952382,.19666667,.38761905,.36285713,.36285713,.39285713,.33333334,.21333332,.26523811,.36190474,.25952381,.34714285,.34666666,.3052381,.28999999,.42380953,.34380952,.40142855,.17380953,.22285715,.25999999,.2147619,.19238095,.27047619,.38333333,.49571428,.25523812,.30809525,.22666666,.32571429,.50999999,.27809525,.44952381,.31428573,.22238095,.27857143,.23571429,.30809525,.46047619,.38,.4057143,.28238094,.53190476,.55333334,.44,.40142858,.37714285,.47952381,.29619047,.4342857,.45571429,.47761905,.58095235,.41428572,.57857144,.58476192,.58809525,.40333334,.50380951,.54000002,.59142858,.36142856,.51190472,.47523808,.29761904,.5447619,.23952381,.49571428,.34523809,.38999999,.44857144,.38380951,.42142856,.28380954,.26190478,.40714285,.45714286,.47999999,.38238096,0,.66666669,766,Brown
764,.30285713,.41142857,.35714287,.39285713,.41142857,.32142857,.26857144,.14285715,.30285713,.37428573,.32142857,.17857143,.19714285,.32142857,.2857143,.41142857,.2857143,.4642857,.19714285,.44571429,.2857143,.16,.35714287,.39285713,.25,.21428572,.30285713,.39285713,.41142857,.2857143,.2857143,.14285715,.41142857,.32142857,.32142857,.31428573,.19857143,.22285715,.20142858,.34285715,.17714286,.22142857,.29857144,.18714286,.19,.35428572,.28142858,.43000001,.15000001,.2742857,.21285714,.18285714,.16142857,.18428572,.2857143,.33714285,.19,.23857144,.15857142,.23571429,.56142855,.38857144,.39571428,.18142857,.19714285,.17,.17285714,.20285714,.41428572,.40857142,.38285714,.23857144,.60571426,.57857144,.40714285,.32571429,.40428573,.62285715,.2557143,.55000001,.44428572,.54571426,.60428572,.33142856,.58999997,.53285712,.63,.42571428,.50999999,.58999997,.60428572,.34428573,.52857143,.48285714,.36428571,.57714283,.27571428,.56999999,.34714285,.34571427,.45428571,.44142857,.39142856,.31,.28285715,.33142856,.47142857,.48285714,.48857144,0,0,764,Neutral
769,.35047621,.41714287,.39333335,.38714287,.41047621,.27333334,.24952382,.16666667,.29714286,.39285713,.29714286,.21380953,.25047618,.30952382,.31523812,.4342857,.28,.42809522,.21380953,.45238096,.29142857,.19666667,.40476191,.42809525,.24428572,.20857143,.29761904,.38666666,.38666669,.31523812,.30333334,.19666667,.39285713,.32761905,.34523809,.37333333,.25,.16380952,.20380953,.24619047,.18714285,.33095238,.30761904,.25142857,.21285714,.3604762,.24238096,.36809525,.14809524,.29190478,.20857143,.15095238,.15714286,.16904762,.37238094,.36904761,.17238095,.28904763,.16380952,.2147619,.52809525,.26095238,.31857142,.22333333,.23142858,.18523809,.15523809,.22428572,.42476189,.35904762,.41666669,.2547619,.53000003,.54714286,.38761905,.37523809,.36380953,.47904763,.28333333,.41857144,.50714284,.47904763,.53190476,.33571428,.56142861,.51428574,.53095239,.40476191,.47904763,.48333335,.53476191,.34476191,.3904762,.44857141,.36142856,.5252381,.24238095,.47619048,.40952381,.32190475,.36666667,.3595238,.34095237,.27142859,.31999999,.35666665,.47095239,.42142856,.35380954,0,0,769,Neutral
714,.34081399,.43094769,.36426577,.36056769,.4297795,.28866351,.27813628,.16406991,.31575653,.40003225,.31294394,.22751349,.25014311,.3031269,.30094126,.43529147,.28679863,.42676637,.22915319,.44825301,.30028266,.18629839,.39528385,.38321546,.26978713,.19662738,.32758972,.37758797,.40474138,.29812574,.28278735,.22356205,.39749649,.32789525,.33476835,.41966572,.30958012,.21384118,.25374326,.3024742,.25066504,.31630835,.40351394,.30920771,.26762256,.38512549,.34891862,.43086323,.17306064,.29424644,.22030437,.19602217,.18532254,.25928983,.38276333,.42789057,.20658632,.30930743,.18829991,.27979004,.53465456,.25615939,.39242435,.29537943,.19728361,.23234284,.1992476,.28434965,.42370984,.37260029,.39546213,.30057529,.53748596,.55808347,.4130747,.38312867,.4121106,.47039762,.28597701,.44961002,.4653759,.48832455,.57327878,.3822408,.56136757,.55002701,.57747769,.4152205,.49110544,.52660865,.56061167,.36169717,.41411036,.49919832,.32578877,.52698922,.32541636,.47786945,.37123093,.31949273,.41972789,.37796739,.40025392,.30742669,.26179335,.41211471,.45584798,.47606498,.40554306,.045977011,.41379309,714,Brown
717,.34081399,.43094769,.36426577,.36056769,.4297795,.28866351,.27813628,.16406991,.31575653,.40003225,.31294394,.22751349,.25014311,.3031269,.30094126,.43529147,.28679863,.42676637,.22915319,.44825301,.30028266,.18629839,.39528385,.38321546,.26978713,.19662738,.32758972,.37758797,.40474138,.29812574,.28278735,.22356205,.39749649,.32789525,.33476835,.41966572,.30958012,.21384118,.25374326,.3024742,.25066504,.31630835,.40351394,.30920771,.26762256,.38512549,.34891862,.43086323,.17306064,.29424644,.22030437,.19602217,.18532254,.25928983,.38276333,.42789057,.20658632,.30930743,.18829991,.27979004,.53465456,.25615939,.39242435,.29537943,.19728361,.23234284,.1992476,.28434965,.42370984,.37260029,.39546213,.30057529,.53748596,.55808347,.4130747,.38312867,.4121106,.47039762,.28597701,.44961002,.4653759,.48832455,.57327878,.3822408,.56136757,.55002701,.57747769,.4152205,.49110544,.52660865,.56061167,.36169717,.41411036,.49919832,.32578877,.52698922,.32541636,.47786945,.37123093,.31949273,.41972789,.37796739,.40025392,.30742669,.26179335,.41211471,.45584798,.47606498,.40554306,.045977011,.41379309,717,Brown
779,.34081399,.43094769,.36426577,.36056769,.4297795,.28866351,.27813628,.16406991,.31575653,.40003225,.31294394,.22751349,.25014311,.3031269,.30094126,.43529147,.28679863,.42676637,.22915319,.44825301,.30028266,.18629839,.39528385,.38321546,.26978713,.19662738,.32758972,.37758797,.40474138,.29812574,.28278735,.22356205,.39749649,.32789525,.33476835,.41966572,.30958012,.21384118,.25374326,.3024742,.25066504,.31630835,.40351394,.30920771,.26762256,.38512549,.34891862,.43086323,.17306064,.29424644,.22030437,.19602217,.18532254,.25928983,.38276333,.42789057,.20658632,.30930743,.18829991,.27979004,.53465456,.25615939,.39242435,.29537943,.19728361,.23234284,.1992476,.28434965,.42370984,.37260029,.39546213,.30057529,.53748596,.55808347,.4130747,.38312867,.4121106,.47039762,.28597701,.44961002,.4653759,.48832455,.57327878,.3822408,.56136757,.55002701,.57747769,.4152205,.49110544,.52660865,.56061167,.36169717,.41411036,.49919832,.32578877,.52698922,.32541636,.47786945,.37123093,.31949273,.41972789,.37796739,.40025392,.30742669,.26179335,.41211471,.45584798,.47606498,.40554306,.045977011,.41379309,779,Brown
693,.34081399,.43094769,.36426577,.36056769,.4297795,.28866351,.27813628,.16406991,.31575653,.40003225,.31294394,.22751349,.25014311,.3031269,.30094126,.43529147,.28679863,.42676637,.22915319,.44825301,.30028266,.18629839,.39528385,.38321546,.26978713,.19662738,.32758972,.37758797,.40474138,.29812574,.28278735,.22356205,.39749649,.32789525,.33476835,.41966572,.30958012,.21384118,.25374326,.3024742,.25066504,.31630835,.40351394,.30920771,.26762256,.38512549,.34891862,.43086323,.17306064,.29424644,.22030437,.19602217,.18532254,.25928983,.38276333,.42789057,.20658632,.30930743,.18829991,.27979004,.53465456,.25615939,.39242435,.29537943,.19728361,.23234284,.1992476,.28434965,.42370984,.37260029,.39546213,.30057529,.53748596,.55808347,.4130747,.38312867,.4121106,.47039762,.28597701,.44961002,.4653759,.48832455,.57327878,.3822408,.56136757,.55002701,.57747769,.4152205,.49110544,.52660865,.56061167,.36169717,.41411036,.49919832,.32578877,.52698922,.32541636,.47786945,.37123093,.31949273,.41972789,.37796739,.40025392,.30742669,.26179335,.41211471,.45584798,.47606498,.40554306,.045977011,.41379309,693,Brown
777,.34081399,.43094769,.36426577,.36056769,.4297795,.28866351,.27813628,.16406991,.31575653,.40003225,.31294394,.22751349,.25014311,.3031269,.30094126,.43529147,.28679863,.42676637,.22915319,.44825301,.30028266,.18629839,.39528385,.38321546,.26978713,.19662738,.32758972,.37758797,.40474138,.29812574,.28278735,.22356205,.39749649,.32789525,.33476835,.41966572,.30958012,.21384118,.25374326,.3024742,.25066504,.31630835,.40351394,.30920771,.26762256,.38512549,.34891862,.43086323,.17306064,.29424644,.22030437,.19602217,.18532254,.25928983,.38276333,.42789057,.20658632,.30930743,.18829991,.27979004,.53465456,.25615939,.39242435,.29537943,.19728361,.23234284,.1992476,.28434965,.42370984,.37260029,.39546213,.30057529,.53748596,.55808347,.4130747,.38312867,.4121106,.47039762,.28597701,.44961002,.4653759,.48832455,.57327878,.3822408,.56136757,.55002701,.57747769,.4152205,.49110544,.52660865,.56061167,.36169717,.41411036,.49919832,.32578877,.52698922,.32541636,.47786945,.37123093,.31949273,.41972789,.37796739,.40025392,.30742669,.26179335,.41211471,.45584798,.47606498,.40554306,.045977011,.41379309,777,Brown
759,.34081399,.43094769,.36426577,.36056769,.4297795,.28866351,.27813628,.16406991,.31575653,.40003225,.31294394,.22751349,.25014311,.3031269,.30094126,.43529147,.28679863,.42676637,.22915319,.44825301,.30028266,.18629839,.39528385,.38321546,.26978713,.19662738,.32758972,.37758797,.40474138,.29812574,.28278735,.22356205,.39749649,.32789525,.33476835,.41966572,.30958012,.21384118,.25374326,.3024742,.25066504,.31630835,.40351394,.30920771,.26762256,.38512549,.34891862,.43086323,.17306064,.29424644,.22030437,.19602217,.18532254,.25928983,.38276333,.42789057,.20658632,.30930743,.18829991,.27979004,.53465456,.25615939,.39242435,.29537943,.19728361,.23234284,.1992476,.28434965,.42370984,.37260029,.39546213,.30057529,.53748596,.55808347,.4130747,.38312867,.4121106,.47039762,.28597701,.44961002,.4653759,.48832455,.57327878,.3822408,.56136757,.55002701,.57747769,.4152205,.49110544,.52660865,.56061167,.36169717,.41411036,.49919832,.32578877,.52698922,.32541636,.47786945,.37123093,.31949273,.41972789,.37796739,.40025392,.30742669,.26179335,.41211471,.45584798,.47606498,.40554306,.045977011,.41379309,759,Brown
798,.34081399,.43094769,.36426577,.36056769,.4297795,.28866351,.27813628,.16406991,.31575653,.40003225,.31294394,.22751349,.25014311,.3031269,.30094126,.43529147,.28679863,.42676637,.22915319,.44825301,.30028266,.18629839,.39528385,.38321546,.26978713,.19662738,.32758972,.37758797,.40474138,.29812574,.28278735,.22356205,.39749649,.32789525,.33476835,.41966572,.30958012,.21384118,.25374326,.3024742,.25066504,.31630835,.40351394,.30920771,.26762256,.38512549,.34891862,.43086323,.17306064,.29424644,.22030437,.19602217,.18532254,.25928983,.38276333,.42789057,.20658632,.30930743,.18829991,.27979004,.53465456,.25615939,.39242435,.29537943,.19728361,.23234284,.1992476,.28434965,.42370984,.37260029,.39546213,.30057529,.53748596,.55808347,.4130747,.38312867,.4121106,.47039762,.28597701,.44961002,.4653759,.48832455,.57327878,.3822408,.56136757,.55002701,.57747769,.4152205,.49110544,.52660865,.56061167,.36169717,.41411036,.49919832,.32578877,.52698922,.32541636,.47786945,.37123093,.31949273,.41972789,.37796739,.40025392,.30742669,.26179335,.41211471,.45584798,.47606498,.40554306,.045977011,.41379309,798,Brown
725,.34081399,.43094769,.36426577,.36056769,.4297795,.28866351,.27813628,.16406991,.31575653,.40003225,.31294394,.22751349,.25014311,.3031269,.30094126,.43529147,.28679863,.42676637,.22915319,.44825301,.30028266,.18629839,.39528385,.38321546,.26978713,.19662738,.32758972,.37758797,.40474138,.29812574,.28278735,.22356205,.39749649,.32789525,.33476835,.41966572,.30958012,.21384118,.25374326,.3024742,.25066504,.31630835,.40351394,.30920771,.26762256,.38512549,.34891862,.43086323,.17306064,.29424644,.22030437,.19602217,.18532254,.25928983,.38276333,.42789057,.20658632,.30930743,.18829991,.27979004,.53465456,.25615939,.39242435,.29537943,.19728361,.23234284,.1992476,.28434965,.42370984,.37260029,.39546213,.30057529,.53748596,.55808347,.4130747,.38312867,.4121106,.47039762,.28597701,.44961002,.4653759,.48832455,.57327878,.3822408,.56136757,.55002701,.57747769,.4152205,.49110544,.52660865,.56061167,.36169717,.41411036,.49919832,.32578877,.52698922,.32541636,.47786945,.37123093,.31949273,.41972789,.37796739,.40025392,.30742669,.26179335,.41211471,.45584798,.47606498,.40554306,.045977011,.41379309,725,Brown
715,.34081399,.43094769,.36426577,.36056769,.4297795,.28866351,.27813628,.16406991,.31575653,.40003225,.31294394,.22751349,.25014311,.3031269,.30094126,.43529147,.28679863,.42676637,.22915319,.44825301,.30028266,.18629839,.39528385,.38321546,.26978713,.19662738,.32758972,.37758797,.40474138,.29812574,.28278735,.22356205,.39749649,.32789525,.33476835,.41966572,.30958012,.21384118,.25374326,.3024742,.25066504,.31630835,.40351394,.30920771,.26762256,.38512549,.34891862,.43086323,.17306064,.29424644,.22030437,.19602217,.18532254,.25928983,.38276333,.42789057,.20658632,.30930743,.18829991,.27979004,.53465456,.25615939,.39242435,.29537943,.19728361,.23234284,.1992476,.28434965,.42370984,.37260029,.39546213,.30057529,.53748596,.55808347,.4130747,.38312867,.4121106,.47039762,.28597701,.44961002,.4653759,.48832455,.57327878,.3822408,.56136757,.55002701,.57747769,.4152205,.49110544,.52660865,.56061167,.36169717,.41411036,.49919832,.32578877,.52698922,.32541636,.47786945,.37123093,.31949273,.41972789,.37796739,.40025392,.30742669,.26179335,.41211471,.45584798,.47606498,.40554306,.045977011,.41379309,715,Brown
774,.41142857,.48285714,.44571429,.39285713,.44571429,.39285713,.39285713,.19714285,.39285713,.42857143,.35714287,.2857143,.30285713,.32142857,.2857143,.44571429,.41142857,.44571429,.21428572,.5,.41142857,.34,.48285714,.4642857,.34,.23142858,.4642857,.41142857,.4642857,.39285713,.35714287,.2857143,.42857143,.41142857,.39285713,.28857142,.25,.14571428,.15571429,.36857143,.24571429,.52857143,.56142855,.26571429,.24571429,.32285714,.26857144,.44714287,.28428572,.14571428,.18714286,.15571429,.14285715,.29142857,.32142857,.37142858,.16857143,.24857143,.14857143,.20999999,.44857141,.18714286,.2557143,.36142856,.17142858,.20999999,.14571428,.19857143,.38857144,.33285713,.38428572,.4642857,.45428571,.60571426,.33571428,.38714287,.28,.39285713,.24714285,.52571428,.44714287,.37142858,.59857142,.36714286,.38857144,.50428569,.53571427,.31428573,.46285716,.56142855,.43714285,.42857143,.15285714,.55571431,.39571428,.36714286,.5642857,.38428572,.37714285,.46285716,.51571429,.41142857,.41142857,.45142856,.28857142,.51285714,.44857141,.52714288,.62714285,0,0,774,Neutral
784,.33500001,.42357144,.39285713,.375,.42785716,.31285715,.30285713,.18285716,.33071429,.38857144,.30357143,.19642857,.23642857,.32214284,.31714284,.42428571,.28142858,.41500002,.24142857,.44214284,.29000002,.16499999,.3757143,.38857144,.30785716,.21428572,.30785716,.35714287,.41500002,.28571427,.28142858,.23642857,.37928572,.33071429,.30785716,.35928571,.26357144,.17357144,.31999999,.26642859,.20714286,.26714286,.33285713,.38571429,.2257143,.34285712,.32928571,.36357141,.16928571,.17428571,.18714285,.19857143,.16357142,.22642857,.41642857,.40285712,.20642857,.23142856,.17357144,.27142859,.42214286,.21285714,.3142857,.21785714,.19071428,.21000001,.17142858,.25928572,.40571427,.37714285,.38499999,.28999999,.49928573,.55285716,.40357143,.39285713,.35928571,.34642857,.40571427,.40357143,.40857142,.46642858,.53285718,.35428572,.59714282,.51499999,.52928567,.35857141,.42642856,.46857142,.47785714,.32499999,.5,.48142856,.30642855,.54357147,.26071429,.46642858,.35499999,.35142857,.4464286,.33857143,.40071428,.26571429,.25214285,.435,.44285715,.45071429,.32571429,0,0,784,Neutral
783,.33500001,.42357144,.39285713,.375,.42785716,.31285715,.30285713,.18285716,.33071429,.38857144,.30357143,.19642857,.23642857,.32214284,.31714284,.42428571,.28142858,.41500002,.24142857,.44214284,.29000002,.16499999,.3757143,.38857144,.30785716,.21428572,.30785716,.35714287,.41500002,.28571427,.28142858,.23642857,.37928572,.33071429,.30785716,.35928571,.26357144,.17357144,.31999999,.26642859,.20714286,.26714286,.33285713,.38571429,.2257143,.34285712,.32928571,.36357141,.16928571,.17428571,.18714285,.19857143,.16357142,.22642857,.41642857,.40285712,.20642857,.23142856,.17357144,.27142859,.42214286,.21285714,.3142857,.21785714,.19071428,.21000001,.17142858,.25928572,.40571427,.37714285,.38499999,.28999999,.49928573,.55285716,.40357143,.39285713,.35928571,.34642857,.40571427,.40357143,.40857142,.46642858,.53285718,.35428572,.59714282,.51499999,.52928567,.35857141,.42642856,.46857142,.47785714,.32499999,.5,.48142856,.30642855,.54357147,.26071429,.46642858,.35499999,.35142857,.4464286,.33857143,.40071428,.26571429,.25214285,.435,.44285715,.45071429,.32571429,0,0,783,Neutral
636,.35246915,.42857143,.39238095,.39255732,.42433864,.34465608,.32772487,.23760141,.34532627,.40543211,.31530866,.23985891,.25982365,.31234568,.29894179,.43447971,.29202822,.40370369,.22610229,.44303352,.30603173,.19576719,.42701939,.42857143,.34042329,.23650794,.32137567,.39079365,.41992944,.32659611,.31089947,.25414464,.40388006,.374515,.36737213,.39800704,.30171075,.18017636,.29569665,.30119929,.24010582,.39125219,.37529102,.40534392,.23970018,.42677251,.39668432,.42350972,.16853616,.17185186,.2008642,.20497355,.17338625,.25694886,.42470899,.48098767,.20410936,.2834568,.17751323,.30097002,.48774248,.24562611,.3527866,.25449735,.20435625,.23063493,.19929454,.27227512,.42553791,.34716049,.39878306,.30271605,.49885362,.53162259,.3844268,.39294532,.39356261,.43262789,.37261024,.4648501,.44723102,.49044091,.56426805,.35927689,.55098766,.52444446,.56523812,.37869489,.46611995,.51784831,.52749562,.3188889,.35982364,.45492062,.31301588,.47686067,.27906525,.43952382,.36141095,.36878306,.40851852,.33421516,.38857141,.30444443,.26553792,.41899469,.43850088,.46455026,.38492063,.50617284,0,636,Green
785,.35246915,.42857143,.39238095,.39255732,.42433864,.34465608,.32772487,.23760141,.34532627,.40543211,.31530866,.23985891,.25982365,.31234568,.29894179,.43447971,.29202822,.40370369,.22610229,.44303352,.30603173,.19576719,.42701939,.42857143,.34042329,.23650794,.32137567,.39079365,.41992944,.32659611,.31089947,.25414464,.40388006,.374515,.36737213,.39800704,.30171075,.18017636,.29569665,.30119929,.24010582,.39125219,.37529102,.40534392,.23970018,.42677251,.39668432,.42350972,.16853616,.17185186,.2008642,.20497355,.17338625,.25694886,.42470899,.48098767,.20410936,.2834568,.17751323,.30097002,.48774248,.24562611,.3527866,.25449735,.20435625,.23063493,.19929454,.27227512,.42553791,.34716049,.39878306,.30271605,.49885362,.53162259,.3844268,.39294532,.39356261,.43262789,.37261024,.4648501,.44723102,.49044091,.56426805,.35927689,.55098766,.52444446,.56523812,.37869489,.46611995,.51784831,.52749562,.3188889,.35982364,.45492062,.31301588,.47686067,.27906525,.43952382,.36141095,.36878306,.40851852,.33421516,.38857141,.30444443,.26553792,.41899469,.43850088,.46455026,.38492063,.50617284,0,785,Green
683,.35246915,.42857143,.39238095,.39255732,.42433864,.34465608,.32772487,.23760141,.34532627,.40543211,.31530866,.23985891,.25982365,.31234568,.29894179,.43447971,.29202822,.40370369,.22610229,.44303352,.30603173,.19576719,.42701939,.42857143,.34042329,.23650794,.32137567,.39079365,.41992944,.32659611,.31089947,.25414464,.40388006,.374515,.36737213,.39800704,.30171075,.18017636,.29569665,.30119929,.24010582,.39125219,.37529102,.40534392,.23970018,.42677251,.39668432,.42350972,.16853616,.17185186,.2008642,.20497355,.17338625,.25694886,.42470899,.48098767,.20410936,.2834568,.17751323,.30097002,.48774248,.24562611,.3527866,.25449735,.20435625,.23063493,.19929454,.27227512,.42553791,.34716049,.39878306,.30271605,.49885362,.53162259,.3844268,.39294532,.39356261,.43262789,.37261024,.4648501,.44723102,.49044091,.56426805,.35927689,.55098766,.52444446,.56523812,.37869489,.46611995,.51784831,.52749562,.3188889,.35982364,.45492062,.31301588,.47686067,.27906525,.43952382,.36141095,.36878306,.40851852,.33421516,.38857141,.30444443,.26553792,.41899469,.43850088,.46455026,.38492063,.50617284,0,683,Green
789,.34785712,.41142857,.36571428,.40214285,.41071427,.31285715,.32142857,.1607143,.31214285,.38428572,.33000001,.24142858,.25857145,.30285713,.27714288,.42000002,.29428571,.30357143,.23142858,.41928571,.29428571,.17,.39285713,.40214285,.30428571,.15142858,.32142857,.40214285,.40214285,.30357143,.2857143,.21428572,.39285713,.34857142,.34785715,.30214286,.22499999,.17928571,.17214286,.30571428,.19071428,.25785714,.31714284,.27142859,.17,.35499999,.235,.41285715,.19857143,.1492857,.17857143,.155,.15000001,.18000001,.26571429,.32499999,.17142856,.22142857,.15785715,.20785713,.43142858,.22857143,.28785715,.19928572,.16785714,.20071429,.15000001,.20357142,.37714285,.3214286,.37928572,.30500001,.51714289,.39071429,.31857145,.40714285,.33785713,.37,.24142857,.3757143,.44714284,.51142859,.54571426,.32499999,.52214289,.58071429,.54071426,.35285714,.43785715,.47999999,.51928568,.41357142,.30071428,.43285716,.26428571,.42071426,.25642857,.4992857,.34142858,.29714286,.38357145,.29928571,.375,.22785714,.2257143,.37285715,.45714286,.41428572,.29571429,0,0,789,Neutral
796,.34,.44571429,.41142857,.41142857,.4642857,.25,.2857143,.14285715,.2857143,.44571429,.2857143,.25,.26857144,.30285713,.37428573,.42857143,.30285713,.41142857,.2857143,.42857143,.32142857,.21428572,.53571427,.44571429,.23142858,.23142858,.34,.41142857,.44571429,.30285713,.30285713,.23142858,.42857143,.32142857,.4642857,.32857144,.36428571,.19428572,.23857144,.35571429,.23285714,.41285715,.47999999,.34857142,.24142857,.37571427,.36571428,.50857145,.14428571,.18714286,.24571429,.21142857,.19428572,.22714286,.44999999,.46000001,.15571429,.32428572,.19428572,.32142857,.61142856,.28428572,.35857144,.26714286,.19,.27000001,.22285715,.28142858,.48285714,.40142858,.41142857,.33714285,.60714287,.47285715,.33142856,.35285714,.41285715,.60714287,.35857144,.42285714,.47142857,.55714285,.58428574,.36285713,.52857143,.61142856,.6185714,.36571428,.53857142,.56999999,.6242857,.29714286,.39571428,.48285714,.45428571,.50714284,.27857143,.51571429,.34714285,.37571427,.33285713,.39857143,.36714286,.34571427,.25999999,.41,.42857143,.52857143,.47,1,0,796,Green
799,.34,.44571429,.41142857,.41142857,.4642857,.25,.2857143,.14285715,.2857143,.44571429,.2857143,.25,.26857144,.30285713,.37428573,.42857143,.30285713,.41142857,.2857143,.42857143,.32142857,.21428572,.53571427,.44571429,.23142858,.23142858,.34,.41142857,.44571429,.30285713,.30285713,.23142858,.42857143,.32142857,.4642857,.32857144,.36428571,.19428572,.23857144,.35571429,.23285714,.41285715,.47999999,.34857142,.24142857,.37571427,.36571428,.50857145,.14428571,.18714286,.24571429,.21142857,.19428572,.22714286,.44999999,.46000001,.15571429,.32428572,.19428572,.32142857,.61142856,.28428572,.35857144,.26714286,.19,.27000001,.22285715,.28142858,.48285714,.40142858,.41142857,.33714285,.60714287,.47285715,.33142856,.35285714,.41285715,.60714287,.35857144,.42285714,.47142857,.55714285,.58428574,.36285713,.52857143,.61142856,.6185714,.36571428,.53857142,.56999999,.6242857,.29714286,.39571428,.48285714,.45428571,.50714284,.27857143,.51571429,.34714285,.37571427,.33285713,.39857143,.36714286,.34571427,.25999999,.41,.42857143,.52857143,.47,1,0,799,Green
689,.34,.44571429,.41142857,.41142857,.4642857,.25,.2857143,.14285715,.2857143,.44571429,.2857143,.25,.26857144,.30285713,.37428573,.42857143,.30285713,.41142857,.2857143,.42857143,.32142857,.21428572,.53571427,.44571429,.23142858,.23142858,.34,.41142857,.44571429,.30285713,.30285713,.23142858,.42857143,.32142857,.4642857,.32857144,.36428571,.19428572,.23857144,.35571429,.23285714,.41285715,.47999999,.34857142,.24142857,.37571427,.36571428,.50857145,.14428571,.18714286,.24571429,.21142857,.19428572,.22714286,.44999999,.46000001,.15571429,.32428572,.19428572,.32142857,.61142856,.28428572,.35857144,.26714286,.19,.27000001,.22285715,.28142858,.48285714,.40142858,.41142857,.33714285,.60714287,.47285715,.33142856,.35285714,.41285715,.60714287,.35857144,.42285714,.47142857,.55714285,.58428574,.36285713,.52857143,.61142856,.6185714,.36571428,.53857142,.56999999,.6242857,.29714286,.39571428,.48285714,.45428571,.50714284,.27857143,.51571429,.34714285,.37571427,.33285713,.39857143,.36714286,.34571427,.25999999,.41,.42857143,.52857143,.47,1,0,689,Green
797,.34,.44571429,.41142857,.41142857,.4642857,.25,.2857143,.14285715,.2857143,.44571429,.2857143,.25,.26857144,.30285713,.37428573,.42857143,.30285713,.41142857,.2857143,.42857143,.32142857,.21428572,.53571427,.44571429,.23142858,.23142858,.34,.41142857,.44571429,.30285713,.30285713,.23142858,.42857143,.32142857,.4642857,.32857144,.36428571,.19428572,.23857144,.35571429,.23285714,.41285715,.47999999,.34857142,.24142857,.37571427,.36571428,.50857145,.14428571,.18714286,.24571429,.21142857,.19428572,.22714286,.44999999,.46000001,.15571429,.32428572,.19428572,.32142857,.61142856,.28428572,.35857144,.26714286,.19,.27000001,.22285715,.28142858,.48285714,.40142858,.41142857,.33714285,.60714287,.47285715,.33142856,.35285714,.41285715,.60714287,.35857144,.42285714,.47142857,.55714285,.58428574,.36285713,.52857143,.61142856,.6185714,.36571428,.53857142,.56999999,.6242857,.29714286,.39571428,.48285714,.45428571,.50714284,.27857143,.51571429,.34714285,.37571427,.33285713,.39857143,.36714286,.34571427,.25999999,.41,.42857143,.52857143,.47,1,0,797,Green
803,.43428573,.54142857,.4757143,.53261906,.53880954,.23809525,.21476191,.14857143,.43738097,.49119046,.45238096,.28833333,.32976189,.54452384,.37190476,.51476187,.4197619,.34523809,.30666667,.36333334,.43119046,.20857143,.34214285,.49095237,.23809525,.19047619,.42000002,.48809522,.53880948,.41404763,.41952381,.22928572,.52952379,.29500002,.44904763,.57738096,.51785713,.21380953,.2397619,.25595239,.34595239,.47261906,.62214285,.235,.36023811,.45261905,.28833333,.55166668,.16190477,.21857142,.25690478,.34928572,.18238094,.37619048,.47999999,.32571429,.20904762,.48928571,.18285714,.24619047,.47214285,.37380952,.52880955,.36023811,.21880952,.37,.24238096,.58619046,.47285715,.43166667,.52857143,.5316667,.64761907,.44047621,.59761906,.45547619,.56,.54333335,.26190478,.56785715,.45833334,.58833337,.62380952,.56761903,.47499999,.53333336,.49333334,.47928572,.50119048,.62571424,.53428572,.47904763,.53309524,.59952378,.48928571,.42714286,.46619049,.53452384,.42928571,.29880953,.31833333,.54333329,.58928573,.38595238,.41761905,.48357141,.52857143,.54428571,.55309522,0,0,803,Neutral
806,.34785712,.45107144,.38392857,.39750001,.41964287,.35285714,.25,.16500001,.30357143,.40678573,.30357143,.25428572,.26821429,.28142858,.33000001,.41535714,.31714284,.49142855,.22750001,.44214284,.32571429,.15607142,.3214286,.42428571,.30821428,.15607142,.38821429,.40178573,.44607142,.2857143,.29428571,.21428572,.43285716,.36607143,.38857144,.38035715,.30500001,.17857143,.22999999,.20857143,.27500001,.30714285,.50214285,.21107143,.24035715,.32321429,.23964286,.45571429,.14535715,.28178573,.19428572,.29071429,.15285714,.37035716,.3782143,.35500002,.17678571,.27178571,.16821429,.21000001,.3425,.24464285,.43142855,.32142857,.18964286,.27607143,.18464285,.49178571,.43464285,.36107144,.35464284,.45392859,.53357142,.45464286,.36285716,.35392857,.35964286,.48785713,.26642856,.45750001,.42392856,.47892857,.57607144,.33142856,.57892859,.54642856,.52928573,.40321428,.44749999,.48785713,.51107144,.34285715,.63964283,.51607144,.32857144,.55035716,.47107142,.46821427,.34642857,.28928572,.36392859,.36464286,.4432143,.37464285,.26892859,.41107142,.37035713,.4367857,.36428571,.5,0,806,Green
808,.37800002,.45499998,.36657143,.38185716,.44600001,.29157144,.21828571,.1517143,.30714285,.40200001,.30685714,.24828571,.26071429,.29957142,.3017143,.42685714,.31928569,.5165714,.17857143,.47999999,.3552857,.14628571,.31028572,.40885714,.26028571,.15342858,.44242859,.42500001,.44085714,.27542859,.27542859,.23228571,.43885714,.30900002,.37514287,.40700001,.33557144,.18057144,.20885715,.21571428,.31400001,.36385715,.59399998,.22628571,.26771426,.35742858,.26185715,.48957145,.16457143,.219,.26014286,.33000001,.18799999,.4272857,.34814286,.34785715,.23657143,.29314286,.204,.22471428,.26428571,.32085717,.53799999,.31785715,.21714285,.37,.22771429,.59042859,.40928572,.46785715,.36371428,.48900002,.56342852,.43757141,.31957144,.35757142,.33357143,.48842859,.23114285,.48057145,.42485714,.46899998,.579,.2952857,.4502857,.54357141,.56199998,.41557142,.43714285,.51528573,.53100002,.2857143,.65799999,.42185712,.27742857,.47385713,.57314289,.46957144,.34414285,.26857144,.34057143,.419,.38942859,.28642857,.22357142,.38528571,.44799998,.47542858,.35557145,.1,0,808,Green
814,.39771429,.46892858,.39771429,.39492857,.45971429,.31628573,.25100002,.15614286,.35357144,.41549999,.31814286,.23421429,.27928573,.30257142,.30971432,.426,.34999999,.46628571,.22321428,.43035716,.36328572,.15228572,.30971432,.43007141,.29257143,.18085715,.45435715,.42750001,.45128572,.28314286,.27885714,.21021429,.42685714,.3342143,.39771429,.42692858,.34942859,.22300002,.20007142,.23678571,.32671428,.35007143,.56599998,.20871428,.26300001,.384,.25135714,.50721431,.16292858,.25242856,.27164286,.33250001,.18164286,.43057141,.35685715,.35535714,.29449999,.30114284,.20207143,.22564286,.28428572,.31878573,.50807142,.29999998,.21214285,.36071429,.24657142,.51850003,.42357141,.48214287,.3462857,.45957142,.52978569,.43492857,.33685714,.36778569,.36392856,.5287143,.26135713,.48550001,.40549999,.47207141,.59421432,.31185713,.51792854,.54321426,.54335713,.45157143,.45178571,.48042858,.5165,.35535714,.63378572,.46528572,.31792855,.53185713,.56007147,.48792857,.3437143,.32678571,.38264287,.38957143,.40450001,.32857144,.26821429,.42864287,.40735713,.47635716,.37800002,.15000001,0,814,Green
864,.43428573,.54142857,.4757143,.53261906,.53880954,.23809525,.21476191,.14857143,.43738097,.49119046,.45238096,.28833333,.32976189,.54452384,.37190476,.51476187,.4197619,.34523809,.30666667,.36333334,.43119046,.20857143,.34214285,.49095237,.23809525,.19047619,.42000002,.48809522,.53880948,.41404763,.41952381,.22928572,.52952379,.29500002,.44904763,.57738096,.51785713,.21380953,.2397619,.25595239,.34595239,.47261906,.62214285,.235,.36023811,.45261905,.28833333,.55166668,.16190477,.21857142,.25690478,.34928572,.18238094,.37619048,.47999999,.32571429,.20904762,.48928571,.18285714,.24619047,.47214285,.37380952,.52880955,.36023811,.21880952,.37,.24238096,.58619046,.47285715,.43166667,.52857143,.5316667,.64761907,.44047621,.59761906,.45547619,.56,.54333335,.26190478,.56785715,.45833334,.58833337,.62380952,.56761903,.47499999,.53333336,.49333334,.47928572,.50119048,.62571424,.53428572,.47904763,.53309524,.59952378,.48928571,.42714286,.46619049,.53452384,.42928571,.29880953,.31833333,.54333329,.58928573,.38595238,.41761905,.48357141,.52857143,.54428571,.55309522,0,0,864,Neutral
804,.34785712,.45107144,.38392857,.39750001,.41964287,.35285714,.25,.16500001,.30357143,.40678573,.30357143,.25428572,.26821429,.28142858,.33000001,.41535714,.31714284,.49142855,.22750001,.44214284,.32571429,.15607142,.3214286,.42428571,.30821428,.15607142,.38821429,.40178573,.44607142,.2857143,.29428571,.21428572,.43285716,.36607143,.38857144,.38035715,.30500001,.17857143,.22999999,.20857143,.27500001,.30714285,.50214285,.21107143,.24035715,.32321429,.23964286,.45571429,.14535715,.28178573,.19428572,.29071429,.15285714,.37035716,.3782143,.35500002,.17678571,.27178571,.16821429,.21000001,.3425,.24464285,.43142855,.32142857,.18964286,.27607143,.18464285,.49178571,.43464285,.36107144,.35464284,.45392859,.53357142,.45464286,.36285716,.35392857,.35964286,.48785713,.26642856,.45750001,.42392856,.47892857,.57607144,.33142856,.57892859,.54642856,.52928573,.40321428,.44749999,.48785713,.51107144,.34285715,.63964283,.51607144,.32857144,.55035716,.47107142,.46821427,.34642857,.28928572,.36392859,.36464286,.4432143,.37464285,.26892859,.41107142,.37035713,.4367857,.36428571,.5,0,804,Green
856,.34785712,.45107144,.38392857,.39750001,.41964287,.35285714,.25,.16500001,.30357143,.40678573,.30357143,.25428572,.26821429,.28142858,.33000001,.41535714,.31714284,.49142855,.22750001,.44214284,.32571429,.15607142,.3214286,.42428571,.30821428,.15607142,.38821429,.40178573,.44607142,.2857143,.29428571,.21428572,.43285716,.36607143,.38857144,.38035715,.30500001,.17857143,.22999999,.20857143,.27500001,.30714285,.50214285,.21107143,.24035715,.32321429,.23964286,.45571429,.14535715,.28178573,.19428572,.29071429,.15285714,.37035716,.3782143,.35500002,.17678571,.27178571,.16821429,.21000001,.3425,.24464285,.43142855,.32142857,.18964286,.27607143,.18464285,.49178571,.43464285,.36107144,.35464284,.45392859,.53357142,.45464286,.36285716,.35392857,.35964286,.48785713,.26642856,.45750001,.42392856,.47892857,.57607144,.33142856,.57892859,.54642856,.52928573,.40321428,.44749999,.48785713,.51107144,.34285715,.63964283,.51607144,.32857144,.55035716,.47107142,.46821427,.34642857,.28928572,.36392859,.36464286,.4432143,.37464285,.26892859,.41107142,.37035713,.4367857,.36428571,.5,0,856,Green
809,.39771429,.46892858,.39771429,.39492857,.45971429,.31628573,.25100002,.15614286,.35357144,.41549999,.31814286,.23421429,.27928573,.30257142,.30971432,.426,.34999999,.46628571,.22321428,.43035716,.36328572,.15228572,.30971432,.43007141,.29257143,.18085715,.45435715,.42750001,.45128572,.28314286,.27885714,.21021429,.42685714,.3342143,.39771429,.42692858,.34942859,.22300002,.20007142,.23678571,.32671428,.35007143,.56599998,.20871428,.26300001,.384,.25135714,.50721431,.16292858,.25242856,.27164286,.33250001,.18164286,.43057141,.35685715,.35535714,.29449999,.30114284,.20207143,.22564286,.28428572,.31878573,.50807142,.29999998,.21214285,.36071429,.24657142,.51850003,.42357141,.48214287,.3462857,.45957142,.52978569,.43492857,.33685714,.36778569,.36392856,.5287143,.26135713,.48550001,.40549999,.47207141,.59421432,.31185713,.51792854,.54321426,.54335713,.45157143,.45178571,.48042858,.5165,.35535714,.63378572,.46528572,.31792855,.53185713,.56007147,.48792857,.3437143,.32678571,.38264287,.38957143,.40450001,.32857144,.26821429,.42864287,.40735713,.47635716,.37800002,.15000001,0,809,Green
813,.32142857,.4642857,.35714287,.39285713,.41142857,.21428572,.17857143,.14285715,.34,.39285713,.30285713,.23142858,.25,.30285713,.39285713,.39285713,.34,.37428573,.17857143,.32142857,.32142857,.14285715,.23142858,.35714287,.17857143,.14285715,.48285714,.42857143,.5,.26857144,.2857143,.14285715,.34,.23142858,.39285713,.31142858,.32142857,.19428572,.19142857,.18714286,.30000001,.28999999,.49714285,.21142857,.26428571,.32714286,.22285715,.44,.16571428,.20999999,.20571429,.24714285,.19714285,.26428571,.35714287,.27714285,.2,.29714286,.17428571,.22428571,.34,.26714286,.38999999,.30857143,.22714286,.28714284,.20142858,.43142858,.29714286,.42571428,.30714285,.44857141,.50714284,.40714285,.38428572,.27857143,.30571428,.45571429,.20285714,.49714285,.40571427,.38999999,.47714287,.30857143,.44714287,.45285714,.44714287,.39714286,.37714285,.43714285,.37857142,.25285715,.46857142,.42285714,.34,.39428571,.54428571,.36285713,.2742857,.24428572,.24428572,.34285715,.28285715,.27000001,.24428572,.31714284,.36857143,.34857142,.30857143,0,0,813,Neutral
497,.43666667,.49238095,.46000001,.45476189,.48619047,.41095239,.35714287,.14285715,.41238096,.47428572,.3709524,.27619049,.29952383,.43047619,.3595238,.48619047,.36714286,.55000001,.23619048,.55000001,.37904763,.16857143,.42857143,.41857144,.40095237,.26428571,.42666668,.43857142,.48809522,.34714285,.34523809,.25190476,.4342857,.43238094,.39095238,.4204762,.30904761,.30380952,.27476192,.30047619,.31714287,.32571429,.47095239,.2452381,.23904763,.40190476,.31047618,.44190475,.14666666,.22,.18619047,.44857141,.24809524,.40333334,.3847619,.48285714,.3238095,.31904763,.19761905,.34999999,.33714285,.3352381,.50142854,.26666665,.24428572,.36476189,.22714286,.51285714,.45238096,.42000002,.4090476,.45571429,.56190473,.54238093,.44904763,.38095239,.44523808,.47428572,.28380951,.47904763,.49761906,.49238095,.61333334,.47714287,.54000002,.58190477,.62047619,.37714285,.47380954,.58571428,.59523809,.33380952,.62190479,.45190477,.38047621,.52476192,.41904762,.47095239,.36142856,.35761905,.52571428,.4147619,.41571429,.28952381,.23476191,.43714285,.47761905,.51619047,.35666668,0,0,497,Neutral
823,.42857143,.5,.4642857,.53571427,.51714283,.16,.14285715,.14285715,.41142857,.5,.39285713,.25,.26857144,.42857143,.32142857,.53571427,.35714287,.4642857,.26857144,.48285714,.42857143,.21428572,.42857143,.44571429,.14285715,.21428572,.41142857,.41142857,.53571427,.42857143,.42857143,.19714285,.5,.32142857,.42857143,.37714285,.33428571,.23857144,.21285714,.35571429,.32571429,.39857143,.41999999,.22571428,.23285714,.44428572,.30285713,.4942857,.18428572,.20428571,.18714286,.34285715,.22285715,.43000001,.38285714,.41,.26428571,.31428573,.22142857,.34571427,.2857143,.33000001,.56857145,.27142859,.27000001,.41285715,.29428571,.5642857,.39571428,.37428573,.37142858,.35571429,.56857145,.47714287,.44571429,.34571427,.31999999,.55000001,.26714286,.43714285,.37714285,.53142858,.6242857,.34142858,.51999998,.56714284,.59714288,.37,.36571428,.46000001,.51285714,.28142858,.39142856,.50428569,.36714286,.55714285,.35428572,.42428571,.30714285,.21714285,.25142857,.33000001,.35857144,.21571429,.25,.30857143,.40428573,.50142854,.45714286,1,0,823,Green
828,.43666667,.49238095,.46000001,.45476189,.48619047,.41095239,.35714287,.14285715,.41238096,.47428572,.3709524,.27619049,.29952383,.43047619,.3595238,.48619047,.36714286,.55000001,.23619048,.55000001,.37904763,.16857143,.42857143,.41857144,.40095237,.26428571,.42666668,.43857142,.48809522,.34714285,.34523809,.25190476,.4342857,.43238094,.39095238,.4204762,.30904761,.30380952,.27476192,.30047619,.31714287,.32571429,.47095239,.2452381,.23904763,.40190476,.31047618,.44190475,.14666666,.22,.18619047,.44857141,.24809524,.40333334,.3847619,.48285714,.3238095,.31904763,.19761905,.34999999,.33714285,.3352381,.50142854,.26666665,.24428572,.36476189,.22714286,.51285714,.45238096,.42000002,.4090476,.45571429,.56190473,.54238093,.44904763,.38095239,.44523808,.47428572,.28380951,.47904763,.49761906,.49238095,.61333334,.47714287,.54000002,.58190477,.62047619,.37714285,.47380954,.58571428,.59523809,.33380952,.62190479,.45190477,.38047621,.52476192,.41904762,.47095239,.36142856,.35761905,.52571428,.4147619,.41571429,.28952381,.23476191,.43714285,.47761905,.51619047,.35666668,0,0,828,Neutral
824,.43014288,.50935715,.45135713,.43771428,.47164285,.33435714,.28792858,.16985714,.35985714,.45914286,.39107144,.25378573,.26807144,.35378569,.34328571,.50092858,.31157145,.55085713,.23192857,.54285717,.34214285,.15714286,.40578571,.456,.31671429,.1855,.38642859,.39935714,.49821427,.33571428,.331,.16971429,.44285715,.40000001,.41049999,.3992143,.32242858,.17621428,.21528572,.22142857,.29028571,.32571429,.45607144,.20585714,.22978571,.42878571,.30250001,.45957142,.15207143,.15878572,.1945,.29264286,.17871429,.35721427,.31192857,.41692856,.19671428,.29985714,.18335715,.26742858,.24771428,.27714285,.53185713,.21664286,.20457143,.35128573,.20164286,.61242855,.4482857,.38057142,.45121428,.40535712,.58107138,.59635717,.43228573,.37421429,.35478571,.50928575,.26635712,.44814286,.4745,.58342856,.62628573,.39428571,.49142855,.63021427,.61900002,.41864285,.45099998,.56485713,.56878573,.31471428,.62492859,.44721431,.31900001,.49978572,.43450001,.50800002,.35557142,.3807143,.43728572,.38142857,.396,.26707143,.27957141,.36435714,.4612143,.50414288,.34814286,.34999999,.34999999,824,Both Green and Brown
829,.43666667,.49238095,.46000001,.45476189,.48619047,.41095239,.35714287,.14285715,.41238096,.47428572,.3709524,.27619049,.29952383,.43047619,.3595238,.48619047,.36714286,.55000001,.23619048,.55000001,.37904763,.16857143,.42857143,.41857144,.40095237,.26428571,.42666668,.43857142,.48809522,.34714285,.34523809,.25190476,.4342857,.43238094,.39095238,.4204762,.30904761,.30380952,.27476192,.30047619,.31714287,.32571429,.47095239,.2452381,.23904763,.40190476,.31047618,.44190475,.14666666,.22,.18619047,.44857141,.24809524,.40333334,.3847619,.48285714,.3238095,.31904763,.19761905,.34999999,.33714285,.3352381,.50142854,.26666665,.24428572,.36476189,.22714286,.51285714,.45238096,.42000002,.4090476,.45571429,.56190473,.54238093,.44904763,.38095239,.44523808,.47428572,.28380951,.47904763,.49761906,.49238095,.61333334,.47714287,.54000002,.58190477,.62047619,.37714285,.47380954,.58571428,.59523809,.33380952,.62190479,.45190477,.38047621,.52476192,.41904762,.47095239,.36142856,.35761905,.52571428,.4147619,.41571429,.28952381,.23476191,.43714285,.47761905,.51619047,.35666668,0,0,829,Neutral
825,.35714287,.47285715,.41999999,.40142858,.45571429,.31285715,.25857142,.15142857,.34857142,.43714285,.35714287,.22285715,.26714286,.33000001,.32142857,.49142858,.30285713,.48142856,.18714286,.51714283,.30285713,.14285715,.40142858,.42857143,.29428571,.17,.35714287,.40142858,.42857143,.2857143,.30285713,.19714285,.43714285,.40142858,.38428572,.30428571,.27714285,.16571428,.19285715,.21571429,.26857144,.28714284,.39571428,.18857142,.18857142,.36571428,.27857143,.45142856,.14857143,.15142857,.16285715,.26428571,.16285715,.37142858,.31,.47142857,.19,.2742857,.15428571,.28857142,.22857143,.32714286,.4942857,.20428571,.18714286,.33857143,.19,.55000001,.39285713,.31999999,.41571429,.32857144,.53571427,.52999997,.42571428,.36714286,.36428571,.4642857,.21714285,.44285715,.4642857,.56857145,.61285716,.37,.51428574,.60285717,.58857143,.44285715,.42571428,.51714283,.58571428,.25285715,.53571427,.44285715,.28714284,.49857143,.33000001,.46142858,.3157143,.2742857,.35142857,.32142857,.36142856,.21428572,.19,.35285714,.42857143,.53857142,.2742857,0,1,825,Brown
826,.43014288,.50935715,.45135713,.43771428,.47164285,.33435714,.28792858,.16985714,.35985714,.45914286,.39107144,.25378573,.26807144,.35378569,.34328571,.50092858,.31157145,.55085713,.23192857,.54285717,.34214285,.15714286,.40578571,.456,.31671429,.1855,.38642859,.39935714,.49821427,.33571428,.331,.16971429,.44285715,.40000001,.41049999,.3992143,.32242858,.17621428,.21528572,.22142857,.29028571,.32571429,.45607144,.20585714,.22978571,.42878571,.30250001,.45957142,.15207143,.15878572,.1945,.29264286,.17871429,.35721427,.31192857,.41692856,.19671428,.29985714,.18335715,.26742858,.24771428,.27714285,.53185713,.21664286,.20457143,.35128573,.20164286,.61242855,.4482857,.38057142,.45121428,.40535712,.58107138,.59635717,.43228573,.37421429,.35478571,.50928575,.26635712,.44814286,.4745,.58342856,.62628573,.39428571,.49142855,.63021427,.61900002,.41864285,.45099998,.56485713,.56878573,.31471428,.62492859,.44721431,.31900001,.49978572,.43450001,.50800002,.35557142,.3807143,.43728572,.38142857,.396,.26707143,.27957141,.36435714,.4612143,.50414288,.34814286,.34999999,.34999999,826,Both Green and Brown
833,.43666667,.49238095,.46000001,.45476189,.48619047,.41095239,.35714287,.14285715,.41238096,.47428572,.3709524,.27619049,.29952383,.43047619,.3595238,.48619047,.36714286,.55000001,.23619048,.55000001,.37904763,.16857143,.42857143,.41857144,.40095237,.26428571,.42666668,.43857142,.48809522,.34714285,.34523809,.25190476,.4342857,.43238094,.39095238,.4204762,.30904761,.30380952,.27476192,.30047619,.31714287,.32571429,.47095239,.2452381,.23904763,.40190476,.31047618,.44190475,.14666666,.22,.18619047,.44857141,.24809524,.40333334,.3847619,.48285714,.3238095,.31904763,.19761905,.34999999,.33714285,.3352381,.50142854,.26666665,.24428572,.36476189,.22714286,.51285714,.45238096,.42000002,.4090476,.45571429,.56190473,.54238093,.44904763,.38095239,.44523808,.47428572,.28380951,.47904763,.49761906,.49238095,.61333334,.47714287,.54000002,.58190477,.62047619,.37714285,.47380954,.58571428,.59523809,.33380952,.62190479,.45190477,.38047621,.52476192,.41904762,.47095239,.36142856,.35761905,.52571428,.4147619,.41571429,.28952381,.23476191,.43714285,.47761905,.51619047,.35666668,0,0,833,Neutral
834,.39976192,.49904761,.4375,.42460316,.4520238,.27928573,.26246032,.1652381,.38785714,.44238096,.3482143,.25452381,.25900793,.38277778,.37738097,.44111112,.38249999,.39480159,.32329366,.40515873,.39511904,.23658732,.34702381,.44499999,.26424605,.31154761,.43011904,.43055555,.47166666,.36960316,.37444445,.25642857,.41674602,.31059521,.4261508,.41658729,.42765874,.19075397,.35055554,.25642857,.32365078,.47146827,.48285714,.36757937,.28222221,.42031747,.42063493,.49892855,.15416667,.16928571,.20087302,.32932538,.19134921,.40829366,.43416667,.43051589,.18261905,.35039681,.18126984,.31773809,.33063492,.26654762,.51007938,.24888888,.20511904,.36392856,.19273809,.50702381,.45789683,.32472223,.3263889,.47253966,.53507936,.44075397,.40841269,.37841272,.35357141,.5024603,.33658731,.47519839,.39222223,.47797617,.59126985,.35313493,.44246033,.51424605,.48373014,.40865082,.3806349,.52940476,.49198413,.30003968,.47662699,.47186509,.3797619,.45797619,.46464285,.49813491,.37777776,.37119049,.33924603,.40924603,.40619048,.27051586,.25603175,.40071428,.38428569,.48126987,.47277778,0,.083333336,834,Brown
844,.41142857,.42857143,.41142857,.41142857,.41142857,.4642857,.34,.19714285,.34,.41142857,.30285713,.25,.26857144,.30285713,.2857143,.44571429,.2857143,.58857143,.25,.4642857,.32142857,.16,.41142857,.41142857,.41142857,.21428572,.32142857,.39285713,.41142857,.2857143,.2857143,.25,.42857143,.42857143,.2857143,.39714286,.18285714,.21857142,.35142857,.22714286,.24142857,.20285714,.38999999,.31999999,.21428572,.37,.33571428,.4757143,.14285715,.23714286,.17142858,.25142857,.23714286,.30857143,.40142858,.50857145,.15000001,.28,.19285715,.24142857,.28857142,.16,.44714287,.21857142,.14857143,.20142858,.14857143,.36285713,.50999999,.44285715,.47857141,.51571429,.56857145,.66142857,.51571429,.49857143,.40857142,.4342857,.42857143,.52571428,.54428571,.58285713,.63857144,.41999999,.5642857,.60857141,.62857145,.49571428,.51714283,.64142859,.65428573,.39857143,.65857142,.55285716,.41857144,.55142856,.52999997,.51285714,.37857142,.36000001,.59285712,.46571428,.54285717,.38428572,.29142857,.44142857,.45571429,.50857145,.34999999,1,0,844,Green
849,.41714287,.45238096,.43476191,.41666666,.47619048,.41095239,.36904761,.20190476,.36904761,.44047618,.33952382,.23809524,.25,.39333335,.35666668,.46952382,.33904761,.54190475,.26809525,.52333331,.38095239,.14285715,.38666666,.41666666,.41714287,.16047619,.35095239,.41047621,.43428573,.28523809,.30904761,.20285715,.45238096,.41095239,.35095239,.34999999,.22619048,.17333333,.37285715,.23380952,.21238095,.26809523,.34999999,.3204762,.19666666,.34666666,.33190477,.38999999,.15333334,.15809524,.17999999,.19428572,.16047619,.23142856,.37571427,.47047618,.19142857,.26619047,.17,.30285713,.31523809,.21428572,.39761904,.20571429,.17285714,.25523809,.19857143,.3709524,.41047618,.39857143,.43047619,.32904762,.57190478,.60761905,.46761903,.44571429,.44380951,.43714288,.38095239,.44714287,.46904761,.49142858,.57999998,.45571429,.58761907,.55476189,.59809524,.45000002,.48619047,.55190474,.56904763,.36619046,.61857146,.50523806,.2547619,.49571428,.30857143,.48095238,.35238096,.36857143,.56523806,.3742857,.40333334,.28523809,.21095237,.42476189,.47285715,.46857142,.32047617,0,.66666669,849,Brown
845,.41714287,.45238096,.43476191,.41666666,.47619048,.41095239,.36904761,.20190476,.36904761,.44047618,.33952382,.23809524,.25,.39333335,.35666668,.46952382,.33904761,.54190475,.26809525,.52333331,.38095239,.14285715,.38666666,.41666666,.41714287,.16047619,.35095239,.41047621,.43428573,.28523809,.30904761,.20285715,.45238096,.41095239,.35095239,.34999999,.22619048,.17333333,.37285715,.23380952,.21238095,.26809523,.34999999,.3204762,.19666666,.34666666,.33190477,.38999999,.15333334,.15809524,.17999999,.19428572,.16047619,.23142856,.37571427,.47047618,.19142857,.26619047,.17,.30285713,.31523809,.21428572,.39761904,.20571429,.17285714,.25523809,.19857143,.3709524,.41047618,.39857143,.43047619,.32904762,.57190478,.60761905,.46761903,.44571429,.44380951,.43714288,.38095239,.44714287,.46904761,.49142858,.57999998,.45571429,.58761907,.55476189,.59809524,.45000002,.48619047,.55190474,.56904763,.36619046,.61857146,.50523806,.2547619,.49571428,.30857143,.48095238,.35238096,.36857143,.56523806,.3742857,.40333334,.28523809,.21095237,.42476189,.47285715,.46857142,.32047617,0,.66666669,845,Brown
848,.41714287,.45238096,.43476191,.41666666,.47619048,.41095239,.36904761,.20190476,.36904761,.44047618,.33952382,.23809524,.25,.39333335,.35666668,.46952382,.33904761,.54190475,.26809525,.52333331,.38095239,.14285715,.38666666,.41666666,.41714287,.16047619,.35095239,.41047621,.43428573,.28523809,.30904761,.20285715,.45238096,.41095239,.35095239,.34999999,.22619048,.17333333,.37285715,.23380952,.21238095,.26809523,.34999999,.3204762,.19666666,.34666666,.33190477,.38999999,.15333334,.15809524,.17999999,.19428572,.16047619,.23142856,.37571427,.47047618,.19142857,.26619047,.17,.30285713,.31523809,.21428572,.39761904,.20571429,.17285714,.25523809,.19857143,.3709524,.41047618,.39857143,.43047619,.32904762,.57190478,.60761905,.46761903,.44571429,.44380951,.43714288,.38095239,.44714287,.46904761,.49142858,.57999998,.45571429,.58761907,.55476189,.59809524,.45000002,.48619047,.55190474,.56904763,.36619046,.61857146,.50523806,.2547619,.49571428,.30857143,.48095238,.35238096,.36857143,.56523806,.3742857,.40333334,.28523809,.21095237,.42476189,.47285715,.46857142,.32047617,0,.66666669,848,Brown
843,.3795,.43094048,.41145238,.38871428,.45882142,.41484523,.31058332,.16035715,.34964287,.42557144,.29730952,.2335,.27884525,.33022618,.32128572,.456,.3075,.52094048,.20470238,.54303575,.31440476,.19909523,.38772619,.42113096,.40055951,.22519049,.31498811,.37973809,.42969048,.32392859,.29054761,.23891667,.414,.42351192,.3917619,.42303571,.37070239,.2207619,.30965477,.39151189,.22041667,.39697617,.35686904,.31141666,.24986905,.3922143,.37452382,.45082143,.15482143,.17614286,.20010714,.25075001,.17188096,.30744046,.43141669,.51222622,.21705952,.33854762,.16559523,.34519047,.49508333,.23186904,.42727381,.22648808,.17785715,.2672857,.19102381,.33479762,.51054764,.40611905,.42147619,.39233333,.58590478,.57800001,.40935713,.43561906,.42522621,.57024997,.35757142,.42641667,.50266665,.53457141,.57383335,.41104761,.51916665,.60292858,.62283337,.43755952,.48069048,.56952381,.59419048,.41667858,.58453572,.53164285,.35920238,.54921424,.3180238,.5282976,.3725,.43582141,.56800002,.39920238,.42708334,.301,.27795237,.45332143,.48094046,.51877379,.45157143,.050000001,.56666666,843,Brown
876,.3795,.43094048,.41145238,.38871428,.45882142,.41484523,.31058332,.16035715,.34964287,.42557144,.29730952,.2335,.27884525,.33022618,.32128572,.456,.3075,.52094048,.20470238,.54303575,.31440476,.19909523,.38772619,.42113096,.40055951,.22519049,.31498811,.37973809,.42969048,.32392859,.29054761,.23891667,.414,.42351192,.3917619,.42303571,.37070239,.2207619,.30965477,.39151189,.22041667,.39697617,.35686904,.31141666,.24986905,.3922143,.37452382,.45082143,.15482143,.17614286,.20010714,.25075001,.17188096,.30744046,.43141669,.51222622,.21705952,.33854762,.16559523,.34519047,.49508333,.23186904,.42727381,.22648808,.17785715,.2672857,.19102381,.33479762,.51054764,.40611905,.42147619,.39233333,.58590478,.57800001,.40935713,.43561906,.42522621,.57024997,.35757142,.42641667,.50266665,.53457141,.57383335,.41104761,.51916665,.60292858,.62283337,.43755952,.48069048,.56952381,.59419048,.41667858,.58453572,.53164285,.35920238,.54921424,.3180238,.5282976,.3725,.43582141,.56800002,.39920238,.42708334,.301,.27795237,.45332143,.48094046,.51877379,.45157143,.050000001,.56666666,876,Brown
853,.35714287,.41142857,.39285713,.42857143,.42857143,.35714287,.39285713,.14285715,.34,.42857143,.34,.25,.26857144,.37428573,.2857143,.41142857,.32142857,.53571427,.25,.5,.32142857,.14285715,.35714287,.35714287,.35714287,.17857143,.30285713,.39285713,.41142857,.30285713,.30285713,.25,.39285713,.41142857,.30285713,.44999999,.20285714,.17428571,.31,.19,.22428571,.30714285,.20428571,.21142857,.18428572,.37428573,.31999999,.49000001,.15428571,.15142857,.16857143,.22428571,.16428572,.28999999,.40142858,.57999998,.27000001,.27714285,.16142857,.34999999,.41999999,.19142857,.45428571,.23571429,.16571428,.24571429,.16428572,.28,.36428571,.32142857,.38571429,.34571427,.51999998,.60428572,.42285714,.37428573,.39142856,.42714286,.23285714,.48428571,.37285715,.49571428,.53142858,.38142857,.56285715,.46571428,.56714284,.43571427,.37857142,.51571429,.53571427,.32571429,.45857143,.39571428,.28,.5057143,.31142858,.37428573,.30714285,.25142857,.53714287,.28714284,.25714287,.28,.25285715,.38571429,.40285715,.45285714,.22428571,0,0,853,Neutral
859,.3795,.43094048,.41145238,.38871428,.45882142,.41484523,.31058332,.16035715,.34964287,.42557144,.29730952,.2335,.27884525,.33022618,.32128572,.456,.3075,.52094048,.20470238,.54303575,.31440476,.19909523,.38772619,.42113096,.40055951,.22519049,.31498811,.37973809,.42969048,.32392859,.29054761,.23891667,.414,.42351192,.3917619,.42303571,.37070239,.2207619,.30965477,.39151189,.22041667,.39697617,.35686904,.31141666,.24986905,.3922143,.37452382,.45082143,.15482143,.17614286,.20010714,.25075001,.17188096,.30744046,.43141669,.51222622,.21705952,.33854762,.16559523,.34519047,.49508333,.23186904,.42727381,.22648808,.17785715,.2672857,.19102381,.33479762,.51054764,.40611905,.42147619,.39233333,.58590478,.57800001,.40935713,.43561906,.42522621,.57024997,.35757142,.42641667,.50266665,.53457141,.57383335,.41104761,.51916665,.60292858,.62283337,.43755952,.48069048,.56952381,.59419048,.41667858,.58453572,.53164285,.35920238,.54921424,.3180238,.5282976,.3725,.43582141,.56800002,.39920238,.42708334,.301,.27795237,.45332143,.48094046,.51877379,.45157143,.050000001,.56666666,859,Brown
869,.32142857,.43714285,.41071427,.44571429,.40214285,.35714287,.3214286,.23285714,.32142857,.3757143,.29428571,.22285715,.23142858,.29428571,.29428571,.41000003,.31285715,.48142856,.19571429,.46428573,.3214286,.15142858,.35714287,.39285713,.33071429,.17857143,.32142857,.39285713,.44642857,.27714288,.2857143,.22285715,.375,.36642855,.31214285,.37714285,.26928571,.24000001,.51357144,.26285714,.27714285,.25142857,.41,.34357142,.26357144,.38499999,.35357141,.39999998,.19285715,.18357143,.21928571,.28642857,.19785714,.26999998,.35714287,.43000001,.21928571,.27071428,.23285714,.26142856,.32499999,.26357144,.52857143,.20428571,.23428571,.26428571,.21785715,.36428571,.4992857,.47142857,.41142857,.51785713,.58642852,.57428575,.53499997,.48499998,.54571426,.46428573,.39999998,.55857146,.46857142,.48500001,.60928571,.43214285,.49571428,.57071429,.64285713,.46142858,.51928568,.5592857,.59928572,.41714287,.57785714,.60000002,.41071427,.52214289,.52857143,.45214283,.465,.36428571,.46285716,.48071429,.44928572,.47428572,.38,.49642858,.51285714,.51857144,.3757143,.5,0,869,Green
865,.39285713,.43714285,.42857143,.41071427,.49071428,.50857145,.45499998,.3757143,.33857143,.42000002,.36571431,.20500001,.23214287,.27714288,.3214286,.42857143,.29500002,.44571429,.19571429,.49071428,.28571427,.24142858,.49142855,.39285713,.50857145,.205,.32142857,.38357145,.42000002,.32142857,.32142857,.22285715,.41071427,.51714289,.35714287,.33499998,.28928572,.18571429,.47499999,.25999999,.25999999,.44142857,.39357144,.43214285,.24142857,.38428569,.46071428,.50428569,.14285715,.17214286,.16642857,.20428571,.16428572,.32071429,.43857145,.55500001,.18857142,.30000001,.155,.31142858,.35142857,.22357143,.5,.24642856,.185,.37928569,.20857143,.42499998,.39642859,.36285713,.39142859,.37857142,.51928574,.47357142,.4107143,.42571428,.38428572,.4342857,.38999999,.47714287,.36000001,.51571429,.53071427,.33071429,.5007143,.47428572,.58928573,.33071429,.40285712,.52714288,.48000002,.25,.50428569,.50357139,.31,.52714288,.24785715,.42928571,.34428573,.47142857,.56999999,.33214286,.41857141,.29428571,.26714283,.37214285,.39428574,.47999999,.34214288,.5,0,865,Green
866,.36619049,.42285714,.38380954,.42571428,.41690475,.35428572,.36023811,.26476189,.32452381,.39619046,.3092857,.21095239,.25880954,.28285715,.29166666,.41380954,.29166666,.34523809,.19642858,.36904761,.2947619,.15190476,.37190476,.34571427,.36285716,.16928571,.32738096,.37785715,.40785715,.27976191,.27380952,.21714287,.39285713,.36333334,.29761904,.40238094,.26500002,.18095239,.56261903,.2840476,.21000001,.21809524,.43642858,.40214285,.24833333,.37833333,.33119047,.46928573,.16119048,.15785715,.24357143,.20857143,.16547619,.28833333,.45261905,.46738094,.21809524,.27238095,.17380953,.29095238,.32880953,.23071429,.405,.25952381,.18428572,.26619047,.18333334,.39880952,.37952381,.40833333,.38547617,.38023809,.52404761,.45595238,.44214284,.40357143,.41142857,.32119048,.39333335,.44880953,.4302381,.47928572,.56880951,.37333333,.56095237,.52261907,.56095237,.38642856,.43809524,.52190477,.4952381,.31928572,.49619046,.47166666,.29333332,.56833333,.34142858,.41857141,.35571429,.36690477,.42642856,.36595237,.40619048,.285,.27261904,.45285714,.4204762,.48619047,.24571429,.16666667,0,866,Green
874,.2857143,.41142857,.32142857,.37428573,.39285713,.30285713,.2857143,.14285715,.2857143,.32142857,.2857143,.23142858,.25,.26857144,.2857143,.41142857,.26857144,.37428573,.23142858,.39285713,.26857144,.17857143,.37428573,.37428573,.30285713,.17857143,.30285713,.37428573,.39285713,.2857143,.26857144,.17857143,.32142857,.30285713,.26857144,.30571428,.21714285,.17285714,.26428571,.25714287,.2557143,.28857142,.2742857,.26857144,.19285715,.33571428,.2742857,.38428572,.17428571,.22,.19428572,.18285714,.18428572,.24714285,.39142856,.43571427,.21714285,.25142857,.17571428,.22857143,.39142856,.24285714,.36857143,.22714286,.20714286,.22714286,.20285714,.28285715,.38714287,.39571428,.34999999,.32428572,.50142854,.56857145,.34142858,.34999999,.36142856,.38714287,.36571428,.43714285,.38999999,.44999999,.51857144,.31857142,.59428573,.52857143,.50285715,.39428571,.46714285,.43285716,.49714285,.32571429,.44285715,.41714287,.30857143,.57571429,.30000001,.46857142,.32142857,.36142856,.47428572,.33142856,.33857143,.30285713,.33285713,.33285713,.37,.42714286,.37428573,0,0,874,Neutral
878,.2857143,.39285713,.2857143,.35714287,.35714287,.26857144,.23142858,.14285715,.2857143,.35714287,.2857143,.25,.26857144,.26857144,.30285713,.42857143,.26857144,.37428573,.17857143,.48285714,.2857143,.14285715,.39285713,.39285713,.25,.17857143,.2857143,.35714287,.39285713,.23142858,.2857143,.14285715,.35714287,.39285713,.34,.35857144,.36714286,.18000001,.21571429,.24142857,.28,.34142858,.31714284,.30285713,.28857142,.38428572,.31285715,.41428572,.16857143,.23999999,.18714286,.20428571,.17,.26714286,.43142858,.44285715,.21142857,.32571429,.20714286,.21857142,.49142858,.24428572,.38999999,.24714285,.20428571,.23857144,.20285714,.32428572,.30142859,.34857142,.33000001,.20999999,.46571428,.55285716,.33000001,.25999999,.34714285,.42714286,.22857143,.41428572,.41428572,.42285714,.49714285,.26285714,.57571429,.47142857,.47714287,.30000001,.38714287,.41571429,.46000001,.25142857,.33714285,.35142857,.2742857,.49000001,.19142857,.38999999,.30142859,.25142857,.36714286,.28428572,.29285714,.19857143,.20428571,.28999999,.37285715,.34142858,.32857144,0,0,878,Neutral
875,.35714287,.41142857,.39285713,.42857143,.42857143,.42857143,.26857144,.14285715,.32142857,.41142857,.21428572,.17857143,.19714285,.30285713,.19714285,.39285713,.32142857,.44571429,.19714285,.42857143,.34,.14285715,.39285713,.41142857,.35714287,.14285715,.39285713,.41142857,.42857143,.2857143,.2857143,.16,.41142857,.37428573,.39285713,.32285714,.28285715,.21285714,.20714286,.32714286,.28428572,.2742857,.60000002,.28428572,.23714286,.40000001,.33428571,.39714286,.14285715,.15714286,.24428572,.30571428,.14285715,.41999999,.30714285,.4757143,.21714285,.32571429,.16285715,.29714286,.36571428,.24142857,.51285714,.34714285,.19,.30714285,.21142857,.59285712,.37428573,.39428571,.35142857,.4342857,.5057143,.61142856,.38428572,.37428573,.31428573,.42142856,.26714286,.41142857,.38714287,.39857143,.46857142,.29571429,.57571429,.60571426,.65714288,.28714284,.4342857,.45142856,.55285716,.25999999,.65571427,.37857142,.27000001,.52999997,.47999999,.38142857,.34571427,.43285716,.4942857,.41571429,.35285714,.37714285,.23,.43000001,.38,.41714287,.23142858,1,0,875,Green
873,.30952382,.40523809,.33333334,.38666669,.39285713,.33333334,.26190478,.14285715,.29761904,.36333334,.26190478,.22,.23857144,.28,.26190478,.41095239,.28619048,.39809525,.20238096,.43476191,.29809526,.15476191,.38666666,.39285713,.30333334,.16666667,.32714286,.38095239,.40476191,.26761907,.28,.16047619,.36333334,.35666665,.33380952,.32904762,.28904763,.18857142,.22904763,.2752381,.27333334,.30142856,.39714286,.28523809,.23952381,.37333333,.30714285,.39857143,.16190477,.20571429,.20857143,.23095238,.16571429,.31142858,.37666667,.45142856,.21523809,.30095237,.18190476,.24809524,.41619048,.24285714,.42380953,.27380952,.20047618,.25761905,.20571429,.40000001,.35428572,.37952381,.34380952,.32285714,.49095237,.57761908,.35190478,.32809523,.34095237,.41190475,.28714287,.42095238,.39714286,.42380953,.49476191,.29238096,.58190477,.53523809,.54571432,.32714286,.4295238,.43333334,.50333333,.27904761,.47857141,.38238096,.28428572,.53190476,.32380953,.41333333,.32285714,.34857142,.44523808,.34380952,.32809523,.29285714,.2557143,.35095239,.37428573,.3952381,.31142858,.33333334,0,873,Green
883,.35214287,.42392856,.3757143,.41928571,.42392856,.39749998,.33892858,.19214286,.32142857,.39714289,.3214286,.22785714,.26392859,.33035713,.29928571,.42785716,.27285716,.48678571,.21892858,.47749999,.29428571,.14285715,.39250001,.36178571,.37892857,.16500001,.33035713,.375,.40214285,.28571427,.28571427,.22321428,.39714289,.40178573,.33071429,.41035712,.34321427,.21857142,.36535713,.27178574,.24321428,.30071428,.38892859,.28535715,.25678572,.39642859,.35714287,.39964285,.17678571,.19214284,.20321429,.26964286,.20428571,.30964285,.39464283,.46892858,.21464285,.33928573,.19071428,.3142857,.42321429,.29107141,.4367857,.30535716,.21428572,.29285714,.20571429,.43821427,.40500003,.375,.40928572,.38785714,.57928574,.56,.48928571,.38642859,.44678572,.43964285,.31857145,.44178569,.47,.50999999,.58714283,.41785714,.6257143,.57357144,.56928575,.41535714,.46928573,.55142856,.52714288,.35107142,.57749999,.50285715,.33749998,.59857142,.40142858,.44392857,.33714285,.3075,.47,.3775,.41178572,.34999999,.27857143,.42035717,.42678571,.47964284,.30142856,1,0,883,Green
889,.35214287,.42392856,.3757143,.41928571,.42392856,.39749998,.33892858,.19214286,.32142857,.39714289,.3214286,.22785714,.26392859,.33035713,.29928571,.42785716,.27285716,.48678571,.21892858,.47749999,.29428571,.14285715,.39250001,.36178571,.37892857,.16500001,.33035713,.375,.40214285,.28571427,.28571427,.22321428,.39714289,.40178573,.33071429,.41035712,.34321427,.21857142,.36535713,.27178574,.24321428,.30071428,.38892859,.28535715,.25678572,.39642859,.35714287,.39964285,.17678571,.19214284,.20321429,.26964286,.20428571,.30964285,.39464283,.46892858,.21464285,.33928573,.19071428,.3142857,.42321429,.29107141,.4367857,.30535716,.21428572,.29285714,.20571429,.43821427,.40500003,.375,.40928572,.38785714,.57928574,.56,.48928571,.38642859,.44678572,.43964285,.31857145,.44178569,.47,.50999999,.58714283,.41785714,.6257143,.57357144,.56928575,.41535714,.46928573,.55142856,.52714288,.35107142,.57749999,.50285715,.33749998,.59857142,.40142858,.44392857,.33714285,.3075,.47,.3775,.41178572,.34999999,.27857143,.42035717,.42678571,.47964284,.30142856,1,0,889,Green
888,.30285713,.39285713,.2857143,.37428573,.39285713,.19714285,.23142858,.14285715,.26857144,.32142857,.2857143,.17857143,.21428572,.25,.2857143,.42857143,.23142858,.2857143,.16,.30285713,.23142858,.19714285,.32142857,.37428573,.17857143,.14285715,.30285713,.30285713,.37428573,.26857144,.26857144,.16,.32142857,.25,.2857143,.29714286,.39857143,.20142858,.33000001,.34999999,.24714285,.36571428,.45714286,.30000001,.25428572,.30714285,.32285714,.42571428,.21142857,.27714285,.24857143,.21571429,.23714286,.26857144,.38999999,.37571427,.23285714,.29285714,.21571429,.24571429,.56714284,.27000001,.38571429,.26857144,.23999999,.26285714,.20999999,.33714285,.48142856,.47857141,.49142858,.35714287,.51857144,.46000001,.45428571,.41428572,.45857143,.40571427,.39571428,.50428569,.5,.45285714,.66285712,.41285715,.6185714,.60000002,.60857141,.42428571,.46857142,.52714288,.60000002,.36571428,.35857144,.4642857,.37,.49285713,.33000001,.42428571,.37571427,.38571429,.44571429,.41285715,.38999999,.34428573,.32714286,.38999999,.51142859,.48857144,.39285713,0,0,888,Neutral
877,.35214287,.42392856,.3757143,.41928571,.42392856,.39749998,.33892858,.19214286,.32142857,.39714289,.3214286,.22785714,.26392859,.33035713,.29928571,.42785716,.27285716,.48678571,.21892858,.47749999,.29428571,.14285715,.39250001,.36178571,.37892857,.16500001,.33035713,.375,.40214285,.28571427,.28571427,.22321428,.39714289,.40178573,.33071429,.41035712,.34321427,.21857142,.36535713,.27178574,.24321428,.30071428,.38892859,.28535715,.25678572,.39642859,.35714287,.39964285,.17678571,.19214284,.20321429,.26964286,.20428571,.30964285,.39464283,.46892858,.21464285,.33928573,.19071428,.3142857,.42321429,.29107141,.4367857,.30535716,.21428572,.29285714,.20571429,.43821427,.40500003,.375,.40928572,.38785714,.57928574,.56,.48928571,.38642859,.44678572,.43964285,.31857145,.44178569,.47,.50999999,.58714283,.41785714,.6257143,.57357144,.56928575,.41535714,.46928573,.55142856,.52714288,.35107142,.57749999,.50285715,.33749998,.59857142,.40142858,.44392857,.33714285,.3075,.47,.3775,.41178572,.34999999,.27857143,.42035717,.42678571,.47964284,.30142856,1,0,877,Green
885,.3709524,.48095238,.4107143,.42063493,.43976191,.27285716,.23920636,.1704762,.36428571,.4204762,.32214287,.22333334,.23230159,.33698413,.34333333,.43650794,.37214285,.39674604,.23515873,.39888889,.37880951,.18746032,.35404763,.42571428,.25992066,.23023809,.44880953,.43253967,.47904763,.31063491,.32031748,.21000001,.40492064,.31833333,.4065873,.40603176,.38674605,.19293651,.26539683,.26571429,.30158728,.38579366,.49571428,.2923016,.2873016,.39063492,.34126985,.48071429,.15261905,.17857143,.2131746,.28007936,.18412699,.33944446,.39404762,.41674602,.1952381,.32936507,.18682539,.28547618,.33412698,.28023809,.46158731,.30206349,.21595238,.34642857,.20119047,.45690477,.3929365,.37944445,.35563493,.44365078,.52444446,.43722221,.37539682,.33825397,.34571427,.46920636,.27888888,.48039681,.375873,.45166665,.56682539,.33912697,.42492065,.49420634,.48888889,.37301588,.37555555,.50166667,.45825398,.29579365,.45753968,.43801588,.36238095,.44023809,.46214285,.44198412,.34698412,.33095238,.33992064,.40563491,.36952382,.28388888,.25920635,.36428571,.40285712,.44825399,.37698412,0,.16666667,885,Brown
887,.2857143,.34,.2857143,.32142857,.32142857,.32142857,.32142857,.21428572,.25,.32142857,.23142858,.14285715,.23142858,.25,.17857143,.37428573,.26857144,.4642857,.17857143,.41142857,.26857144,.14285715,.44571429,.30285713,.30285713,.16,.30285713,.34,.37428573,.26857144,.17857143,.14285715,.39285713,.30285713,.19714285,.40714285,.34,.20999999,.24285714,.36285713,.27285713,.27000001,.47428572,.22714286,.27142859,.37857142,.2857143,.40000001,.17714286,.17142858,.20285714,.19571428,.18571429,.2557143,.30000001,.34999999,.21285714,.30428571,.20428571,.24857143,.33285713,.26285714,.39428571,.31142858,.22571428,.26428571,.20714286,.42428571,.24285714,.30000001,.28714284,.26857144,.41857144,.39428571,.32857144,.2857143,.28857142,.28857142,.21571429,.38428572,.25999999,.30857143,.50285715,.28142858,.43000001,.42714286,.42571428,.31428573,.34857142,.34999999,.39857143,.27571428,.47857141,.37428573,.25,.50142854,.29857144,.29428571,.25857142,.23571429,.25999999,.29571429,.32285714,.28428572,.20714286,.28999999,.34428573,.29285714,.18857142,0,0,887,Neutral
868,.35214287,.42392856,.3757143,.41928571,.42392856,.39749998,.33892858,.19214286,.32142857,.39714289,.3214286,.22785714,.26392859,.33035713,.29928571,.42785716,.27285716,.48678571,.21892858,.47749999,.29428571,.14285715,.39250001,.36178571,.37892857,.16500001,.33035713,.375,.40214285,.28571427,.28571427,.22321428,.39714289,.40178573,.33071429,.41035712,.34321427,.21857142,.36535713,.27178574,.24321428,.30071428,.38892859,.28535715,.25678572,.39642859,.35714287,.39964285,.17678571,.19214284,.20321429,.26964286,.20428571,.30964285,.39464283,.46892858,.21464285,.33928573,.19071428,.3142857,.42321429,.29107141,.4367857,.30535716,.21428572,.29285714,.20571429,.43821427,.40500003,.375,.40928572,.38785714,.57928574,.56,.48928571,.38642859,.44678572,.43964285,.31857145,.44178569,.47,.50999999,.58714283,.41785714,.6257143,.57357144,.56928575,.41535714,.46928573,.55142856,.52714288,.35107142,.57749999,.50285715,.33749998,.59857142,.40142858,.44392857,.33714285,.3075,.47,.3775,.41178572,.34999999,.27857143,.42035717,.42678571,.47964284,.30142856,1,0,868,Green
